"key","scientificName","decimalLatitude","decimalLongitude","issues","datasetKey","publishingOrgKey","installationKey","hostingOrganizationKey","publishingCountry","protocol","lastCrawled","lastParsed","crawlId","basisOfRecord","occurrenceStatus","taxonKey","kingdomKey","phylumKey","classKey","orderKey","familyKey","genusKey","speciesKey","acceptedTaxonKey","acceptedScientificName","kingdom","phylum","order","family","genus","species","genericName","specificEpithet","taxonRank","taxonomicStatus","iucnRedListCategory","dateIdentified","coordinateUncertaintyInMeters","continent","stateProvince","year","month","day","eventDate","startDayOfYear","endDayOfYear","modified","lastInterpreted","references","license","isSequenced","identifier","facts","relations","isInCluster","datasetName","recordedBy","identifiedBy","geodeticDatum","class","countryCode","recordedByIDs","identifiedByIDs","gbifRegion","country","publishedByGbifRegion","rightsHolder","identifier.1","informationWithheld","http...unknown.org.nick","verbatimEventDate","collectionCode","gbifID","occurrenceID","taxonID","catalogNumber","institutionCode","eventTime","http...unknown.org.captive","identificationID","name","verbatimLocality","elevation","institutionKey","collectionKey","otherCatalogNumbers","recordNumber","habitat","http...unknown.org.recordID","locality","rights","occurrenceRemarks","http...unknown.org.recordEnteredBy","higherClassification","collectionID","networkKeys","institutionID","municipality","fieldNotes","individualCount","higherGeography","eventRemarks","nomenclaturalCode","associatedOccurrences","verbatimElevation","reproductiveCondition","dynamicProperties","gadm","preparations","disposition","ownerInstitutionCode","lifeStage","elevationAccuracy","language","type","island","georeferencedDate","georeferenceProtocol","georeferenceSources","associatedTaxa","county","islandGroup","distanceFromCentroidInMeters","typeStatus","fieldNumber","infraspecificEpithet","typifiedName","recordedByIDs.type","recordedByIDs.value","identificationRemarks","locationRemarks","datasetID","eventID","media_url"
"2270557944","Eugenia domingensis O.Berg",17.998611,-71.222222,"cdc,gass84,preneglat,rdativ,colmafu,inmafu","e05fd4c2-4d77-4c50-880e-1b22096af300","814cdfb5-d4f8-4453-815f-ea5df98e76bf","ac2ad091-91eb-482d-a73f-061744da5dbf","96710dc8-fecb-440d-ae3e-c34ae8a9616f","US","DWC_ARCHIVE","2024-08-01T19:50:53.747+00:00","2024-08-01T20:02:16.052+00:00",276,"PRESERVED_SPECIMEN","PRESENT",5417472,6,7707728,220,690,5014,3177662,5417472,5417472,"Eugenia domingensis O.Berg","Plantae","Tracheophyta","Myrtales","Myrtaceae","Eugenia","Eugenia domingensis","Eugenia","domingensis","SPECIES","ACCEPTED","NE",NA,NA,"NORTH_AMERICA","Barahona",2009,5,29,"2009-05-29",149,149,"2023-07-16T07:02:03.000+00:00","2024-08-01T20:02:16.052+00:00","https://swbiodiversity.org/seinet/collections/individual/index.php?occid=3101172","http://creativecommons.org/licenses/by/4.0/",FALSE,"3101172","none","none",TRUE,NA,"E. J. Lucas; A. C. Araujo, T. Ulian, T. Clase, J. Coronado, W. Agramonte",NA,"WGS84","Magnoliopsida","DO","none","none","LATIN_AMERICA","Dominican Republic","NORTH_AMERICA",NA,"3101172",NA,NA,NA,"Plants","2270557944","f3655988-818c-4614-bd6f-007523da4800","47811","ASU0057285","ASU",NA,NA,NA,"Eugenia domingensis O.Berg",NA,920,"530c45d0-e0f7-401d-b3f6-34f58482c485","0bbd7d8f-706c-4e2a-9505-58b142356450","278044","1127","Remnant of cloud forest, much disturbed.","f3655988-818c-4614-bd6f-007523da4800","Sierra de Baoruco, Mun. Paraiso, seccion o paroje La Vivora.","http://creativecommons.org/licenses/by-nc/3.0/","Material coletado en silica.; Tree to 10 m, buds green.","alorozco","Plantae|Spermatophyta|Tracheophyta|Magnoliophyta|Eudicots|Core Eudicots|Malvids|Rosids|Myrtales|Myrtaceae|Eugenia","a2e32c87-d320-4a01-bafd-a9182ae2e191",NA,NA,NA,NA,NA,NA,NA,NA,NA,NA,NA,NA,NA,NA,NA,NA,NA,NA,NA,NA,NA,NA,NA,NA,NA,NA,NA,NA,NA,NA,NA,NA,NA,NA,NA,NA,NA,NA,"https://swbiodiversity.org/imglib/h_seinet/seinet/ASU/ASU0057/ASU0057285_lg.jpg"
"1322444960","Eugenia domingensis O.Berg",18.4506,-66.9044,"gass84,osiic","821cc27a-e3bb-4bc5-ac34-89ada245069d","bc092ff0-02e4-11dc-991f-b8a03c50a862","b2ff19b5-d74f-40d2-82f1-ec5db01e8e31","bc092ff0-02e4-11dc-991f-b8a03c50a862","US","EML","2024-08-02T10:48:24.215+00:00","2024-08-02T12:40:14.233+00:00",403,"PRESERVED_SPECIMEN","PRESENT",5417472,6,7707728,220,690,5014,3177662,5417472,5417472,"Eugenia domingensis O.Berg","Plantae","Tracheophyta","Myrtales","Myrtaceae","Eugenia","Eugenia domingensis","Eugenia","domingensis","SPECIES","ACCEPTED","NE",NA,NA,"NORTH_AMERICA","Quebradillas",2009,6,18,"2009-06-18",169,169,"2022-11-02T13:41:00.000+00:00","2024-08-02T12:40:14.233+00:00",NA,"http://creativecommons.org/licenses/by/4.0/",FALSE,"http://n2t.net/ark:/65665/3e7ea63d1-0ea1-469d-aba1-ad8b314a95cd","none","none",FALSE,"NMNH Extant Biology","F. S. Axelrod, M. Vives & W. Hernández",NA,"WGS84","Magnoliopsida","PR","none","none","LATIN_AMERICA","Puerto Rico","NORTH_AMERICA",NA,"http://n2t.net/ark:/65665/3e7ea63d1-0ea1-469d-aba1-ad8b314a95cd",NA,NA,NA,"US","1322444960","http://n2t.net/ark:/65665/3e7ea63d1-0ea1-469d-aba1-ad8b314a95cd",NA,"US 3627651","US",NA,NA,NA,"Eugenia domingensis O.Berg",NA,125,"be5b9c72-e499-42b8-a5dc-c27505cf232e","151c91ba-a521-4735-8c11-5abf8db7fb67",NA,"14254","Strip in sidewalk.",NA,"Bo. Cocos, residential street off Camino Arca de Noé.",NA,NA,NA,"Plantae, Dicotyledonae, Myrtales, Myrtaceae, Myrtoideae","urn:uuid:60e28f81-e634-4869-aa3e-732caed713c8","99d66b6c-9087-452f-a9d4-f15f2c2d0e7e","urn:lsid:biocol.org:col:15463",NA,NA,1,"West Indies - Neotropics, Puerto Rico, Quebradillas",NA,NA,NA,NA,NA,NA,NA,NA,NA,NA,NA,NA,NA,NA,NA,NA,NA,NA,NA,NA,NA,NA,NA,NA,NA,NA,NA,NA,NA,NA,NA,NA,"http://n2t.net/ark:/65665/m3de6e0886-ff8f-4200-aeb3-4c2e5e3fb5e9"
"1451071650","Eugenia domingensis O.Berg",18.450556,-66.904445,"cdc,cdround,gass84,incomis,inmafu","cd6e21c8-9e8a-493a-8a76-fbf7862069e5","061b4f20-f241-11da-a328-b8a03c50a862","996e30f8-f762-11e1-a439-00145eb45e9a","061b4f20-f241-11da-a328-b8a03c50a862","GB","DWC_ARCHIVE","2024-08-02T00:36:44.166+00:00","2024-08-02T01:15:40.383+00:00",407,"PRESERVED_SPECIMEN","PRESENT",5417472,6,7707728,220,690,5014,3177662,5417472,5417472,"Eugenia domingensis O.Berg","Plantae","Tracheophyta","Myrtales","Myrtaceae","Eugenia","Eugenia domingensis","Eugenia","domingensis","SPECIES","ACCEPTED","NE",NA,NA,"NORTH_AMERICA",NA,2003,7,12,"2003-07-12T00:00",193,193,NA,"2024-08-02T01:15:40.383+00:00",NA,"http://creativecommons.org/licenses/by/4.0/",FALSE,"K001002497","none","none",TRUE,NA,"Trejo-Torres, J.C.; Vives, P.; Camacho, A.M.; Caraballo, M.",NA,"WGS84","Magnoliopsida","PR","none","none","LATIN_AMERICA","Puerto Rico","EUROPE",NA,"K001002497",NA,NA,NA,"Herbarium","1451071650","http://specimens.kew.org/herbarium/K001002497",NA,"K001002497","K",NA,NA,NA,"Eugenia domingensis O.Berg",NA,142,"fa252605-26f6-426c-9892-94d071c2c77f",NA,NA,"2326","In front of a house",NA,"Bo. San Antonio, Road 482, km 1, one block from Arca de Noe Zoo.",NA,NA,NA,"Myrtaceae",NA,"17abcf75-2f1e-46dd-bf75-a5b21dd02655",NA,NA,NA,NA,NA,"Large, old tree. 14 m, flowering.",NA,NA,NA,NA,NA,NA,NA,NA,NA,NA,NA,NA,NA,NA,NA,NA,NA,NA,NA,NA,NA,NA,NA,NA,NA,NA,NA,NA,NA,NA,NA,"http://d2seqvvyy3b8p2.cloudfront.net/21b09b07f48d5463f4ddcbea6684c221.jpg"
"2514960670","Eugenia domingensis O.Berg",18.4507,-66.90447,"colmafu,inmafu","15f819bd-6612-4447-854b-14d12ee1022d","396d5f30-dea9-11db-8ab4-b8a03c50a862","65eb93af-41b8-4917-a5fc-cfe2a45aa4bf","396d5f30-dea9-11db-8ab4-b8a03c50a862","NL","DWC_ARCHIVE","2024-07-18T22:01:52.868+00:00","2024-07-18T23:54:42.864+00:00",270,"PRESERVED_SPECIMEN","PRESENT",5417472,6,7707728,220,690,5014,3177662,5417472,5417472,"Eugenia domingensis O.Berg","Plantae","Tracheophyta","Myrtales","Myrtaceae","Eugenia","Eugenia domingensis","Eugenia","domingensis","SPECIES","ACCEPTED","NE",NA,NA,"NORTH_AMERICA",NA,2003,7,12,"2003-07-12",193,193,NA,"2024-07-18T23:54:42.864+00:00",NA,"http://creativecommons.org/licenses/by/4.0/",FALSE,"L.3917698@BRAHMS","none","none",TRUE,NA,"Trejo-Torres JC; Vives P; Camacho AM;",NA,"WGS84","Magnoliopsida","PR","none","none","LATIN_AMERICA","Puerto Rico","EUROPE","Naturalis Biodiversity Center","L.3917698@BRAHMS",NA,NA,NA,"Botany","2514960670","https://data.biodiversitydata.nl/naturalis/specimen/L.3917698",NA,"L.3917698",NA,NA,NA,NA,"Eugenia domingensis O.Berg",NA,NA,"0e919a55-08d3-4bd2-aec1-200858fafd92","0add23db-a8f7-4d15-95ad-4ed0c5c8a055",NA,"Trejo-Torres, JC; Vives, P; Camacho, AM; 2326",NA,NA,"Plants of the Northern Karst. ''Ciudadanos del Karso''. Puerto Rico, Isabela, Bo. San Antonio, Road 482, km 1, one block from Arca de Noe Zoo.",NA,NA,NA,"Plantae|Myrtales|Myrtaceae",NA,"17abcf75-2f1e-46dd-bf75-a5b21dd02655","Naturalis Biodiversity Center",NA,NA,NA,NA,NA,"ICN",NA,NA,NA,NA,NA,NA,NA,NA,NA,NA,NA,NA,NA,NA,NA,NA,NA,NA,NA,NA,NA,NA,NA,NA,NA,NA,NA,NA,NA,NA,"https://medialib.naturalis.nl/file/id/L.3917698/format/large"
"1846503387","Eugenia domingensis O.Berg",18.332333,-65.7745,"cdc,cudc,gass84,inmafu","3c59bd42-7bfd-421b-8da4-275780390e4c","e1f6195c-b21b-4601-809e-bdf0488ee9a4","ac2ad091-91eb-482d-a73f-061744da5dbf","96710dc8-fecb-440d-ae3e-c34ae8a9616f","US","DWC_ARCHIVE","2024-08-01T23:08:49.360+00:00","2024-08-01T23:10:42.255+00:00",320,"PRESERVED_SPECIMEN","PRESENT",5417472,6,7707728,220,690,5014,3177662,5417472,5417472,"Eugenia domingensis O.Berg","Plantae","Tracheophyta","Myrtales","Myrtaceae","Eugenia","Eugenia domingensis","Eugenia","domingensis","SPECIES","ACCEPTED","NE",NA,NA,"NORTH_AMERICA","Puerto Rico",2001,8,12,"2001-08-12",224,224,"2023-07-16T07:02:03.000+00:00","2024-08-01T23:10:42.255+00:00","https://swbiodiversity.org/seinet/collections/individual/index.php?occid=2055677","http://creativecommons.org/licenses/by/4.0/",FALSE,"2055677","none","none",TRUE,NA,"Andrew Salywon; Neil Snow and Frank Axelrod",NA,"WGS84","Magnoliopsida","PR","none","none","LATIN_AMERICA","Puerto Rico","NORTH_AMERICA",NA,"2055677",NA,NA,NA,NA,"1846503387","5e2913d7-754c-4db4-aa82-2343476fe112","47811","DES00058539","DES",NA,NA,NA,"Eugenia domingensis O.Berg",NA,440,"a8dfdf0d-ceae-466f-ab90-393a0d2319be","baebb418-b4fe-49a5-91d4-4c11d597937f",NA,"1252",NA,"5e2913d7-754c-4db4-aa82-2343476fe112","Puerto Rico, MPIO.  Rio Grande, Caribbean National Forest, Rt. 9966, 0.7 mi W of jct. With Rt. 191, along unmarked trail leading into forest N of road.","http://creativecommons.org/licenses/by-nc/3.0/","Fruits slightly compressed laterally","Joyce","Plantae|Spermatophyta|Tracheophyta|Magnoliophyta|Eudicots|Core Eudicots|Malvids|Rosids|Myrtales|Myrtaceae|Eugenia","edb9860c-c481-4d19-88cc-224a536ebcd4",NA,NA,NA,NA,NA,NA,NA,NA,"herbariumSpecimenDuplicate: https://swbiodiversity.org/seinet/collections/individual/index.php?guid=d9405bc0-b2ad-4a67-ae52-712962e766c3","1443ft.",NA,NA,NA,NA,NA,NA,NA,NA,NA,NA,NA,NA,NA,NA,NA,NA,NA,NA,NA,NA,NA,NA,NA,NA,NA,NA,NA,NA,"https://swbiodiversity.org/imglib/h_seinet/seinet/DES/DES00058/DES00058539_lg.jpg"
"1846503676","Eugenia domingensis O.Berg",18.298333,-65.79,"cdc,cudc,gass84,rdatm,inmafu","3c59bd42-7bfd-421b-8da4-275780390e4c","e1f6195c-b21b-4601-809e-bdf0488ee9a4","ac2ad091-91eb-482d-a73f-061744da5dbf","96710dc8-fecb-440d-ae3e-c34ae8a9616f","US","DWC_ARCHIVE","2024-08-01T23:08:49.360+00:00","2024-08-01T23:10:26.749+00:00",320,"PRESERVED_SPECIMEN","PRESENT",5417472,6,7707728,220,690,5014,3177662,5417472,5417472,"Eugenia domingensis O.Berg","Plantae","Tracheophyta","Myrtales","Myrtaceae","Eugenia","Eugenia domingensis","Eugenia","domingensis","SPECIES","ACCEPTED","NE",NA,NA,"NORTH_AMERICA","Puerto Rico",2001,8,NA,"2001-08",NA,NA,"2023-07-16T07:02:03.000+00:00","2024-08-01T23:10:26.749+00:00","https://swbiodiversity.org/seinet/collections/individual/index.php?occid=2055990","http://creativecommons.org/licenses/by/4.0/",FALSE,"2055990","none","none",FALSE,NA,"Andrew Salywon; Neil Snow & Frank Axelrod",NA,"WGS84","Magnoliopsida","PR","none","none","LATIN_AMERICA","Puerto Rico","NORTH_AMERICA",NA,"2055990",NA,NA,NA,NA,"1846503676","8d710371-6710-46d8-91ef-984b03862174","47811","DES00058909","DES",NA,NA,NA,"Eugenia domingensis O.Berg",NA,784,"a8dfdf0d-ceae-466f-ab90-393a0d2319be","baebb418-b4fe-49a5-91d4-4c11d597937f",NA,"1256",NA,"8d710371-6710-46d8-91ef-984b03862174","MPIO. Rio Grande, Caribbean National Forest, Mt. Britton, Vereda trail, vicinity of lookout tower and adjacent ridgelines.","http://creativecommons.org/licenses/by-nc/3.0/",NA,"lois","Plantae|Spermatophyta|Tracheophyta|Magnoliophyta|Eudicots|Core Eudicots|Malvids|Rosids|Myrtales|Myrtaceae|Eugenia","edb9860c-c481-4d19-88cc-224a536ebcd4",NA,NA,NA,NA,NA,NA,NA,NA,NA,"2575ft.",NA,NA,NA,NA,NA,NA,NA,NA,NA,NA,NA,NA,NA,NA,NA,NA,NA,NA,NA,NA,NA,NA,NA,NA,NA,NA,NA,NA,"https://swbiodiversity.org/imglib/h_seinet/seinet/DES/DES00058/DES00058909_lg.jpg"
"2270675159","Eugenia domingensis O.Berg",18.0525,-65.8797,"cdc,gass84,colmafu,inmafu","e05fd4c2-4d77-4c50-880e-1b22096af300","814cdfb5-d4f8-4453-815f-ea5df98e76bf","ac2ad091-91eb-482d-a73f-061744da5dbf","96710dc8-fecb-440d-ae3e-c34ae8a9616f","US","DWC_ARCHIVE","2024-08-01T19:50:53.747+00:00","2024-08-01T20:02:05.748+00:00",276,"PRESERVED_SPECIMEN","PRESENT",5417472,6,7707728,220,690,5014,3177662,5417472,5417472,"Eugenia domingensis O.Berg","Plantae","Tracheophyta","Myrtales","Myrtaceae","Eugenia","Eugenia domingensis","Eugenia","domingensis","SPECIES","ACCEPTED","NE",NA,NA,"NORTH_AMERICA",NA,1999,7,5,"1999-07-05",186,186,"2023-07-16T07:02:03.000+00:00","2024-08-01T20:02:05.748+00:00","https://swbiodiversity.org/seinet/collections/individual/index.php?occid=762559","http://creativecommons.org/licenses/by/4.0/",FALSE,"762559","none","none",FALSE,NA,"Andrew Salywon; F. Axelrod, D. Seigler",NA,"WGS84","Magnoliopsida","PR","none","none","LATIN_AMERICA","Puerto Rico","NORTH_AMERICA",NA,"762559",NA,NA,NA,"Plants","2270675159","2628d4c6-8134-47aa-afd0-d6874c390a09","47811","ASU0009968","ASU",NA,NA,NA,"Eugenia domingensis O.Berg",NA,NA,"530c45d0-e0f7-401d-b3f6-34f58482c485","0bbd7d8f-706c-4e2a-9505-58b142356450","239965","800","Costal scrub forest.","2628d4c6-8134-47aa-afd0-d6874c390a09","Mpio. de Yabucoa. Barrio Playa. Punta Guayanes, west corner of Palmas Drive and Shell Castle.","http://creativecommons.org/licenses/by-nc/3.0/","Coor from www.fallingrain.com/world; Tree 3.5m tall.","marisin","Plantae|Spermatophyta|Tracheophyta|Magnoliophyta|Eudicots|Core Eudicots|Malvids|Rosids|Myrtales|Myrtaceae|Eugenia","a2e32c87-d320-4a01-bafd-a9182ae2e191",NA,NA,NA,NA,NA,NA,NA,NA,NA,NA,NA,"Tree 3.5 m tall.",NA,NA,NA,NA,NA,NA,NA,NA,NA,NA,NA,NA,NA,NA,NA,NA,NA,NA,NA,NA,NA,NA,NA,NA,NA,NA,"https://swbiodiversity.org/imglib/h_seinet/seinet/ASU/ASU0009/ASU0009968_lg.jpg"
"2270674123","Eugenia domingensis O.Berg",18.7533,-70.7083,"cdc,gass84,colmafu,inmafu","e05fd4c2-4d77-4c50-880e-1b22096af300","814cdfb5-d4f8-4453-815f-ea5df98e76bf","ac2ad091-91eb-482d-a73f-061744da5dbf","96710dc8-fecb-440d-ae3e-c34ae8a9616f","US","DWC_ARCHIVE","2024-08-01T19:50:53.747+00:00","2024-08-01T20:02:05.632+00:00",276,"PRESERVED_SPECIMEN","PRESENT",5417472,6,7707728,220,690,5014,3177662,5417472,5417472,"Eugenia domingensis O.Berg","Plantae","Tracheophyta","Myrtales","Myrtaceae","Eugenia","Eugenia domingensis","Eugenia","domingensis","SPECIES","ACCEPTED","NE",NA,NA,"NORTH_AMERICA","Puerto Plata",1997,10,14,"1997-10-14",287,287,"2023-07-16T07:02:03.000+00:00","2024-08-01T20:02:05.632+00:00","https://swbiodiversity.org/seinet/collections/individual/index.php?occid=762567","http://creativecommons.org/licenses/by/4.0/",FALSE,"762567","none","none",FALSE,NA,"F. Jimenez; A. Veloz.",NA,"WGS84","Magnoliopsida","DO","none","none","LATIN_AMERICA","Dominican Republic","NORTH_AMERICA",NA,"762567",NA,NA,NA,"Plants","2270674123","ccf9c960-af32-4074-b2bb-7ec0b82129f9","47811","ASU0009978","ASU",NA,NA,NA,"Eugenia domingensis O.Berg",NA,NA,"530c45d0-e0f7-401d-b3f6-34f58482c485","0bbd7d8f-706c-4e2a-9505-58b142356450","255243","2427","Areas verdes.","ccf9c960-af32-4074-b2bb-7ec0b82129f9","Cordillera Septentrional: En la cima de la loma Isabel de Torres.","http://creativecommons.org/licenses/by-nc/3.0/","Arbolito de 5m, fruto rojo cuando maduro.","marisin","Plantae|Spermatophyta|Tracheophyta|Magnoliophyta|Eudicots|Core Eudicots|Malvids|Rosids|Myrtales|Myrtaceae|Eugenia","a2e32c87-d320-4a01-bafd-a9182ae2e191",NA,NA,NA,NA,NA,NA,NA,NA,NA,NA,"fruit",NA,NA,NA,NA,NA,NA,NA,NA,NA,NA,NA,NA,NA,NA,NA,NA,NA,NA,NA,NA,NA,NA,NA,NA,NA,NA,NA,"https://swbiodiversity.org/imglib/h_seinet/seinet/ASU/ASU0009/ASU0009978_lg.jpg"
"1928956621","Eugenia domingensis O.Berg",19.1,-70.62,"gass84,mdativ","d415c253-4d61-4459-9d25-4015b9084fb0","ae447c50-b8a8-11d8-92a4-b8a03c50a862","17017c2c-036b-45d9-b045-606d21b00771","ae447c50-b8a8-11d8-92a4-b8a03c50a862","US","EML","2024-07-21T04:09:35.210+00:00","2024-07-21T05:13:47.967+00:00",415,"PRESERVED_SPECIMEN","PRESENT",5417472,6,7707728,220,690,5014,3177662,5417472,5417472,"Eugenia domingensis O.Berg","Plantae","Tracheophyta","Myrtales","Myrtaceae","Eugenia","Eugenia domingensis","Eugenia","domingensis","SPECIES","ACCEPTED","NE",NA,NA,"NORTH_AMERICA","La Vega",1992,5,30,"1992-05-30",151,151,NA,"2024-07-21T05:13:47.967+00:00","http://sweetgum.nybg.org/science/vh/specimen_details.php?irn=1679622","http://creativecommons.org/licenses/by/4.0/",FALSE,"54140809-7382-499f-9169-ec3cf68bf231","none","none",FALSE,"Vascular plants","T. A. Zanoni",NA,"WGS84","Magnoliopsida","DO","none","none","LATIN_AMERICA","Dominican Republic","NORTH_AMERICA","The New York Botanical Garden","54140809-7382-499f-9169-ec3cf68bf231",NA,NA,"30 May 1992","NY","1928956621","54140809-7382-499f-9169-ec3cf68bf231",NA,"1435739","NY",NA,NA,NA,"Eugenia domingensis O.Berg",NA,NA,"ab83e5ab-f4f7-4c9b-a1d5-eb779dfb9377","b2190553-4505-4fdd-8fff-065c8ca26f72",NA,"46227",NA,NA,"Cordillera Central: 6 Km al S de Jaabacoa en la carretera a El Rio (de Constanza), en poblado rural ""El Salto de Jimenoa"", orilla de la carretera.",NA,NA,NA,NA,"http://biocol.org/urn:lsid:biocol.org:col:15556",NA,"http://biocol.org/urn:lsid:biocol.org:col:15556",NA,NA,NA,NA,NA,"ICN",NA,"2133-2297 ft",NA,NA,NA,"sheet",NA,NA,NA,NA,"en","PhysicalObject",NA,NA,NA,NA,NA,NA,NA,NA,NA,NA,NA,NA,NA,NA,NA,NA,NA,NA,"http://sweetgum.nybg.org/images3/478/013/v-247-01435739.jpg"
"1928280514","Eugenia domingensis O.Berg",18.254876,-65.793511,"mdativ","d415c253-4d61-4459-9d25-4015b9084fb0","ae447c50-b8a8-11d8-92a4-b8a03c50a862","17017c2c-036b-45d9-b045-606d21b00771","ae447c50-b8a8-11d8-92a4-b8a03c50a862","US","EML","2024-07-21T04:09:35.210+00:00","2024-07-21T05:13:24.495+00:00",415,"PRESERVED_SPECIMEN","PRESENT",5417472,6,7707728,220,690,5014,3177662,5417472,5417472,"Eugenia domingensis O.Berg","Plantae","Tracheophyta","Myrtales","Myrtaceae","Eugenia","Eugenia domingensis","Eugenia","domingensis","SPECIES","ACCEPTED","NE",NA,NA,"NORTH_AMERICA","Naguabo",1991,11,11,"1991-11-11",315,315,NA,"2024-07-21T05:13:24.495+00:00","http://sweetgum.nybg.org/science/vh/specimen_details.php?irn=1011895","http://creativecommons.org/licenses/by/4.0/",FALSE,"241f4dfa-bb39-4330-a5cb-4efd01df6751","none","none",FALSE,"Vascular plants","F. S. Axelrod",NA,"WGS84","Magnoliopsida","PR","none","none","LATIN_AMERICA","Puerto Rico","NORTH_AMERICA","The New York Botanical Garden","241f4dfa-bb39-4330-a5cb-4efd01df6751",NA,NA,"11 Nov 1991","NY","1928280514","241f4dfa-bb39-4330-a5cb-4efd01df6751",NA,"946188","NY",NA,NA,NA,"Eugenia domingensis O.Berg",NA,NA,"ab83e5ab-f4f7-4c9b-a1d5-eb779dfb9377","b2190553-4505-4fdd-8fff-065c8ca26f72",NA,"3219","River bank and stream bed in wet mountain forest.",NA,"Bo. Río Blanco, Caribbean National Forest, along 1 km stretch up Río Sabana S of closed portion of Rt 191.",NA,NA,NA,NA,"http://biocol.org/urn:lsid:biocol.org:col:15556",NA,"http://biocol.org/urn:lsid:biocol.org:col:15556",NA,NA,NA,NA,NA,"ICN",NA,"1575-1804 ft",NA,NA,NA,"sheet",NA,NA,NA,NA,"en","PhysicalObject",NA,"2010-03-26","Online gazetteer","USGS Geographic Names Information System (GNIS), Google Earth (map data 2010)",NA,NA,NA,NA,NA,NA,NA,NA,NA,NA,NA,NA,NA,NA,"http://sweetgum.nybg.org/images3/189/437/v-247-00946188.jpg"
"1931076915","Eugenia domingensis O.Berg",18.08,-71.13,"gass84,mdativ","d415c253-4d61-4459-9d25-4015b9084fb0","ae447c50-b8a8-11d8-92a4-b8a03c50a862","17017c2c-036b-45d9-b045-606d21b00771","ae447c50-b8a8-11d8-92a4-b8a03c50a862","US","EML","2024-07-21T04:09:35.210+00:00","2024-07-21T05:16:22.471+00:00",415,"PRESERVED_SPECIMEN","PRESENT",5417472,6,7707728,220,690,5014,3177662,5417472,5417472,"Eugenia domingensis O.Berg","Plantae","Tracheophyta","Myrtales","Myrtaceae","Eugenia","Eugenia domingensis","Eugenia","domingensis","SPECIES","ACCEPTED","NE",NA,NA,"NORTH_AMERICA","Barahona",1990,6,9,"1990-06-09",160,160,NA,"2024-07-21T05:16:22.471+00:00","http://sweetgum.nybg.org/science/vh/specimen_details.php?irn=1679660","http://creativecommons.org/licenses/by/4.0/",FALSE,"ea0da65e-3c80-417a-b327-754130d7700c","none","none",FALSE,"Vascular plants","T. A. Zanoni",NA,"WGS84","Magnoliopsida","DO","none","none","LATIN_AMERICA","Dominican Republic","NORTH_AMERICA","The New York Botanical Garden","ea0da65e-3c80-417a-b327-754130d7700c",NA,NA,"09 Jun 1990","NY","1931076915","ea0da65e-3c80-417a-b327-754130d7700c",NA,"1435777","NY",NA,NA,NA,"Eugenia domingensis O.Berg",NA,NA,"ab83e5ab-f4f7-4c9b-a1d5-eb779dfb9377","b2190553-4505-4fdd-8fff-065c8ca26f72",NA,"44429",NA,NA,"Sierra de Baoruco: Rio Bahoruco (prox. poblado del mismo nombre), aprox 1.5-2 Km al interior (subiendo el rio) desde la carretera costera de Barahona-Paraiso.",NA,NA,NA,NA,"http://biocol.org/urn:lsid:biocol.org:col:15556",NA,"http://biocol.org/urn:lsid:biocol.org:col:15556",NA,NA,NA,NA,NA,"ICN",NA,"49-66 ft",NA,NA,NA,"sheet",NA,NA,NA,NA,"en","PhysicalObject",NA,NA,NA,NA,NA,NA,NA,NA,NA,NA,NA,NA,NA,NA,NA,NA,NA,NA,"http://sweetgum.nybg.org/images3/478/051/v-247-01435777.jpg"
"2270672842","Eugenia domingensis O.Berg",19.3,-71.15,"cdc,gass84,colmafu,inmafu","e05fd4c2-4d77-4c50-880e-1b22096af300","814cdfb5-d4f8-4453-815f-ea5df98e76bf","ac2ad091-91eb-482d-a73f-061744da5dbf","96710dc8-fecb-440d-ae3e-c34ae8a9616f","US","DWC_ARCHIVE","2024-08-01T19:50:53.747+00:00","2024-08-01T20:02:05.681+00:00",276,"PRESERVED_SPECIMEN","PRESENT",5417472,6,7707728,220,690,5014,3177662,5417472,5417472,"Eugenia domingensis O.Berg","Plantae","Tracheophyta","Myrtales","Myrtaceae","Eugenia","Eugenia domingensis","Eugenia","domingensis","SPECIES","ACCEPTED","NE",NA,NA,"NORTH_AMERICA","Santiago",1988,5,25,"1988-05-25",146,146,"2023-07-16T07:02:03.000+00:00","2024-08-01T20:02:05.681+00:00","https://swbiodiversity.org/seinet/collections/individual/index.php?occid=762562","http://creativecommons.org/licenses/by/4.0/",FALSE,"762562","none","none",TRUE,NA,"T. Zanoni; R. Garcia, A. Cabral",NA,"WGS84","Magnoliopsida","DO","none","none","LATIN_AMERICA","Dominican Republic","NORTH_AMERICA",NA,"762562",NA,NA,NA,"Plants","2270672842","7733d5d5-ddba-4d21-895f-c01ab824f1dc","47811","ASU0009966","ASU",NA,NA,NA,"Eugenia domingensis O.Berg",NA,NA,"530c45d0-e0f7-401d-b3f6-34f58482c485","0bbd7d8f-706c-4e2a-9505-58b142356450","165648","41171","En un conuco dentro de una zona de pinares.","7733d5d5-ddba-4d21-895f-c01ab824f1dc","Cordillera Central: en Los Ramones (al S-Soeste de El Rubio): en la poblacion rural.","http://creativecommons.org/licenses/by-nc/3.0/","Arbol 6-7m; flores en boton.","marisin","Plantae|Spermatophyta|Tracheophyta|Magnoliophyta|Eudicots|Core Eudicots|Malvids|Rosids|Myrtales|Myrtaceae|Eugenia","a2e32c87-d320-4a01-bafd-a9182ae2e191",NA,NA,NA,NA,NA,NA,NA,NA,NA,NA,"flowers",NA,NA,NA,NA,NA,NA,NA,NA,NA,NA,NA,NA,NA,NA,NA,NA,NA,NA,NA,NA,NA,NA,NA,NA,NA,NA,NA,"https://swbiodiversity.org/imglib/h_seinet/seinet/ASU/ASU0009/ASU0009966a_lg.jpg"
"2515588575","Eugenia domingensis O.Berg",19.3,-71.15,"colmafu,inmafu","15f819bd-6612-4447-854b-14d12ee1022d","396d5f30-dea9-11db-8ab4-b8a03c50a862","65eb93af-41b8-4917-a5fc-cfe2a45aa4bf","396d5f30-dea9-11db-8ab4-b8a03c50a862","NL","DWC_ARCHIVE","2024-07-18T22:01:52.868+00:00","2024-07-18T23:54:58.678+00:00",270,"PRESERVED_SPECIMEN","PRESENT",5417472,6,7707728,220,690,5014,3177662,5417472,5417472,"Eugenia domingensis O.Berg","Plantae","Tracheophyta","Myrtales","Myrtaceae","Eugenia","Eugenia domingensis","Eugenia","domingensis","SPECIES","ACCEPTED","NE",NA,NA,"NORTH_AMERICA",NA,1988,5,25,"1988-05-25",146,146,NA,"2024-07-18T23:54:58.678+00:00",NA,"http://creativecommons.org/licenses/by/4.0/",FALSE,"U.1439310@BRAHMS","none","none",TRUE,NA,"Zanoni TA; García R; Cabral A",NA,"WGS84","Magnoliopsida","DO","none","none","LATIN_AMERICA","Dominican Republic","EUROPE","Naturalis Biodiversity Center","U.1439310@BRAHMS",NA,NA,NA,"Botany","2515588575","https://data.biodiversitydata.nl/naturalis/specimen/U.1439310",NA,"U.1439310",NA,NA,NA,NA,"Eugenia domingensis O.Berg",NA,NA,"0e919a55-08d3-4bd2-aec1-200858fafd92","0add23db-a8f7-4d15-95ad-4ed0c5c8a055",NA,"Zanoni, TA; García, R; Cabral, A 41171",NA,NA,"Cordillera Central: Prov. Santiago: en Los Ramones (al S-SOeste de El Rubio): en poblacion rural, en un conuco dentro de una zona de pinares.",NA,NA,NA,"Plantae|Myrtales|Myrtaceae",NA,"17abcf75-2f1e-46dd-bf75-a5b21dd02655","Naturalis Biodiversity Center",NA,NA,NA,NA,NA,"ICN",NA,NA,NA,NA,NA,NA,NA,NA,NA,NA,NA,NA,NA,NA,NA,NA,NA,NA,NA,NA,NA,NA,NA,NA,NA,NA,NA,NA,NA,NA,"https://medialib.naturalis.nl/file/id/U.1439310/format/large"
"1931167378","Eugenia domingensis O.Berg",18.093467,-66.230561,"mdativ","d415c253-4d61-4459-9d25-4015b9084fb0","ae447c50-b8a8-11d8-92a4-b8a03c50a862","17017c2c-036b-45d9-b045-606d21b00771","ae447c50-b8a8-11d8-92a4-b8a03c50a862","US","EML","2024-07-21T04:09:35.210+00:00","2024-07-21T05:14:43.294+00:00",415,"PRESERVED_SPECIMEN","PRESENT",5417472,6,7707728,220,690,5014,3177662,5417472,5417472,"Eugenia domingensis O.Berg","Plantae","Tracheophyta","Myrtales","Myrtaceae","Eugenia","Eugenia domingensis","Eugenia","domingensis","SPECIES","ACCEPTED","NE",NA,NA,"NORTH_AMERICA",NA,1988,8,4,"1988-08-04",217,217,NA,"2024-07-21T05:14:43.294+00:00","http://sweetgum.nybg.org/science/vh/specimen_details.php?irn=1011896","http://creativecommons.org/licenses/by/4.0/",FALSE,"f089eb46-a48f-4b1d-8eb8-503e1449dd2a","none","none",FALSE,"Vascular plants","C. Taylor",NA,"WGS84","Magnoliopsida","PR","none","none","LATIN_AMERICA","Puerto Rico","NORTH_AMERICA","The New York Botanical Garden","f089eb46-a48f-4b1d-8eb8-503e1449dd2a",NA,NA,"04 Aug 1988","NY","1931167378","f089eb46-a48f-4b1d-8eb8-503e1449dd2a",NA,"946187","NY",NA,NA,NA,"Eugenia domingensis O.Berg",NA,NA,"ab83e5ab-f4f7-4c9b-a1d5-eb779dfb9377","b2190553-4505-4fdd-8fff-065c8ca26f72",NA,"8132","Wet thickets and roadsides.",NA,"Cayey/Salinas, Base of towers on Cerro Las Tetas.",NA,NA,NA,NA,"http://biocol.org/urn:lsid:biocol.org:col:15556",NA,"http://biocol.org/urn:lsid:biocol.org:col:15556",NA,NA,NA,NA,NA,"ICN",NA,NA,NA,NA,NA,"sheet",NA,NA,NA,NA,"en","PhysicalObject",NA,"2009-03-18",NA,"Google Earth",NA,NA,NA,NA,NA,NA,NA,NA,NA,NA,NA,NA,NA,NA,"http://sweetgum.nybg.org/images3/189/436/v-247-00946187.jpg"
"1928339755","Eugenia domingensis O.Berg",18.5,-70.47,"gass84,mdativ","d415c253-4d61-4459-9d25-4015b9084fb0","ae447c50-b8a8-11d8-92a4-b8a03c50a862","17017c2c-036b-45d9-b045-606d21b00771","ae447c50-b8a8-11d8-92a4-b8a03c50a862","US","EML","2024-07-21T04:09:35.210+00:00","2024-07-21T05:13:26.712+00:00",415,"PRESERVED_SPECIMEN","PRESENT",5417472,6,7707728,220,690,5014,3177662,5417472,5417472,"Eugenia domingensis O.Berg","Plantae","Tracheophyta","Myrtales","Myrtaceae","Eugenia","Eugenia domingensis","Eugenia","domingensis","SPECIES","ACCEPTED","NE",NA,NA,"NORTH_AMERICA","Peravia",1987,8,14,"1987-08-14",226,226,NA,"2024-07-21T05:13:26.712+00:00","http://sweetgum.nybg.org/science/vh/specimen_details.php?irn=1679674","http://creativecommons.org/licenses/by/4.0/",FALSE,"2868f0eb-349f-4c50-b672-eee7240f11b4","none","none",TRUE,"Vascular plants","T. A. Zanoni",NA,"WGS84","Magnoliopsida","DO","none","none","LATIN_AMERICA","Dominican Republic","NORTH_AMERICA","The New York Botanical Garden","2868f0eb-349f-4c50-b672-eee7240f11b4",NA,NA,"14 Aug 1987","NY","1928339755","2868f0eb-349f-4c50-b672-eee7240f11b4",NA,"1435791","NY",NA,NA,NA,"Eugenia domingensis O.Berg",NA,NA,"ab83e5ab-f4f7-4c9b-a1d5-eb779dfb9377","b2190553-4505-4fdd-8fff-065c8ca26f72",NA,"40189",NA,NA,"En el seradero de ""Tumbaca"" (de San José de Ocoa) a Loma del Rancho.",NA,NA,NA,NA,"http://biocol.org/urn:lsid:biocol.org:col:15556",NA,"http://biocol.org/urn:lsid:biocol.org:col:15556",NA,NA,NA,NA,NA,"ICN",NA,"1969-2297 ft",NA,NA,NA,"sheet",NA,NA,NA,NA,"en","PhysicalObject",NA,"2014-05-19",NA,"Field book",NA,NA,NA,NA,NA,NA,NA,NA,NA,NA,NA,NA,NA,NA,"http://sweetgum.nybg.org/images3/478/065/v-247-01435791.jpg"
"2270673912","Eugenia domingensis O.Berg",18.7167,-70.9167,"cdc,gass84,colmafu,inmafu","e05fd4c2-4d77-4c50-880e-1b22096af300","814cdfb5-d4f8-4453-815f-ea5df98e76bf","ac2ad091-91eb-482d-a73f-061744da5dbf","96710dc8-fecb-440d-ae3e-c34ae8a9616f","US","DWC_ARCHIVE","2024-08-01T19:50:53.747+00:00","2024-08-01T20:02:05.668+00:00",276,"PRESERVED_SPECIMEN","PRESENT",5417472,6,7707728,220,690,5014,3177662,5417472,5417472,"Eugenia domingensis O.Berg","Plantae","Tracheophyta","Myrtales","Myrtaceae","Eugenia","Eugenia domingensis","Eugenia","domingensis","SPECIES","ACCEPTED","NE",NA,NA,"NORTH_AMERICA","Azua",1987,10,2,"1987-10-02",275,275,"2023-07-16T07:02:03.000+00:00","2024-08-01T20:02:05.668+00:00","https://swbiodiversity.org/seinet/collections/individual/index.php?occid=762560","http://creativecommons.org/licenses/by/4.0/",FALSE,"762560","none","none",TRUE,NA,"R. Garcia; J. Pimentel",NA,"WGS84","Magnoliopsida","DO","none","none","LATIN_AMERICA","Dominican Republic","NORTH_AMERICA",NA,"762560",NA,NA,NA,"Plants","2270673912","66d9d431-974e-4b53-903e-f72ed1d12881","47811","ASU0009964","ASU",NA,NA,NA,"Eugenia domingensis O.Berg",NA,NA,"530c45d0-e0f7-401d-b3f6-34f58482c485","0bbd7d8f-706c-4e2a-9505-58b142356450","225727","2513","Bosque humedo a orillas de un arroyo.","66d9d431-974e-4b53-903e-f72ed1d12881","Cordillera Central, aproximadamente 6 km al SE de Padre Las Casas, en el lugar llamdo Palero.","http://creativecommons.org/licenses/by-nc/3.0/","Arbol de 10m de alto; fruto negro cuando maduro.","marisin","Plantae|Spermatophyta|Tracheophyta|Magnoliophyta|Eudicots|Core Eudicots|Malvids|Rosids|Myrtales|Myrtaceae|Eugenia","a2e32c87-d320-4a01-bafd-a9182ae2e191",NA,NA,NA,NA,NA,NA,NA,NA,NA,NA,"fruit",NA,NA,NA,NA,NA,NA,NA,NA,NA,NA,NA,NA,NA,"ecologicallyOccursWith: Tetragastris|ecologicallyOccursWith: Ficus|ecologicallyOccursWith: Lysiloma",NA,NA,NA,NA,NA,NA,NA,NA,NA,NA,NA,NA,NA,"https://swbiodiversity.org/imglib/h_seinet/seinet/ASU/ASU0009/ASU0009964_lg.jpg"
"2270674286","Eugenia domingensis O.Berg",18.85,-70.6917,"cdc,gass84,colmafu,inmafu","e05fd4c2-4d77-4c50-880e-1b22096af300","814cdfb5-d4f8-4453-815f-ea5df98e76bf","ac2ad091-91eb-482d-a73f-061744da5dbf","96710dc8-fecb-440d-ae3e-c34ae8a9616f","US","DWC_ARCHIVE","2024-08-01T19:50:53.747+00:00","2024-08-01T20:02:05.729+00:00",276,"PRESERVED_SPECIMEN","PRESENT",5417472,6,7707728,220,690,5014,3177662,5417472,5417472,"Eugenia domingensis O.Berg","Plantae","Tracheophyta","Myrtales","Myrtaceae","Eugenia","Eugenia domingensis","Eugenia","domingensis","SPECIES","ACCEPTED","NE",NA,NA,"NORTH_AMERICA","La Vega",1986,1,22,"1986-01-22",22,22,"2023-07-16T07:02:03.000+00:00","2024-08-01T20:02:05.729+00:00","https://swbiodiversity.org/seinet/collections/individual/index.php?occid=762561","http://creativecommons.org/licenses/by/4.0/",FALSE,"762561","none","none",FALSE,NA,"R. Garcia; S. Pelaez",NA,"WGS84","Magnoliopsida","DO","none","none","LATIN_AMERICA","Dominican Republic","NORTH_AMERICA",NA,"762561",NA,NA,NA,"Plants","2270674286","5e2c079b-949b-4b20-9dc2-2b44b04c5464","47811","ASU0009965","ASU",NA,NA,NA,"Eugenia domingensis O.Berg",NA,NA,"530c45d0-e0f7-401d-b3f6-34f58482c485","0bbd7d8f-706c-4e2a-9505-58b142356450","225714","937",NA,"5e2c079b-949b-4b20-9dc2-2b44b04c5464","Cordillera Central: en el poblado El Café, al lado del camino que va a Canelilla.","http://creativecommons.org/licenses/by-nc/3.0/","Arbol, 8m de alto, fruto verde, negro cuando madura.","marisin","Plantae|Spermatophyta|Tracheophyta|Magnoliophyta|Eudicots|Core Eudicots|Malvids|Rosids|Myrtales|Myrtaceae|Eugenia","a2e32c87-d320-4a01-bafd-a9182ae2e191",NA,NA,NA,NA,NA,NA,NA,NA,NA,NA,"fruit",NA,NA,NA,NA,NA,NA,NA,NA,NA,NA,NA,NA,NA,NA,"Constanza",NA,NA,NA,NA,NA,NA,NA,NA,NA,NA,NA,NA,"https://swbiodiversity.org/imglib/h_seinet/seinet/ASU/ASU0009/ASU0009965_lg.jpg"
"1928830620","Eugenia domingensis O.Berg",18.9,-70.77,"gass84,mdativ","d415c253-4d61-4459-9d25-4015b9084fb0","ae447c50-b8a8-11d8-92a4-b8a03c50a862","17017c2c-036b-45d9-b045-606d21b00771","ae447c50-b8a8-11d8-92a4-b8a03c50a862","US","EML","2024-07-21T04:09:35.210+00:00","2024-07-21T05:13:47.063+00:00",415,"PRESERVED_SPECIMEN","PRESENT",5417472,6,7707728,220,690,5014,3177662,5417472,5417472,"Eugenia domingensis O.Berg","Plantae","Tracheophyta","Myrtales","Myrtaceae","Eugenia","Eugenia domingensis","Eugenia","domingensis","SPECIES","ACCEPTED","NE",NA,NA,"NORTH_AMERICA","La Vega",1986,3,7,"1986-03-07",66,66,NA,"2024-07-21T05:13:47.063+00:00","http://sweetgum.nybg.org/science/vh/specimen_details.php?irn=1679641","http://creativecommons.org/licenses/by/4.0/",FALSE,"4b213017-bd86-465b-9928-1f8775443bb4","none","none",TRUE,"Vascular plants","T. A. Zanoni",NA,"WGS84","Magnoliopsida","DO","none","none","LATIN_AMERICA","Dominican Republic","NORTH_AMERICA","The New York Botanical Garden","4b213017-bd86-465b-9928-1f8775443bb4",NA,NA,"07 Mar 1986","NY","1928830620","4b213017-bd86-465b-9928-1f8775443bb4",NA,"1435758","NY",NA,NA,NA,"Eugenia domingensis O.Berg",NA,NA,"ab83e5ab-f4f7-4c9b-a1d5-eb779dfb9377","b2190553-4505-4fdd-8fff-065c8ca26f72",NA,"36315",NA,NA,"en el valle del Rio Grande, aprox. 2 km al suroeste de Constanza",NA,NA,NA,NA,"http://biocol.org/urn:lsid:biocol.org:col:15556",NA,"http://biocol.org/urn:lsid:biocol.org:col:15556",NA,NA,NA,NA,NA,"ICN",NA,"4593 ft",NA,NA,NA,"sheet",NA,NA,NA,NA,"en","PhysicalObject",NA,NA,NA,"Field book",NA,NA,NA,NA,NA,NA,NA,NA,NA,NA,NA,NA,NA,NA,"http://sweetgum.nybg.org/images3/478/032/v-247-01435758.jpg"
"2270674715","Eugenia domingensis O.Berg",19.1,-70.6167,"cdc,gass84,colmafu,inmafu","e05fd4c2-4d77-4c50-880e-1b22096af300","814cdfb5-d4f8-4453-815f-ea5df98e76bf","ac2ad091-91eb-482d-a73f-061744da5dbf","96710dc8-fecb-440d-ae3e-c34ae8a9616f","US","DWC_ARCHIVE","2024-08-01T19:50:53.747+00:00","2024-08-01T20:02:05.682+00:00",276,"PRESERVED_SPECIMEN","PRESENT",5417472,6,7707728,220,690,5014,3177662,5417472,5417472,"Eugenia domingensis O.Berg","Plantae","Tracheophyta","Myrtales","Myrtaceae","Eugenia","Eugenia domingensis","Eugenia","domingensis","SPECIES","ACCEPTED","NE",NA,NA,"NORTH_AMERICA","La Vega",1986,3,20,"1986-03-20",79,79,"2023-07-16T07:02:03.000+00:00","2024-08-01T20:02:05.682+00:00","https://swbiodiversity.org/seinet/collections/individual/index.php?occid=762571","http://creativecommons.org/licenses/by/4.0/",FALSE,"762571","none","none",TRUE,NA,"T. Zanoni; M. Mejia,  R. Garcia.",NA,"WGS84","Magnoliopsida","DO","none","none","LATIN_AMERICA","Dominican Republic","NORTH_AMERICA",NA,"762571",NA,NA,NA,"Plants","2270674715","761510f9-1688-48e8-93e8-a0881604a149","47811","ASU0009974","ASU",NA,NA,NA,"Eugenia domingensis O.Berg",NA,NA,"530c45d0-e0f7-401d-b3f6-34f58482c485","0bbd7d8f-706c-4e2a-9505-58b142356450","153642","36354","Arboles en la orilla de la carretera, campos baldios.","761510f9-1688-48e8-93e8-a0881604a149","Cordillera Cemtral: Aproximadamente 7m al 'sur' de Jarabacoa en la carretera a Paso Bajito y el Rio de Constanza.","http://creativecommons.org/licenses/by-nc/3.0/","Arbol 6m, negrusco o purpura muy oscuro al madurar.","marisin","Plantae|Spermatophyta|Tracheophyta|Magnoliophyta|Eudicots|Core Eudicots|Malvids|Rosids|Myrtales|Myrtaceae|Eugenia","a2e32c87-d320-4a01-bafd-a9182ae2e191",NA,NA,NA,NA,NA,NA,NA,NA,NA,NA,"fruit",NA,NA,NA,NA,NA,NA,NA,NA,NA,NA,NA,NA,NA,NA,NA,NA,NA,NA,NA,NA,NA,NA,NA,NA,NA,NA,NA,"https://swbiodiversity.org/imglib/h_seinet/seinet/ASU/ASU0009/ASU0009974_lg.jpg"
"2517506803","Eugenia domingensis O.Berg",18.9,-70.76667,"colmafu,inmafu","15f819bd-6612-4447-854b-14d12ee1022d","396d5f30-dea9-11db-8ab4-b8a03c50a862","65eb93af-41b8-4917-a5fc-cfe2a45aa4bf","396d5f30-dea9-11db-8ab4-b8a03c50a862","NL","DWC_ARCHIVE","2024-07-18T22:01:52.868+00:00","2024-07-18T23:54:58.337+00:00",270,"PRESERVED_SPECIMEN","PRESENT",5417472,6,7707728,220,690,5014,3177662,5417472,5417472,"Eugenia domingensis O.Berg","Plantae","Tracheophyta","Myrtales","Myrtaceae","Eugenia","Eugenia domingensis","Eugenia","domingensis","SPECIES","ACCEPTED","NE",NA,NA,"NORTH_AMERICA",NA,1986,3,7,"1986-03-07",66,66,NA,"2024-07-18T23:54:58.337+00:00",NA,"http://creativecommons.org/licenses/by/4.0/",FALSE,"U.1439307@BRAHMS","none","none",TRUE,NA,"Zanoni TA; García R",NA,"WGS84","Magnoliopsida","DO","none","none","LATIN_AMERICA","Dominican Republic","EUROPE","Naturalis Biodiversity Center","U.1439307@BRAHMS",NA,NA,NA,"Botany","2517506803","https://data.biodiversitydata.nl/naturalis/specimen/U.1439307",NA,"U.1439307",NA,NA,NA,NA,"Eugenia domingensis O.Berg",NA,NA,"0e919a55-08d3-4bd2-aec1-200858fafd92","0add23db-a8f7-4d15-95ad-4ed0c5c8a055",NA,"Zanoni, TA; García, R 36315",NA,NA,"Cordillera Central: Prov. La Vega: en el valle del Rio Grande, aprox. 2 km al suroeste de Constanza.",NA,NA,NA,"Plantae|Myrtales|Myrtaceae",NA,"17abcf75-2f1e-46dd-bf75-a5b21dd02655","Naturalis Biodiversity Center",NA,NA,NA,NA,NA,"ICN",NA,NA,NA,NA,NA,NA,NA,NA,NA,NA,NA,NA,NA,NA,NA,NA,NA,NA,NA,NA,NA,NA,NA,NA,NA,NA,NA,NA,NA,NA,"https://medialib.naturalis.nl/file/id/U.1439307/format/large"
"2517193797","Eugenia domingensis O.Berg",19.1,-70.61667,"colmafu,inmafu","15f819bd-6612-4447-854b-14d12ee1022d","396d5f30-dea9-11db-8ab4-b8a03c50a862","65eb93af-41b8-4917-a5fc-cfe2a45aa4bf","396d5f30-dea9-11db-8ab4-b8a03c50a862","NL","DWC_ARCHIVE","2024-07-18T22:01:52.868+00:00","2024-07-18T23:54:58.302+00:00",270,"PRESERVED_SPECIMEN","PRESENT",5417472,6,7707728,220,690,5014,3177662,5417472,5417472,"Eugenia domingensis O.Berg","Plantae","Tracheophyta","Myrtales","Myrtaceae","Eugenia","Eugenia domingensis","Eugenia","domingensis","SPECIES","ACCEPTED","NE",NA,NA,"NORTH_AMERICA",NA,1986,3,20,"1986-03-20",79,79,NA,"2024-07-18T23:54:58.302+00:00",NA,"http://creativecommons.org/licenses/by/4.0/",FALSE,"U.1439309@BRAHMS","none","none",TRUE,NA,"Zanoni TA; Mejía MM; García R",NA,"WGS84","Magnoliopsida","DO","none","none","LATIN_AMERICA","Dominican Republic","EUROPE","Naturalis Biodiversity Center","U.1439309@BRAHMS",NA,NA,NA,"Botany","2517193797","https://data.biodiversitydata.nl/naturalis/specimen/U.1439309",NA,"U.1439309",NA,NA,NA,NA,"Eugenia domingensis O.Berg",NA,NA,"0e919a55-08d3-4bd2-aec1-200858fafd92","0add23db-a8f7-4d15-95ad-4ed0c5c8a055",NA,"Zanoni, TA; Mejía, MM; García, R 36354",NA,NA,"Cordillera Central: Prov. La Vega: aprox. 7 km al ""Sur de jarabacoa en la carretera a Paso Bajito y el Rio de Constanza: arboles en la orilla de la carretera, campos baldios.",NA,NA,NA,"Plantae|Myrtales|Myrtaceae",NA,"17abcf75-2f1e-46dd-bf75-a5b21dd02655","Naturalis Biodiversity Center",NA,NA,NA,NA,NA,"ICN",NA,NA,NA,NA,NA,NA,NA,NA,NA,NA,NA,NA,NA,NA,NA,NA,NA,NA,NA,NA,NA,NA,NA,NA,NA,NA,NA,NA,NA,NA,"https://medialib.naturalis.nl/file/id/U.1439309/format/large"
"2270675898","Eugenia domingensis O.Berg",19.2833,-69.1667,"cdc,gass84,colmafu,inmafu","e05fd4c2-4d77-4c50-880e-1b22096af300","814cdfb5-d4f8-4453-815f-ea5df98e76bf","ac2ad091-91eb-482d-a73f-061744da5dbf","96710dc8-fecb-440d-ae3e-c34ae8a9616f","US","DWC_ARCHIVE","2024-08-01T19:50:53.747+00:00","2024-08-01T20:02:05.730+00:00",276,"PRESERVED_SPECIMEN","PRESENT",5417472,6,7707728,220,690,5014,3177662,5417472,5417472,"Eugenia domingensis O.Berg","Plantae","Tracheophyta","Myrtales","Myrtaceae","Eugenia","Eugenia domingensis","Eugenia","domingensis","SPECIES","ACCEPTED","NE",NA,NA,"NORTH_AMERICA","Samana",1984,3,20,"1984-03-20",80,80,"2023-07-16T07:02:03.000+00:00","2024-08-01T20:02:05.730+00:00","https://swbiodiversity.org/seinet/collections/individual/index.php?occid=762570","http://creativecommons.org/licenses/by/4.0/",FALSE,"762570","none","none",FALSE,NA,"T. Zanoni; J. Pimentel, R. Garcia.",NA,"WGS84","Magnoliopsida","DO","none","none","LATIN_AMERICA","Dominican Republic","NORTH_AMERICA",NA,"762570",NA,NA,NA,"Plants","2270675898","63480a0b-5c35-471d-876b-ff640880ce4b","47811","ASU0009975","ASU",NA,NA,NA,"Eugenia domingensis O.Berg",NA,178,"530c45d0-e0f7-401d-b3f6-34f58482c485","0bbd7d8f-706c-4e2a-9505-58b142356450","188484","29335","Roca caliza, bosque latifoliado, y disturbado de vegetacion terciaria.","63480a0b-5c35-471d-876b-ff640880ce4b","Peninsula Samana: en la parte noreste de la peninsula: Loma El Fronton.","http://creativecommons.org/licenses/by-nc/3.0/","6m de alto; fruto rojo, pero no se el color del fruto maduro, en 'Madama'.","marisin","Plantae|Spermatophyta|Tracheophyta|Magnoliophyta|Eudicots|Core Eudicots|Malvids|Rosids|Myrtales|Myrtaceae|Eugenia","a2e32c87-d320-4a01-bafd-a9182ae2e191",NA,NA,NA,NA,NA,NA,NA,NA,NA,NA,"fruit",NA,NA,NA,NA,NA,NA,78,NA,NA,NA,NA,NA,NA,NA,NA,NA,NA,NA,NA,NA,NA,NA,NA,NA,NA,NA,NA,"https://swbiodiversity.org/imglib/h_seinet/seinet/ASU/ASU0009/ASU0009975_lg.jpg"
"1929639829","Eugenia domingensis O.Berg",18.75,-70.33,"gass84,mdativ","d415c253-4d61-4459-9d25-4015b9084fb0","ae447c50-b8a8-11d8-92a4-b8a03c50a862","17017c2c-036b-45d9-b045-606d21b00771","ae447c50-b8a8-11d8-92a4-b8a03c50a862","US","EML","2024-07-21T04:09:35.210+00:00","2024-07-21T05:14:11.584+00:00",415,"PRESERVED_SPECIMEN","PRESENT",5417472,6,7707728,220,690,5014,3177662,5417472,5417472,"Eugenia domingensis O.Berg","Plantae","Tracheophyta","Myrtales","Myrtaceae","Eugenia","Eugenia domingensis","Eugenia","domingensis","SPECIES","ACCEPTED","NE",NA,NA,"NORTH_AMERICA","Monseñor Nouel",1984,8,21,"1984-08-21",234,234,NA,"2024-07-21T05:14:11.584+00:00","http://sweetgum.nybg.org/science/vh/specimen_details.php?irn=1679658","http://creativecommons.org/licenses/by/4.0/",FALSE,"848f1cec-8d00-43f7-96a4-4d2a4c6229c5","none","none",TRUE,"Vascular plants","T. A. Zanoni",NA,"WGS84","Magnoliopsida","DO","none","none","LATIN_AMERICA","Dominican Republic","NORTH_AMERICA","The New York Botanical Garden","848f1cec-8d00-43f7-96a4-4d2a4c6229c5",NA,NA,"21 Aug 1984","NY","1929639829","848f1cec-8d00-43f7-96a4-4d2a4c6229c5",NA,"1435775","NY",NA,NA,NA,"Eugenia domingensis O.Berg",NA,NA,"ab83e5ab-f4f7-4c9b-a1d5-eb779dfb9377","b2190553-4505-4fdd-8fff-065c8ca26f72",NA,"31545",NA,NA,"Cordillera Cential: (vieja Prov. La Vega): ""Zumbador"", 1.5 Km al sudeste de Juan Aldian; en la confluencia de la Rio Zumbador & Calle Estrecha.",NA,NA,NA,NA,"http://biocol.org/urn:lsid:biocol.org:col:15556",NA,"http://biocol.org/urn:lsid:biocol.org:col:15556",NA,NA,NA,NA,NA,"ICN",NA,"853 ft",NA,NA,NA,"sheet",NA,NA,NA,NA,"en","PhysicalObject",NA,NA,NA,NA,NA,NA,NA,NA,NA,NA,NA,NA,NA,NA,NA,NA,NA,NA,"http://sweetgum.nybg.org/images3/478/049/v-247-01435775.jpg"
"2270674860","Eugenia domingensis O.Berg",18.3167,-70.95,"cdc,gass84,colmafu,inmafu","e05fd4c2-4d77-4c50-880e-1b22096af300","814cdfb5-d4f8-4453-815f-ea5df98e76bf","ac2ad091-91eb-482d-a73f-061744da5dbf","96710dc8-fecb-440d-ae3e-c34ae8a9616f","US","DWC_ARCHIVE","2024-08-01T19:50:53.747+00:00","2024-08-01T20:02:05.585+00:00",276,"PRESERVED_SPECIMEN","PRESENT",5417472,6,7707728,220,690,5014,3177662,5417472,5417472,"Eugenia domingensis O.Berg","Plantae","Tracheophyta","Myrtales","Myrtaceae","Eugenia","Eugenia domingensis","Eugenia","domingensis","SPECIES","ACCEPTED","NE",NA,NA,"NORTH_AMERICA","Azua",1984,9,12,"1984-09-12",256,256,"2023-07-16T07:02:03.000+00:00","2024-08-01T20:02:05.585+00:00","https://swbiodiversity.org/seinet/collections/individual/index.php?occid=762572","http://creativecommons.org/licenses/by/4.0/",FALSE,"762572","none","none",TRUE,NA,"T. Zanoni; J. Pimentel, R. Garcia",NA,"WGS84","Magnoliopsida","DO","none","none","LATIN_AMERICA","Dominican Republic","NORTH_AMERICA",NA,"762572",NA,NA,NA,"Plants","2270674860","d232b2b4-1e0f-4fd1-a89c-eff8ff5cefe6","47811","ASU0009973","ASU",NA,NA,NA,"Eugenia domingensis O.Berg",NA,NA,"530c45d0-e0f7-401d-b3f6-34f58482c485","0bbd7d8f-706c-4e2a-9505-58b142356450","153658","1237",NA,"d232b2b4-1e0f-4fd1-a89c-eff8ff5cefe6","Sierra Martin Garcia, en el Naranjo 2.5 km al sureste de El Aguacate.","http://creativecommons.org/licenses/by-nc/3.0/","Arbol de 9m de alto; frutos inmaduros verdes.","marisin","Plantae|Spermatophyta|Tracheophyta|Magnoliophyta|Eudicots|Core Eudicots|Malvids|Rosids|Myrtales|Myrtaceae|Eugenia","a2e32c87-d320-4a01-bafd-a9182ae2e191",NA,NA,NA,NA,NA,NA,NA,NA,NA,NA,"fruit",NA,NA,NA,NA,NA,NA,NA,NA,NA,NA,NA,NA,NA,"ecologicallyOccursWith: Prestoea montana|ecologicallyOccursWith: Sloanea ilicifolia|ecologicallyOccursWith: Turpinia occidentalis|ecologicallyOccursWith: epifiticas y helechos arborescentes",NA,NA,NA,NA,NA,NA,NA,NA,NA,NA,NA,NA,NA,"https://swbiodiversity.org/imglib/h_seinet/seinet/ASU/ASU0009/ASU0009973_lg.jpg"
"2517474817","Eugenia domingensis O.Berg",18.31667,-70.95,"colmafu,inmafu","15f819bd-6612-4447-854b-14d12ee1022d","396d5f30-dea9-11db-8ab4-b8a03c50a862","65eb93af-41b8-4917-a5fc-cfe2a45aa4bf","396d5f30-dea9-11db-8ab4-b8a03c50a862","NL","DWC_ARCHIVE","2024-07-18T22:01:52.868+00:00","2024-07-18T23:54:58.304+00:00",270,"PRESERVED_SPECIMEN","PRESENT",5417472,6,7707728,220,690,5014,3177662,5417472,5417472,"Eugenia domingensis O.Berg","Plantae","Tracheophyta","Myrtales","Myrtaceae","Eugenia","Eugenia domingensis","Eugenia","domingensis","SPECIES","ACCEPTED","NE",NA,NA,"NORTH_AMERICA",NA,1984,9,12,"1984-09-12",256,256,NA,"2024-07-18T23:54:58.304+00:00",NA,"http://creativecommons.org/licenses/by/4.0/",FALSE,"U.1439308@BRAHMS","none","none",TRUE,NA,"Mejía MM; Pimentel J; García R",NA,"WGS84","Magnoliopsida","DO","none","none","LATIN_AMERICA","Dominican Republic","EUROPE","Naturalis Biodiversity Center","U.1439308@BRAHMS",NA,NA,NA,"Botany","2517474817","https://data.biodiversitydata.nl/naturalis/specimen/U.1439308",NA,"U.1439308",NA,NA,NA,NA,"Eugenia domingensis O.Berg",NA,NA,"0e919a55-08d3-4bd2-aec1-200858fafd92","0add23db-a8f7-4d15-95ad-4ed0c5c8a055",NA,"Mejía, MM; Pimentel, J; García, R 1237",NA,NA,"Prov. Azua; SIerra Martin Garcia, en el Naranjo 2.5 km al sureste de El Aguacate.",NA,NA,NA,"Plantae|Myrtales|Myrtaceae",NA,"17abcf75-2f1e-46dd-bf75-a5b21dd02655","Naturalis Biodiversity Center",NA,NA,NA,NA,NA,"ICN",NA,NA,NA,NA,NA,NA,NA,NA,NA,NA,NA,NA,NA,NA,NA,NA,NA,NA,NA,NA,NA,NA,NA,NA,NA,NA,NA,NA,NA,NA,"https://medialib.naturalis.nl/file/id/U.1439308/format/large"
"2270672802","Eugenia domingensis O.Berg",19.575,-70.7417,"cdc,gass84,colmafu,inmafu","e05fd4c2-4d77-4c50-880e-1b22096af300","814cdfb5-d4f8-4453-815f-ea5df98e76bf","ac2ad091-91eb-482d-a73f-061744da5dbf","96710dc8-fecb-440d-ae3e-c34ae8a9616f","US","DWC_ARCHIVE","2024-08-01T19:50:53.747+00:00","2024-08-01T20:02:05.619+00:00",276,"PRESERVED_SPECIMEN","PRESENT",5417472,6,7707728,220,690,5014,3177662,5417472,5417472,"Eugenia domingensis O.Berg","Plantae","Tracheophyta","Myrtales","Myrtaceae","Eugenia","Eugenia domingensis","Eugenia","domingensis","SPECIES","ACCEPTED","NE",NA,NA,"NORTH_AMERICA","Santiago",1983,8,24,"1983-08-24",236,236,"2023-07-16T07:02:03.000+00:00","2024-08-01T20:02:05.619+00:00","https://swbiodiversity.org/seinet/collections/individual/index.php?occid=762558","http://creativecommons.org/licenses/by/4.0/",FALSE,"762558","none","none",TRUE,NA,"T. Zanoni; J. Pimentel, R. Garcia.",NA,"WGS84","Magnoliopsida","DO","none","none","LATIN_AMERICA","Dominican Republic","NORTH_AMERICA",NA,"762558",NA,NA,NA,"Plants","2270672802","95905734-4f8c-46c2-82dd-2639254ab8ed","47811","ASU0009976","ASU",NA,NA,NA,"Eugenia domingensis O.Berg",NA,NA,"530c45d0-e0f7-401d-b3f6-34f58482c485","0bbd7d8f-706c-4e2a-9505-58b142356450","188508","26762","Algunos campos cultivados y terrenos descubiertos o abandonados.","95905734-4f8c-46c2-82dd-2639254ab8ed","Cordillera Septentrional, subida de Piche (760 m a la ladera norte (100 m)) de loma Diego Ocampo.","http://creativecommons.org/licenses/by-nc/3.0/","Arbusto de 5m; fruto verde.","marisin","Plantae|Spermatophyta|Tracheophyta|Magnoliophyta|Eudicots|Core Eudicots|Malvids|Rosids|Myrtales|Myrtaceae|Eugenia","a2e32c87-d320-4a01-bafd-a9182ae2e191",NA,NA,NA,NA,NA,NA,NA,NA,NA,NA,"fruit",NA,NA,NA,NA,NA,NA,NA,NA,NA,NA,NA,NA,NA,NA,NA,NA,NA,NA,NA,NA,NA,NA,NA,NA,NA,NA,NA,"https://swbiodiversity.org/imglib/h_seinet/seinet/ASU/ASU0009/ASU0009976_lg.jpg"
"2270674049","Eugenia domingensis O.Berg",19.7667,-70.7167,"cdc,gass84,colmafu,inmafu","e05fd4c2-4d77-4c50-880e-1b22096af300","814cdfb5-d4f8-4453-815f-ea5df98e76bf","ac2ad091-91eb-482d-a73f-061744da5dbf","96710dc8-fecb-440d-ae3e-c34ae8a9616f","US","DWC_ARCHIVE","2024-08-01T19:50:53.747+00:00","2024-08-01T20:02:05.606+00:00",276,"PRESERVED_SPECIMEN","PRESENT",5417472,6,7707728,220,690,5014,3177662,5417472,5417472,"Eugenia domingensis O.Berg","Plantae","Tracheophyta","Myrtales","Myrtaceae","Eugenia","Eugenia domingensis","Eugenia","domingensis","SPECIES","ACCEPTED","NE",NA,NA,"NORTH_AMERICA","Puerto Plata",1983,11,30,"1983-11-30",334,334,"2023-07-16T07:02:03.000+00:00","2024-08-01T20:02:05.606+00:00","https://swbiodiversity.org/seinet/collections/individual/index.php?occid=762566","http://creativecommons.org/licenses/by/4.0/",FALSE,"762566","none","none",FALSE,NA,"T. Zanoni; J. Pimentel, R. Garcia.",NA,"WGS84","Magnoliopsida","DO","none","none","LATIN_AMERICA","Dominican Republic","NORTH_AMERICA",NA,"762566",NA,NA,NA,"Plants","2270674049","b26dc85d-5965-4ca7-abd1-900089171511","47811","ASU0009977","ASU",NA,NA,NA,"Eugenia domingensis O.Berg",NA,NA,"530c45d0-e0f7-401d-b3f6-34f58482c485","0bbd7d8f-706c-4e2a-9505-58b142356450","188491","28060","Montana casi aislada, de roca caliza, con bosque humedo casi en su cima, pero parque de recreo en la cima.","b26dc85d-5965-4ca7-abd1-900089171511","Cordillera Septentrional: Loma Isabel de Torres, al Sur de la ciudad de Puerto Plata.","http://creativecommons.org/licenses/by-nc/3.0/","Arbol  de 7m, fruto no simetrico; marron-purpura con una semilla, nombre comun del jardinero del parque: 'guasara'.","marisin","Plantae|Spermatophyta|Tracheophyta|Magnoliophyta|Eudicots|Core Eudicots|Malvids|Rosids|Myrtales|Myrtaceae|Eugenia","a2e32c87-d320-4a01-bafd-a9182ae2e191",NA,NA,NA,NA,NA,NA,NA,NA,NA,NA,"fruit",NA,NA,NA,NA,NA,NA,NA,NA,NA,NA,NA,NA,NA,NA,NA,NA,NA,NA,NA,NA,NA,NA,NA,NA,NA,NA,NA,"https://swbiodiversity.org/imglib/h_seinet/seinet/ASU/ASU0009/ASU0009977a_lg.jpg"
"1931367590","Eugenia domingensis O.Berg",19.02,-70.55,"gass84,mdativ","d415c253-4d61-4459-9d25-4015b9084fb0","ae447c50-b8a8-11d8-92a4-b8a03c50a862","17017c2c-036b-45d9-b045-606d21b00771","ae447c50-b8a8-11d8-92a4-b8a03c50a862","US","EML","2024-07-21T04:09:35.210+00:00","2024-07-21T05:14:54.905+00:00",415,"PRESERVED_SPECIMEN","PRESENT",5417472,6,7707728,220,690,5014,3177662,5417472,5417472,"Eugenia domingensis O.Berg","Plantae","Tracheophyta","Myrtales","Myrtaceae","Eugenia","Eugenia domingensis","Eugenia","domingensis","SPECIES","ACCEPTED","NE",NA,NA,"NORTH_AMERICA","La Vega",1982,2,25,"1982-02-25",56,56,NA,"2024-07-21T05:14:54.905+00:00","http://sweetgum.nybg.org/science/vh/specimen_details.php?irn=1679649","http://creativecommons.org/licenses/by/4.0/",FALSE,"fe9815cb-13fb-468f-9531-cf8a753f96bd","none","none",TRUE,"Vascular plants","T. A. Zanoni",NA,"WGS84","Magnoliopsida","DO","none","none","LATIN_AMERICA","Dominican Republic","NORTH_AMERICA","The New York Botanical Garden","fe9815cb-13fb-468f-9531-cf8a753f96bd",NA,NA,"25 Feb 1982","NY","1931367590","fe9815cb-13fb-468f-9531-cf8a753f96bd",NA,"1435766","NY",NA,NA,NA,"Eugenia domingensis O.Berg",NA,NA,"ab83e5ab-f4f7-4c9b-a1d5-eb779dfb9377","b2190553-4505-4fdd-8fff-065c8ca26f72",NA,"19403",NA,NA,"29 Km. oeste de la carretera Duarte en el camino a El Río y Constanza en Las Palmas (pueblo rural) en la orrila de Río Las Palmas.",NA,NA,NA,NA,"http://biocol.org/urn:lsid:biocol.org:col:15556",NA,"http://biocol.org/urn:lsid:biocol.org:col:15556",NA,NA,NA,NA,NA,"ICN",NA,"2950 ft",NA,NA,NA,"sheet",NA,NA,NA,NA,"en","PhysicalObject",NA,"2014-05-01",NA,"Field book",NA,NA,NA,NA,NA,NA,NA,NA,NA,NA,NA,NA,NA,NA,"http://sweetgum.nybg.org/images3/478/040/v-247-01435766.jpg"
"1929219661","Eugenia domingensis O.Berg",19.17,-69.72,"gass84,mdativ","d415c253-4d61-4459-9d25-4015b9084fb0","ae447c50-b8a8-11d8-92a4-b8a03c50a862","17017c2c-036b-45d9-b045-606d21b00771","ae447c50-b8a8-11d8-92a4-b8a03c50a862","US","EML","2024-07-21T04:09:35.210+00:00","2024-07-21T05:15:45.103+00:00",415,"PRESERVED_SPECIMEN","PRESENT",5417472,6,7707728,220,690,5014,3177662,5417472,5417472,"Eugenia domingensis O.Berg","Plantae","Tracheophyta","Myrtales","Myrtaceae","Eugenia","Eugenia domingensis","Eugenia","domingensis","SPECIES","ACCEPTED","NE",NA,NA,"NORTH_AMERICA","Duarte",1981,8,11,"1981-08-11",223,223,NA,"2024-07-21T05:15:45.103+00:00","http://sweetgum.nybg.org/science/vh/specimen_details.php?irn=1679653","http://creativecommons.org/licenses/by/4.0/",FALSE,"66b08d72-161f-4e13-a080-5838a19935f1","none","none",FALSE,"Vascular plants","T. A. Zanoni",NA,"WGS84","Magnoliopsida","DO","none","none","LATIN_AMERICA","Dominican Republic","NORTH_AMERICA","The New York Botanical Garden","66b08d72-161f-4e13-a080-5838a19935f1",NA,NA,"11 Aug 1981","NY","1929219661","66b08d72-161f-4e13-a080-5838a19935f1",NA,"1435770","NY",NA,NA,NA,"Eugenia domingensis O.Berg",NA,NA,"ab83e5ab-f4f7-4c9b-a1d5-eb779dfb9377","b2190553-4505-4fdd-8fff-065c8ca26f72",NA,"16028",NA,NA,"At Yuma, being 27.8 Km from Arenoso on road to Yuna and El Guayabo: cacao plantation.",NA,NA,NA,NA,"http://biocol.org/urn:lsid:biocol.org:col:15556",NA,"http://biocol.org/urn:lsid:biocol.org:col:15556",NA,NA,NA,NA,NA,"ICN",NA,"0-16 ft",NA,NA,NA,"sheet",NA,NA,NA,NA,"en","PhysicalObject",NA,NA,NA,NA,NA,NA,NA,NA,NA,NA,NA,NA,NA,NA,NA,NA,NA,NA,"http://sweetgum.nybg.org/images3/478/044/v-247-01435770.jpg"
"1930961840","Eugenia domingensis O.Berg",19.05,-70.32,"gass84,mdativ","d415c253-4d61-4459-9d25-4015b9084fb0","ae447c50-b8a8-11d8-92a4-b8a03c50a862","17017c2c-036b-45d9-b045-606d21b00771","ae447c50-b8a8-11d8-92a4-b8a03c50a862","US","EML","2024-07-21T04:09:35.210+00:00","2024-07-21T05:16:23.006+00:00",415,"PRESERVED_SPECIMEN","PRESENT",5417472,6,7707728,220,690,5014,3177662,5417472,5417472,"Eugenia domingensis O.Berg","Plantae","Tracheophyta","Myrtales","Myrtaceae","Eugenia","Eugenia domingensis","Eugenia","domingensis","SPECIES","ACCEPTED","NE",NA,NA,"NORTH_AMERICA","Sánchez Ramírez",1981,8,13,"1981-08-13",225,225,NA,"2024-07-21T05:16:23.006+00:00","http://sweetgum.nybg.org/science/vh/specimen_details.php?irn=1679645","http://creativecommons.org/licenses/by/4.0/",FALSE,"e1ec3cdd-88da-40ea-9225-5e05e7ceb393","none","none",FALSE,"Vascular plants","T. A. Zanoni",NA,"WGS84","Magnoliopsida","DO","none","none","LATIN_AMERICA","Dominican Republic","NORTH_AMERICA","The New York Botanical Garden","e1ec3cdd-88da-40ea-9225-5e05e7ceb393",NA,NA,"13 Aug 1981","NY","1930961840","e1ec3cdd-88da-40ea-9225-5e05e7ceb393",NA,"1435762","NY",NA,NA,NA,"Eugenia domingensis O.Berg",NA,NA,"ab83e5ab-f4f7-4c9b-a1d5-eb779dfb9377","b2190553-4505-4fdd-8fff-065c8ca26f72",NA,"16147",NA,NA,"About 9 Km. south of Fantino on road to Comedor Arriba: at Loma La Guacara (WNW of Comedor Arriba).",NA,NA,NA,NA,"http://biocol.org/urn:lsid:biocol.org:col:15556",NA,"http://biocol.org/urn:lsid:biocol.org:col:15556",NA,NA,NA,NA,NA,"ICN",NA,"804 ft",NA,NA,NA,"sheet",NA,NA,NA,NA,"en","PhysicalObject",NA,"2014-03-27",NA,"Field book",NA,NA,NA,NA,NA,NA,NA,NA,NA,NA,NA,NA,NA,NA,"http://sweetgum.nybg.org/images3/478/036/v-247-01435762.jpg"
"1320671026","Eugenia domingensis O.Berg",18.53,-70.38,"gass84,osiic","821cc27a-e3bb-4bc5-ac34-89ada245069d","bc092ff0-02e4-11dc-991f-b8a03c50a862","b2ff19b5-d74f-40d2-82f1-ec5db01e8e31","bc092ff0-02e4-11dc-991f-b8a03c50a862","US","EML","2024-08-02T10:48:24.215+00:00","2024-08-02T12:39:45.006+00:00",403,"PRESERVED_SPECIMEN","PRESENT",5417472,6,7707728,220,690,5014,3177662,5417472,5417472,"Eugenia domingensis O.Berg","Plantae","Tracheophyta","Myrtales","Myrtaceae","Eugenia","Eugenia domingensis","Eugenia","domingensis","SPECIES","ACCEPTED","NE",NA,NA,"NORTH_AMERICA","Peravia",1981,9,5,"1981-09-05",248,248,"2019-01-10T10:19:00.000+00:00","2024-08-02T12:39:45.006+00:00",NA,"http://creativecommons.org/licenses/by/4.0/",FALSE,"http://n2t.net/ark:/65665/39970dd9b-077a-419d-bc4b-a1267214a703","none","none",TRUE,"NMNH Extant Biology","M. Mejia",NA,"WGS84","Magnoliopsida","DO","none","none","LATIN_AMERICA","Dominican Republic","NORTH_AMERICA",NA,"http://n2t.net/ark:/65665/39970dd9b-077a-419d-bc4b-a1267214a703",NA,NA,"05 Sep 1981","US","1320671026","http://n2t.net/ark:/65665/39970dd9b-077a-419d-bc4b-a1267214a703",NA,"US 3636898","US",NA,NA,NA,"Eugenia domingensis O.Berg",NA,1500,"be5b9c72-e499-42b8-a5dc-c27505cf232e","151c91ba-a521-4735-8c11-5abf8db7fb67",NA,"16446",NA,NA,"San José de Ocoa, 27 km E, on road to La Laguna, at margin of Río Nizao, Rancho Los Platanos",NA,NA,NA,"Plantae, Dicotyledonae, Myrtales, Myrtaceae, Myrtoideae","urn:uuid:60e28f81-e634-4869-aa3e-732caed713c8","99d66b6c-9087-452f-a9d4-f15f2c2d0e7e","urn:lsid:biocol.org:col:15463",NA,NA,1,"West Indies - Neotropics, Dominican Republic, Peravia, Hispaniola",NA,NA,NA,NA,NA,NA,NA,NA,NA,NA,"Fruiting",NA,NA,NA,"Hispaniola",NA,NA,NA,NA,NA,NA,NA,NA,NA,NA,NA,NA,NA,NA,NA,NA,NA,"http://n2t.net/ark:/65665/m3d9a6a8d8-8522-4447-b12c-5fc2af1e03df"
"1929207075","Eugenia domingensis O.Berg",19.4,-71.62,"gass84,mdativ","d415c253-4d61-4459-9d25-4015b9084fb0","ae447c50-b8a8-11d8-92a4-b8a03c50a862","17017c2c-036b-45d9-b045-606d21b00771","ae447c50-b8a8-11d8-92a4-b8a03c50a862","US","EML","2024-07-21T04:09:35.210+00:00","2024-07-21T05:14:04.261+00:00",415,"PRESERVED_SPECIMEN","PRESENT",5417472,6,7707728,220,690,5014,3177662,5417472,5417472,"Eugenia domingensis O.Berg","Plantae","Tracheophyta","Myrtales","Myrtaceae","Eugenia","Eugenia domingensis","Eugenia","domingensis","SPECIES","ACCEPTED","NE",NA,NA,"NORTH_AMERICA","Dajabón",1981,11,11,"1981-11-11",315,315,NA,"2024-07-21T05:14:04.261+00:00","http://sweetgum.nybg.org/science/vh/specimen_details.php?irn=1432902","http://creativecommons.org/licenses/by/4.0/",FALSE,"65d61438-980c-4bb1-b383-78fa3f725ce4","none","none",FALSE,"Vascular plants","T. A. Zanoni",NA,"WGS84","Magnoliopsida","DO","none","none","LATIN_AMERICA","Dominican Republic","NORTH_AMERICA","The New York Botanical Garden","65d61438-980c-4bb1-b383-78fa3f725ce4",NA,NA,"11 Nov 1981","NY","1929207075","65d61438-980c-4bb1-b383-78fa3f725ce4",NA,"1686359","NY",NA,NA,NA,"Eugenia domingensis O.Berg",NA,NA,"ab83e5ab-f4f7-4c9b-a1d5-eb779dfb9377","b2190553-4505-4fdd-8fff-065c8ca26f72",NA,"17919",NA,NA,"En la Cañada Ceiba, en el pueblo rural de Ceiba, 2.5 km sur del parque central de Loma de Cabrera en la carretera a Restauración.",NA,NA,NA,NA,"http://biocol.org/urn:lsid:biocol.org:col:15556",NA,"http://biocol.org/urn:lsid:biocol.org:col:15556",NA,NA,NA,NA,NA,"ICN",NA,"700 ft",NA,NA,NA,"packeted",NA,NA,NA,NA,"en","PhysicalObject",NA,"2014-04-14",NA,"Field book",NA,NA,NA,NA,NA,NA,NA,NA,NA,NA,NA,NA,NA,NA,"http://sweetgum.nybg.org/images3/840/504/1686359.jpg"
"2270677719","Eugenia domingensis O.Berg",18.6917,-70.0167,"cdc,gass84,colmafu,inmafu","e05fd4c2-4d77-4c50-880e-1b22096af300","814cdfb5-d4f8-4453-815f-ea5df98e76bf","ac2ad091-91eb-482d-a73f-061744da5dbf","96710dc8-fecb-440d-ae3e-c34ae8a9616f","US","DWC_ARCHIVE","2024-08-01T19:50:53.747+00:00","2024-08-01T20:02:05.312+00:00",276,"PRESERVED_SPECIMEN","PRESENT",5417472,6,7707728,220,690,5014,3177662,5417472,5417472,"Eugenia domingensis O.Berg","Plantae","Tracheophyta","Myrtales","Myrtaceae","Eugenia","Eugenia domingensis","Eugenia","domingensis","SPECIES","ACCEPTED","NE",NA,NA,"NORTH_AMERICA","San Cristobal",1980,8,13,"1980-08-13",226,226,"2023-07-16T07:02:03.000+00:00","2024-08-01T20:02:05.312+00:00","https://swbiodiversity.org/seinet/collections/individual/index.php?occid=762556","http://creativecommons.org/licenses/by/4.0/",FALSE,"762556","none","none",FALSE,NA,"M. Mejia; T. Zanoni",NA,"WGS84","Magnoliopsida","DO","none","none","LATIN_AMERICA","Dominican Republic","NORTH_AMERICA",NA,"762556",NA,NA,NA,"Plants","2270677719","d3f4e3c9-99f5-433d-bfb3-0cfbc0a9b8fa","47811","ASU0009967","ASU",NA,NA,NA,"Eugenia domingensis O.Berg",NA,NA,"530c45d0-e0f7-401d-b3f6-34f58482c485","0bbd7d8f-706c-4e2a-9505-58b142356450","191149","7890","Riparian woodland.","d3f4e3c9-99f5-433d-bfb3-0cfbc0a9b8fa","At La Estancia where Rio Guanuma comes closest to the road from Sierra Prieta to Hato Viejo.","http://creativecommons.org/licenses/by-nc/3.0/",NA,"marisin","Plantae|Spermatophyta|Tracheophyta|Magnoliophyta|Eudicots|Core Eudicots|Malvids|Rosids|Myrtales|Myrtaceae|Eugenia","a2e32c87-d320-4a01-bafd-a9182ae2e191",NA,NA,NA,NA,NA,NA,NA,NA,NA,NA,NA,NA,NA,NA,NA,NA,NA,NA,NA,NA,NA,NA,NA,NA,NA,NA,NA,NA,NA,NA,NA,NA,NA,NA,NA,NA,NA,NA,"https://swbiodiversity.org/imglib/h_seinet/seinet/ASU/ASU0009/ASU0009967_lg.jpg"
"1928532937","Eugenia domingensis O.Berg",19.654327,-70.964067,"mdativ","d415c253-4d61-4459-9d25-4015b9084fb0","ae447c50-b8a8-11d8-92a4-b8a03c50a862","17017c2c-036b-45d9-b045-606d21b00771","ae447c50-b8a8-11d8-92a4-b8a03c50a862","US","EML","2024-07-21T04:09:35.210+00:00","2024-07-21T05:13:33.341+00:00",415,"PRESERVED_SPECIMEN","PRESENT",5417472,6,7707728,220,690,5014,3177662,5417472,5417472,"Eugenia domingensis O.Berg","Plantae","Tracheophyta","Myrtales","Myrtaceae","Eugenia","Eugenia domingensis","Eugenia","domingensis","SPECIES","ACCEPTED","NE",NA,1106.57,"NORTH_AMERICA","Santiago",1969,5,21,"1969-05-21",141,141,NA,"2024-07-21T05:13:33.341+00:00","http://sweetgum.nybg.org/science/vh/specimen_details.php?irn=1679608","http://creativecommons.org/licenses/by/4.0/",FALSE,"3617e2e4-ce99-4a78-85d6-7232e32c3723","none","none",FALSE,"Vascular plants","A. H. Liogier",NA,"WGS84","Magnoliopsida","DO","none","none","LATIN_AMERICA","Dominican Republic","NORTH_AMERICA","The New York Botanical Garden","3617e2e4-ce99-4a78-85d6-7232e32c3723",NA,NA,"21 May 1969","NY","1928532937","3617e2e4-ce99-4a78-85d6-7232e32c3723",NA,"01435738","NY",NA,NA,NA,"Eugenia domingensis O.Berg",NA,350,"ab83e5ab-f4f7-4c9b-a1d5-eb779dfb9377","b2190553-4505-4fdd-8fff-065c8ca26f72",NA,"15286",NA,NA,"Jaiquí Picado, 20 miles West of Santiago.",NA,NA,NA,NA,"http://biocol.org/urn:lsid:biocol.org:col:15556",NA,"http://biocol.org/urn:lsid:biocol.org:col:15556",NA,NA,NA,NA,NA,"ICN",NA,"984-1312 ft",NA,NA,NA,"sheet",NA,NA,NA,50,"en","PhysicalObject",NA,"2018-10-30","Georeferencing Quick Reference Guide, Version 2012","Google Maps (map data 2018); MaNIS Georef. Calculator",NA,NA,NA,NA,NA,NA,NA,NA,NA,NA,NA,NA,NA,NA,"http://sweetgum.nybg.org/images3/478/012/v-247-01435738.jpg"
"1503214956","Eugenia domingensis O.Berg",19.3053,-70.8043,"cdc,gass84,incomis","af1b4db0-c8ce-4a95-b700-8a6a02bed9d6","253fc67c-c7fb-4c85-88f5-43ac6d9dc8a9","40dee7df-00ee-4965-bcaf-5291dbab4b08","253fc67c-c7fb-4c85-88f5-43ac6d9dc8a9","US","EML","2024-01-26T19:01:55.931+00:00","2024-01-29T12:47:14.235+00:00",398,"PRESERVED_SPECIMEN","PRESENT",5417472,6,7707728,220,690,5014,3177662,5417472,5417472,"Eugenia domingensis O.Berg","Plantae","Tracheophyta","Myrtales","Myrtaceae","Eugenia","Eugenia domingensis","Eugenia","domingensis","SPECIES","ACCEPTED","NE","1968-12-01T00:00:00",NA,"NORTH_AMERICA","Santiago Prov.",1968,6,3,"1968-06-03",155,155,NA,"2024-01-29T12:47:14.235+00:00",NA,"http://creativecommons.org/licenses/by/4.0/",FALSE,"E39FDCE9-7D80-4BCD-A3D0-42765DDB72C5","none","none",TRUE,NA,"A. H. Liogier","A. H. Liogier","WGS84","Magnoliopsida","DO","none","none","LATIN_AMERICA","Dominican Republic","NORTH_AMERICA",NA,"E39FDCE9-7D80-4BCD-A3D0-42765DDB72C5",NA,NA,NA,"Herb","1503214956","E39FDCE9-7D80-4BCD-A3D0-42765DDB72C5",NA,"186772","USF",NA,NA,"216804","Eugenia domingensis O.Berg","Banks of Rio Bao, Mata Grande.",750,"efc9e42f-509d-47fe-a30a-1bbd7ac8ba31",NA,NA,"11519",NA,NA,"Banks of Rio Bao, Mata Grande.",NA,NA,NA,"Plantae | Dicots | Myrtaceae",NA,NA,"urn:lsid:biocol.org:col:15638",NA,NA,NA,"Dominican Republic|Santiago Prov.",NA,"ICN",NA,"750 m",NA,"{""habit"":""Tree, ca. 10 m high, much branched; flowers white.""}",NA,NA,NA,NA,NA,NA,"en","PhysicalObject",NA,NA,NA,NA,NA,NA,NA,NA,NA,NA,NA,NA,NA,NA,NA,NA,NA,NA,"https://cdn.plantatlas.org/img/specimens/USF/186772.jpg"
"1929880775","Eugenia domingensis O.Berg",18.22033,-66.52031,"gass84,mdativ","d415c253-4d61-4459-9d25-4015b9084fb0","ae447c50-b8a8-11d8-92a4-b8a03c50a862","17017c2c-036b-45d9-b045-606d21b00771","ae447c50-b8a8-11d8-92a4-b8a03c50a862","US","EML","2024-07-21T04:09:35.210+00:00","2024-07-21T05:14:13.055+00:00",415,"PRESERVED_SPECIMEN","PRESENT",5417472,6,7707728,220,690,5014,3177662,5417472,5417472,"Eugenia domingensis O.Berg","Plantae","Tracheophyta","Myrtales","Myrtaceae","Eugenia","Eugenia domingensis","Eugenia","domingensis","SPECIES","ACCEPTED","NE","1979-01-01T00:00:00",NA,"NORTH_AMERICA",NA,1960,6,22,"1960-06-22",174,174,NA,"2024-07-21T05:14:13.055+00:00","http://sweetgum.nybg.org/science/vh/specimen_details.php?irn=1011902","http://creativecommons.org/licenses/by/4.0/",FALSE,"959da7ca-0797-4409-942e-bcb988066f68","none","none",FALSE,"Vascular plants","R. O. Woodbury","A. H. Liogier","WGS84","Magnoliopsida","PR","none","none","LATIN_AMERICA","Puerto Rico","NORTH_AMERICA","The New York Botanical Garden","959da7ca-0797-4409-942e-bcb988066f68",NA,NA,"22 Jun 1960","NY","1929880775","959da7ca-0797-4409-942e-bcb988066f68",NA,"946185","NY",NA,NA,NA,"Eugenia domingensis O.Berg",NA,NA,"ab83e5ab-f4f7-4c9b-a1d5-eb779dfb9377","b2190553-4505-4fdd-8fff-065c8ca26f72",NA,"s.n.",NA,NA,"Toro Negro",NA,NA,NA,NA,"http://biocol.org/urn:lsid:biocol.org:col:15556",NA,"http://biocol.org/urn:lsid:biocol.org:col:15556",NA,NA,NA,NA,NA,"ICN",NA,NA,NA,NA,NA,"sheet",NA,NA,NA,NA,"en","PhysicalObject",NA,"2008",NA,"Google Earth",NA,NA,NA,3924.10584071958,NA,NA,NA,NA,NA,NA,NA,NA,NA,NA,"http://sweetgum.nybg.org/images3/189/434/v-247-00946185.jpg"
"1928099959","Eugenia domingensis O.Berg",20.011466,-75.626877,"gass84,mdativ","d415c253-4d61-4459-9d25-4015b9084fb0","ae447c50-b8a8-11d8-92a4-b8a03c50a862","17017c2c-036b-45d9-b045-606d21b00771","ae447c50-b8a8-11d8-92a4-b8a03c50a862","US","EML","2024-07-21T04:09:35.210+00:00","2024-07-21T05:15:21.911+00:00",415,"PRESERVED_SPECIMEN","PRESENT",5417472,6,7707728,220,690,5014,3177662,5417472,5417472,"Eugenia domingensis O.Berg","Plantae","Tracheophyta","Myrtales","Myrtaceae","Eugenia","Eugenia domingensis","Eugenia","domingensis","SPECIES","ACCEPTED","NE",NA,NA,"NORTH_AMERICA","Santiago de Cuba",1949,6,NA,"1949-06",NA,NA,NA,"2024-07-21T05:15:21.911+00:00","http://sweetgum.nybg.org/science/vh/specimen_details.php?irn=1679630","http://creativecommons.org/licenses/by/4.0/",FALSE,"178a322b-3b2b-4066-b86d-1919e7f008af","none","none",FALSE,"Vascular plants","Bro. Clemente",NA,"WGS84","Magnoliopsida","CU","none","none","LATIN_AMERICA","Cuba","NORTH_AMERICA","The New York Botanical Garden","178a322b-3b2b-4066-b86d-1919e7f008af",NA,NA,"Jun 1949","NY","1928099959","178a322b-3b2b-4066-b86d-1919e7f008af",NA,"1435747","NY",NA,NA,NA,"Eugenia domingensis O.Berg",NA,NA,"ab83e5ab-f4f7-4c9b-a1d5-eb779dfb9377","b2190553-4505-4fdd-8fff-065c8ca26f72",NA,"6639",NA,NA,"Gran Piedra. Oriente",NA,NA,NA,NA,"http://biocol.org/urn:lsid:biocol.org:col:15556",NA,"http://biocol.org/urn:lsid:biocol.org:col:15556",NA,NA,NA,NA,NA,"ICN",NA,"about 4921 ft",NA,NA,NA,"sheet",NA,NA,NA,NA,"en","PhysicalObject",NA,"2017-07-25","Georeferencing Quick Reference Guide, Version 2012","Google Maps (map data 2017); MaNIS Georef. Calculator",NA,NA,NA,NA,NA,NA,NA,NA,NA,NA,NA,NA,NA,NA,"http://sweetgum.nybg.org/images3/478/021/v-247-01435747.jpg"
"1927810266","Eugenia domingensis O.Berg",18.25687,-71.89885,"mdativ","d415c253-4d61-4459-9d25-4015b9084fb0","ae447c50-b8a8-11d8-92a4-b8a03c50a862","17017c2c-036b-45d9-b045-606d21b00771","ae447c50-b8a8-11d8-92a4-b8a03c50a862","US","EML","2024-07-21T04:09:35.210+00:00","2024-07-21T05:15:09.201+00:00",415,"PRESERVED_SPECIMEN","PRESENT",5417472,6,7707728,220,690,5014,3177662,5417472,5417472,"Eugenia domingensis O.Berg","Plantae","Tracheophyta","Myrtales","Myrtaceae","Eugenia","Eugenia domingensis","Eugenia","domingensis","SPECIES","ACCEPTED","NE",NA,NA,"NORTH_AMERICA","Sud-Est",1944,11,22,"1944-11-22",327,327,NA,"2024-07-21T05:15:09.201+00:00","http://sweetgum.nybg.org/science/vh/specimen_details.php?irn=1679636","http://creativecommons.org/licenses/by/4.0/",FALSE,"02cbf516-30f0-4710-86e2-6e8558c2e593","none","none",TRUE,"Vascular plants","L. R. Holdridge",NA,"WGS84","Magnoliopsida","HT","none","none","LATIN_AMERICA","Haiti","NORTH_AMERICA","The New York Botanical Garden","02cbf516-30f0-4710-86e2-6e8558c2e593",NA,NA,"22 Nov 1944","NY","1927810266","02cbf516-30f0-4710-86e2-6e8558c2e593",NA,"1435753","NY",NA,NA,NA,"Eugenia domingensis O.Berg",NA,NA,"ab83e5ab-f4f7-4c9b-a1d5-eb779dfb9377","b2190553-4505-4fdd-8fff-065c8ca26f72",NA,"2017",NA,NA,"Bodarie to Thiote.",NA,NA,NA,NA,"http://biocol.org/urn:lsid:biocol.org:col:15556",NA,"http://biocol.org/urn:lsid:biocol.org:col:15556",NA,NA,NA,NA,NA,"ICN",NA,"2625 ft",NA,NA,NA,"sheet",NA,NA,NA,NA,"en","PhysicalObject",NA,"2019-08-22","Georeferencing Quick Reference Guide, Version 2012","Google Maps (map data 2019); MaNIS Georef. Calculator",NA,NA,NA,NA,NA,NA,NA,NA,NA,NA,NA,NA,NA,NA,"http://sweetgum.nybg.org/images3/478/027/v-247-01435753.jpg"
"1929833380","Eugenia domingensis O.Berg",20.016407,-76.064722,"mdativ","d415c253-4d61-4459-9d25-4015b9084fb0","ae447c50-b8a8-11d8-92a4-b8a03c50a862","17017c2c-036b-45d9-b045-606d21b00771","ae447c50-b8a8-11d8-92a4-b8a03c50a862","US","EML","2024-07-21T04:09:35.210+00:00","2024-07-21T05:14:19.310+00:00",415,"PRESERVED_SPECIMEN","PRESENT",5417472,6,7707728,220,690,5014,3177662,5417472,5417472,"Eugenia domingensis O.Berg","Plantae","Tracheophyta","Myrtales","Myrtaceae","Eugenia","Eugenia domingensis","Eugenia","domingensis","SPECIES","ACCEPTED","NE",NA,NA,"NORTH_AMERICA","Santiago de Cuba",1938,8,NA,"1938-08",NA,NA,NA,"2024-07-21T05:14:19.310+00:00","http://sweetgum.nybg.org/science/vh/specimen_details.php?irn=1679628","http://creativecommons.org/licenses/by/4.0/",FALSE,"924b5b7d-a9f9-4e21-beae-8cfde032ed59","none","none",FALSE,"Vascular plants","Bro. Clemente",NA,"WGS84","Magnoliopsida","CU","none","none","LATIN_AMERICA","Cuba","NORTH_AMERICA","The New York Botanical Garden","924b5b7d-a9f9-4e21-beae-8cfde032ed59",NA,NA,"Aug 1938","NY","1929833380","924b5b7d-a9f9-4e21-beae-8cfde032ed59",NA,"1435745","NY",NA,NA,NA,"Eugenia domingensis O.Berg",NA,NA,"ab83e5ab-f4f7-4c9b-a1d5-eb779dfb9377","b2190553-4505-4fdd-8fff-065c8ca26f72",NA,"2391",NA,NA,"Loma del Gato, Cobre Range, Or.",NA,NA,NA,NA,"http://biocol.org/urn:lsid:biocol.org:col:15556",NA,"http://biocol.org/urn:lsid:biocol.org:col:15556",NA,NA,NA,NA,NA,"ICN",NA,NA,NA,NA,NA,"sheet",NA,NA,NA,NA,"en","PhysicalObject",NA,"2017-03-31","Georeferencing Quick Reference Guide, Version 2012","Google Maps (map data 2017); MaNIS Georef. Calculator",NA,NA,NA,NA,NA,NA,NA,NA,NA,NA,NA,NA,NA,NA,"http://sweetgum.nybg.org/images3/478/019/v-247-01435745.jpg"
"1928008144","Eugenia domingensis O.Berg",20.016407,-76.064722,"mdativ","d415c253-4d61-4459-9d25-4015b9084fb0","ae447c50-b8a8-11d8-92a4-b8a03c50a862","17017c2c-036b-45d9-b045-606d21b00771","ae447c50-b8a8-11d8-92a4-b8a03c50a862","US","EML","2024-07-21T04:09:35.210+00:00","2024-07-21T05:13:08.782+00:00",415,"PRESERVED_SPECIMEN","PRESENT",5417472,6,7707728,220,690,5014,3177662,5417472,5417472,"Eugenia domingensis O.Berg","Plantae","Tracheophyta","Myrtales","Myrtaceae","Eugenia","Eugenia domingensis","Eugenia","domingensis","SPECIES","ACCEPTED","NE",NA,NA,"NORTH_AMERICA",NA,1921,NA,NA,"1921-07-11/1921-08-14",192,226,NA,"2024-07-21T05:13:08.782+00:00","http://sweetgum.nybg.org/science/vh/specimen_details.php?irn=1679659","http://creativecommons.org/licenses/by/4.0/",FALSE,"110ad0d4-a46f-4163-8336-ca5b7821de6a","none","none",FALSE,"Vascular plants","Fr. León",NA,"WGS84","Magnoliopsida","CU","none","none","LATIN_AMERICA","Cuba","NORTH_AMERICA","The New York Botanical Garden","110ad0d4-a46f-4163-8336-ca5b7821de6a",NA,NA,"11 Jul 1921 - 14 Aug 1921","NY","1928008144","110ad0d4-a46f-4163-8336-ca5b7821de6a",NA,"1435776","NY",NA,NA,NA,"Eugenia domingensis O.Berg",NA,NA,"ab83e5ab-f4f7-4c9b-a1d5-eb779dfb9377","b2190553-4505-4fdd-8fff-065c8ca26f72",NA,"10112",NA,NA,"Loma del Gato and vicinity, Cobre Range of Sierra Maestra",NA,NA,NA,NA,"http://biocol.org/urn:lsid:biocol.org:col:15556",NA,"http://biocol.org/urn:lsid:biocol.org:col:15556",NA,NA,NA,NA,NA,"ICN",NA,"2953 ft",NA,NA,NA,"sheet",NA,NA,NA,NA,"en","PhysicalObject",NA,"2017-03-31","Georeferencing Quick Reference Guide, Version 2012","Google Maps (map data 2017); MaNIS Georef. Calculator",NA,NA,NA,NA,NA,NA,NA,NA,NA,NA,NA,NA,NA,NA,"http://sweetgum.nybg.org/images3/478/050/v-247-01435776.jpg"
"1928192430","Eugenia domingensis O.Berg",18.912805,-70.738773,"mdativ","d415c253-4d61-4459-9d25-4015b9084fb0","ae447c50-b8a8-11d8-92a4-b8a03c50a862","17017c2c-036b-45d9-b045-606d21b00771","ae447c50-b8a8-11d8-92a4-b8a03c50a862","US","EML","2024-07-21T04:09:35.210+00:00","2024-07-21T05:13:24.259+00:00",415,"PRESERVED_SPECIMEN","PRESENT",5417472,6,7707728,220,690,5014,3177662,5417472,5417472,"Eugenia domingensis O.Berg","Plantae","Tracheophyta","Myrtales","Myrtaceae","Eugenia","Eugenia domingensis","Eugenia","domingensis","SPECIES","ACCEPTED","NE",NA,NA,"NORTH_AMERICA","La Vega",1910,8,NA,"1910-08",NA,NA,NA,"2024-07-21T05:13:24.259+00:00","http://sweetgum.nybg.org/science/vh/specimen_details.php?irn=1679632","http://creativecommons.org/licenses/by/4.0/",FALSE,"1de2fbe2-9352-4e4d-987e-125fb1b95a22","none","none",TRUE,"Vascular plants","H. von Tuerckheim",NA,"WGS84","Magnoliopsida","DO","none","none","LATIN_AMERICA","Dominican Republic","NORTH_AMERICA","The New York Botanical Garden","1de2fbe2-9352-4e4d-987e-125fb1b95a22",NA,NA,"Aug 1910","NY","1928192430","1de2fbe2-9352-4e4d-987e-125fb1b95a22",NA,"1435749","NY",NA,NA,NA,"Eugenia domingensis O.Berg",NA,NA,"ab83e5ab-f4f7-4c9b-a1d5-eb779dfb9377","b2190553-4505-4fdd-8fff-065c8ca26f72",NA,"3534",NA,NA,"Prope Constanza",NA,NA,NA,NA,"http://biocol.org/urn:lsid:biocol.org:col:15556",NA,"http://biocol.org/urn:lsid:biocol.org:col:15556",NA,NA,NA,NA,NA,"ICN",NA,"3937.0 ft",NA,NA,NA,"sheet",NA,NA,NA,NA,"en","PhysicalObject",NA,NA,"Georeferencing Quick Reference Guide, Version 2012","Google Maps (map data 2019); Manis Georef. Calculator",NA,NA,NA,NA,NA,NA,NA,NA,NA,NA,NA,NA,NA,NA,"http://sweetgum.nybg.org/images3/478/023/v-247-01435749.jpg"
"1928212030","Eugenia domingensis O.Berg",18.02172,-66.84244,"gass84,mdativ","d415c253-4d61-4459-9d25-4015b9084fb0","ae447c50-b8a8-11d8-92a4-b8a03c50a862","17017c2c-036b-45d9-b045-606d21b00771","ae447c50-b8a8-11d8-92a4-b8a03c50a862","US","EML","2024-07-21T04:09:35.210+00:00","2024-07-21T05:15:24.207+00:00",415,"PRESERVED_SPECIMEN","PRESENT",5417472,6,7707728,220,690,5014,3177662,5417472,5417472,"Eugenia domingensis O.Berg","Plantae","Tracheophyta","Myrtales","Myrtaceae","Eugenia","Eugenia domingensis","Eugenia","domingensis","SPECIES","ACCEPTED","NE",NA,NA,"NORTH_AMERICA","Yauco",1886,7,29,"1886-07-29",210,210,NA,"2024-07-21T05:15:24.207+00:00","http://sweetgum.nybg.org/science/vh/specimen_details.php?irn=1011906","http://creativecommons.org/licenses/by/4.0/",FALSE,"1f435442-6bfc-46be-bce5-66b7e7915757","none","none",FALSE,"Vascular plants","P. E. E. Sintenis","H. F. C. Kiaerskov","WGS84","Magnoliopsida","PR","none","none","LATIN_AMERICA","Puerto Rico","NORTH_AMERICA","The New York Botanical Garden","1f435442-6bfc-46be-bce5-66b7e7915757",NA,NA,"29 Jul 1886","NY","1928212030","1f435442-6bfc-46be-bce5-66b7e7915757",NA,"946184","NY",NA,NA,NA,"Eugenia domingensis O.Berg",NA,NA,"ab83e5ab-f4f7-4c9b-a1d5-eb779dfb9377","b2190553-4505-4fdd-8fff-065c8ca26f72",NA,"3872",NA,NA,"Barinas, ad ripam fluminis.",NA,NA,NA,NA,"http://biocol.org/urn:lsid:biocol.org:col:15556",NA,"http://biocol.org/urn:lsid:biocol.org:col:15556",NA,NA,NA,NA,NA,"ICN",NA,NA,NA,NA,NA,"sheet",NA,NA,NA,NA,"en","PhysicalObject",NA,"2008-06-25",NA,"Google Earth",NA,NA,NA,NA,NA,NA,NA,NA,NA,NA,NA,NA,NA,NA,"http://sweetgum.nybg.org/images3/189/433/v-247-00946184.jpg"
