"key","scientificName","decimalLatitude","decimalLongitude","issues","datasetKey","publishingOrgKey","installationKey","hostingOrganizationKey","publishingCountry","protocol","lastCrawled","lastParsed","crawlId","basisOfRecord","occurrenceStatus","taxonKey","kingdomKey","phylumKey","classKey","orderKey","familyKey","genusKey","speciesKey","acceptedTaxonKey","acceptedScientificName","kingdom","phylum","order","family","genus","species","genericName","specificEpithet","taxonRank","taxonomicStatus","iucnRedListCategory","dateIdentified","continent","stateProvince","year","month","day","eventDate","startDayOfYear","endDayOfYear","modified","lastInterpreted","references","license","isSequenced","identifier","facts","relations","isInCluster","datasetName","recordedBy","identifiedBy","geodeticDatum","class","countryCode","recordedByIDs","identifiedByIDs","gbifRegion","country","publishedByGbifRegion","rightsHolder","identifier.1","http...unknown.org.nick","verbatimEventDate","verbatimLocality","collectionCode","gbifID","occurrenceID","taxonID","catalogNumber","institutionCode","eventTime","http...unknown.org.captive","identificationID","name","coordinateUncertaintyInMeters","informationWithheld","occurrenceRemarks","gadm","identificationRemarks","recordedByIDs.type","recordedByIDs.value","identifiedByIDs.type","identifiedByIDs.value","higherGeography","institutionKey","recordNumber","habitat","institutionID","nomenclaturalCode","county","language","type","higherClassification","networkKeys","individualCount","lifeStage","elevation","collectionKey","islandGroup","island","locality","collectionID","otherCatalogNumbers","http...unknown.org.recordID","rights","http...unknown.org.recordEnteredBy","associatedOccurrences","associatedTaxa","infraspecificEpithet","elevationAccuracy","verbatimTaxonRank","dynamicProperties","reproductiveCondition","preparations","disposition","previousIdentifications","ownerInstitutionCode","georeferencedBy","georeferencedDate","georeferenceSources","typeStatus","georeferenceRemarks","georeferenceProtocol","municipality","fieldNumber","verbatimElevation","distanceFromCentroidInMeters","eventRemarks","gadm.level0.gid","gadm.level0.name","locationRemarks","acceptedNameUsage","typifiedName","http...unknown.org.license","http...unknown.org.rightsHolder","http...unknown.org.CatalogNumberNumeric","eventID","accessRights","organismID","media_url"
"1321119386","Mosiera longipes (O.Berg) Small",18.2739,-62.9689,"gass84,osiic","821cc27a-e3bb-4bc5-ac34-89ada245069d","bc092ff0-02e4-11dc-991f-b8a03c50a862","b2ff19b5-d74f-40d2-82f1-ec5db01e8e31","bc092ff0-02e4-11dc-991f-b8a03c50a862","US","EML","2024-08-02T10:48:24.215+00:00","2024-08-02T12:39:52.182+00:00",403,"PRESERVED_SPECIMEN","PRESENT",3185158,6,7707728,220,690,5014,3185119,3185158,3185158,"Mosiera longipes (O.Berg) Small","Plantae","Tracheophyta","Myrtales","Myrtaceae","Mosiera","Mosiera longipes","Mosiera","longipes","SPECIES","ACCEPTED","NT",NA,"NORTH_AMERICA",NA,2013,1,11,"2013-01-11",11,11,"2019-01-10T00:28:00.000+00:00","2024-08-02T12:39:52.182+00:00",NA,"all rights reserved",FALSE,"http://n2t.net/ark:/65665/3ad385be2-e368-4308-b193-8199c15a39b7","none","none",FALSE,"NMNH Extant Biology","C. M. S. Carrington & A. Samuel",NA,"WGS84","Magnoliopsida","AI","none","none","LATIN_AMERICA","Anguilla","NORTH_AMERICA",NA,"http://n2t.net/ark:/65665/3ad385be2-e368-4308-b193-8199c15a39b7",NA,NA,NA,"US","1321119386","http://n2t.net/ark:/65665/3ad385be2-e368-4308-b193-8199c15a39b7",NA,"US 3666529","US",NA,NA,NA,"Mosiera longipes (O.Berg) Small",NA,NA,NA,"none",NA,NA,NA,NA,NA,"West Indies - Neotropics, Anguilla, Lesser Antilles, Leeward Is., Anguilla","be5b9c72-e499-42b8-a5dc-c27505cf232e","3051",NA,"urn:lsid:biocol.org:col:15463",NA,NA,NA,NA,"Plantae, Dicotyledonae, Myrtales, Myrtaceae, Myrtoideae","99d66b6c-9087-452f-a9d4-f15f2c2d0e7e",1,"Fruiting",10,"151c91ba-a521-4735-8c11-5abf8db7fb67","Leeward Is.","Anguilla","Windward Point, near.","urn:uuid:60e28f81-e634-4869-aa3e-732caed713c8",NA,NA,NA,NA,NA,NA,NA,NA,NA,NA,NA,NA,NA,NA,NA,NA,NA,NA,NA,NA,NA,NA,NA,NA,NA,NA,NA,NA,NA,NA,NA,NA,NA,NA,NA,NA,NA,"http://n2t.net/ark:/65665/m3999b9368-8d15-4a43-a778-84e18b556094"
"2270643997","Psidium longipes (O.Berg) McVaugh",24.975883,-78.055583,"cdc,gass84,colmafu,inmafu","e05fd4c2-4d77-4c50-880e-1b22096af300","814cdfb5-d4f8-4453-815f-ea5df98e76bf","ac2ad091-91eb-482d-a73f-061744da5dbf","96710dc8-fecb-440d-ae3e-c34ae8a9616f","US","DWC_ARCHIVE","2024-08-01T19:50:53.747+00:00","2024-08-01T20:02:17.798+00:00",276,"PRESERVED_SPECIMEN","PRESENT",5419609,6,7707728,220,690,5014,3185119,3185158,3185158,"Mosiera longipes (O.Berg) Small","Plantae","Tracheophyta","Myrtales","Myrtaceae","Mosiera","Mosiera longipes","Psidium","longipes","SPECIES","SYNONYM","NT",NA,"NORTH_AMERICA","North Andros",2002,5,21,"2002-05-21",141,141,"2023-07-16T07:02:03.000+00:00","2024-08-01T20:02:17.798+00:00","https://swbiodiversity.org/seinet/collections/individual/index.php?occid=7275101","all rights reserved",FALSE,"7275101","none","none",FALSE,NA,"Michael A. Vincent; R. James Hickey & Jessica Woo",NA,"WGS84","Magnoliopsida","BS","none","none","LATIN_AMERICA","Bahamas","NORTH_AMERICA",NA,"7275101",NA,NA,NA,"Plants","2270643997","e0b7dbf5-9bdc-46ac-b108-359f1a00979b","48254","ASU0087034","ASU",NA,NA,NA,"Psidium longipes (O.Berg) McVaugh",NA,NA,"Shrub 1.5 m, flowers white",NA,NA,NA,NA,NA,NA,NA,"530c45d0-e0f7-401d-b3f6-34f58482c485","10593",NA,NA,NA,NA,"en",NA,"Plantae|Spermatophyta|Tracheophyta|Magnoliophyta|Eudicots|Core Eudicots|Malvids|Rosids|Myrtales|Myrtaceae|Psidium",NA,NA,NA,NA,"0bbd7d8f-706c-4e2a-9505-58b142356450",NA,NA,"North Andros Island, along main logging road, north of B.A.R.C. road, at causeway","a2e32c87-d320-4a01-bafd-a9182ae2e191","292768","e0b7dbf5-9bdc-46ac-b108-359f1a00979b","http://creativecommons.org/licenses/by-nc/3.0/","dwscott",NA,NA,NA,NA,NA,NA,NA,NA,NA,NA,NA,NA,NA,NA,NA,NA,NA,NA,NA,NA,NA,NA,NA,NA,NA,NA,NA,NA,NA,NA,NA,NA,NA,"https://swbiodiversity.org/imglib/h_seinet/seinet/ASU_Plants/201508/ASU0087034_1439320247_lg.jpg"
"2270558754","Psidium longipes var. orbiculare (O.Berg) McVaugh",19.9083,-70.8583,"cdc,gass84,colmafu,inmafu","e05fd4c2-4d77-4c50-880e-1b22096af300","814cdfb5-d4f8-4453-815f-ea5df98e76bf","ac2ad091-91eb-482d-a73f-061744da5dbf","96710dc8-fecb-440d-ae3e-c34ae8a9616f","US","DWC_ARCHIVE","2024-08-01T19:50:53.747+00:00","2024-08-01T20:02:16.278+00:00",276,"PRESERVED_SPECIMEN","PRESENT",5419607,6,7707728,220,690,5014,3185119,3185158,3185158,"Mosiera longipes (O.Berg) Small","Plantae","Tracheophyta","Myrtales","Myrtaceae","Mosiera","Mosiera longipes","Psidium","longipes","VARIETY","SYNONYM","NT",NA,"NORTH_AMERICA","Puerto Plata",2000,5,26,"2000-05-26",147,147,"2023-07-16T07:02:03.000+00:00","2024-08-01T20:02:16.278+00:00","https://swbiodiversity.org/seinet/collections/individual/index.php?occid=3099023","all rights reserved",FALSE,"3099023","none","none",FALSE,NA,"B. Peguero; T. Clase and M. de La Cruz","Andrew Salywon, 2003","WGS84","Magnoliopsida","DO","none","none","LATIN_AMERICA","Dominican Republic","NORTH_AMERICA",NA,"3099023",NA,NA,NA,"Plants","2270558754","6a40e3ab-b42b-4135-a7e4-3d4e8e17e78e","51138","ASU0033095","ASU",NA,NA,NA,"Psidium longipes var. orbiculare (O.Berg) McVaugh",NA,NA,"Arbustillo de 1 m, frutos rojos al madurar, de sabor muy dulce, entre las grietas de rocas desprendidas.","none",NA,NA,NA,NA,NA,NA,"530c45d0-e0f7-401d-b3f6-34f58482c485","1474","en la playa; abundante",NA,NA,NA,NA,NA,"Plantae|Spermatophyta|Tracheophyta|Magnoliophyta|Eudicots|Core Eudicots|Malvids|Rosids|Myrtales|Myrtaceae|Psidium|Psidium longipes",NA,NA,NA,7.5,"0bbd7d8f-706c-4e2a-9505-58b142356450",NA,NA,"Municipio de Luperon, seccion Cambiaso, Punta Manan o Punta de Justo; NE de Playa Sufle o Cambiaso","a2e32c87-d320-4a01-bafd-a9182ae2e191","242163","6a40e3ab-b42b-4135-a7e4-3d4e8e17e78e","http://creativecommons.org/licenses/by-nc/3.0/","veronica",NA,NA,"orbiculare",7.5,"var.",NA,NA,NA,NA,NA,NA,NA,NA,NA,NA,NA,NA,NA,NA,NA,NA,NA,NA,NA,NA,NA,NA,NA,NA,NA,NA,NA,NA,"https://swbiodiversity.org/imglib/h_seinet/seinet/ASU/ASU0033/ASU0033095_lg.jpg"
"2270598630","Mosiera longipes (O.Berg) Small",24.22161,-75.39711,"cdc,colmafu,inmafu","e05fd4c2-4d77-4c50-880e-1b22096af300","814cdfb5-d4f8-4453-815f-ea5df98e76bf","ac2ad091-91eb-482d-a73f-061744da5dbf","96710dc8-fecb-440d-ae3e-c34ae8a9616f","US","DWC_ARCHIVE","2024-08-01T19:50:53.747+00:00","2024-08-01T20:02:18.112+00:00",276,"PRESERVED_SPECIMEN","PRESENT",3185158,6,7707728,220,690,5014,3185119,3185158,3185158,"Mosiera longipes (O.Berg) Small","Plantae","Tracheophyta","Myrtales","Myrtaceae","Mosiera","Mosiera longipes","Mosiera","longipes","SPECIES","ACCEPTED","NT","2015-01-01T00:00:00","NORTH_AMERICA","Cat Island",2000,6,25,"2000-06-25",177,177,"2023-07-16T07:02:03.000+00:00","2024-08-01T20:02:18.112+00:00","https://swbiodiversity.org/seinet/collections/individual/index.php?occid=6711845","all rights reserved",FALSE,"6711845","none","none",FALSE,NA,"Laurel R. Richey","L. R. Landrum","WGS84","Magnoliopsida","BS","none","none","LATIN_AMERICA","Bahamas","NORTH_AMERICA",NA,"6711845",NA,NA,NA,"Plants","2270598630","11069758-9a5f-402f-9c8f-3c5622a24576","51108","ASU0085312","ASU",NA,NA,NA,"Mosiera longipes (O.Berg) Small",NA,NA,"Shrub with immature green fruits. Leaf petioles reddish. Vegetation with a nice scent when crushed","none",NA,NA,NA,NA,NA,NA,"530c45d0-e0f7-401d-b3f6-34f58482c485","00-809","Coastal coppice",NA,NA,NA,NA,NA,"Plantae|Spermatophyta|Tracheophyta|Magnoliophyta|Eudicots|Core Eudicots|Malvids|Rosids|Myrtales|Myrtaceae|Mosiera",NA,NA,NA,NA,"0bbd7d8f-706c-4e2a-9505-58b142356450",NA,NA,"Cat Island, Old Bight, along a road that runs south off the road that runs to Old Bight Beach","a2e32c87-d320-4a01-bafd-a9182ae2e191","292282","11069758-9a5f-402f-9c8f-3c5622a24576","http://creativecommons.org/licenses/by-nc/3.0/","waltola64",NA,NA,NA,NA,NA,NA,NA,NA,NA,NA,NA,NA,NA,NA,NA,NA,NA,NA,NA,NA,NA,NA,NA,NA,NA,NA,NA,NA,NA,NA,NA,NA,NA,"https://swbiodiversity.org/imglib/h_seinet/seinet/ASU/ASU_Plants/ASU0085/ASU0085312_lg.jpg"
"122994127","Psidium longipes (O.Berg) McVaugh",25.609,-80.4987,"cdc,gass84,incomis","832cb04e-f762-11e1-a439-00145eb45e9a","bd561840-efdc-11d9-a329-b8a03c50a862","40dee7df-00ee-4965-bcaf-5291dbab4b08","253fc67c-c7fb-4c85-88f5-43ac6d9dc8a9","US","EML","2023-06-07T04:10:35.143+00:00","2024-01-24T21:05:27.952+00:00",275,"PRESERVED_SPECIMEN","PRESENT",5419609,6,7707728,220,690,5014,3185119,3185158,3185158,"Mosiera longipes (O.Berg) Small","Plantae","Tracheophyta","Myrtales","Myrtaceae","Mosiera","Mosiera longipes","Psidium","longipes","SPECIES","SYNONYM","NT",NA,"NORTH_AMERICA","Florida",1998,5,21,"1998-05-21",141,141,NA,"2024-01-24T21:05:27.952+00:00",NA,"all rights reserved",FALSE,"04F04143-B00F-4717-BAC7-89E2076773BF","none","none",TRUE,NA,"K. A. Bradley",NA,"WGS84","Magnoliopsida","US","none","none","NORTH_AMERICA","United States of America","NORTH_AMERICA",NA,"04F04143-B00F-4717-BAC7-89E2076773BF",NA,NA,NA,"Herbarium","122994127","04F04143-B00F-4717-BAC7-89E2076773BF",NA,"83171","FTG",NA,NA,"167445","Psidium longipes (O.Berg) McVaugh",72324,NA,NA,NA,NA,NA,NA,NA,NA,"United States of America|Florida|Miami-Dade","62338caa-c755-4560-b50e-438f5ec4820a","1710",NA,"urn:lsid:biocol.org:col:15568","ICN","Miami-Dade","en","PhysicalObject","Plantae | Magnoliophyta | Myrtaceae",NA,NA,NA,NA,NA,NA,NA,NA,NA,NA,NA,NA,NA,NA,NA,NA,NA,NA,NA,NA,NA,NA,NA,NA,NA,NA,NA,NA,NA,NA,NA,NA,NA,NA,NA,NA,NA,NA,NA,NA,NA,NA,NA,NA,NA,NA,"https://cdn.plantatlas.org/img/specimens/FTG/83171.jpg"
"122994098","Psidium longipes (O.Berg) McVaugh",25.609,-80.4987,"cdc,gass84,incomis","832cb04e-f762-11e1-a439-00145eb45e9a","bd561840-efdc-11d9-a329-b8a03c50a862","40dee7df-00ee-4965-bcaf-5291dbab4b08","253fc67c-c7fb-4c85-88f5-43ac6d9dc8a9","US","EML","2023-06-07T04:10:35.143+00:00","2024-01-24T21:05:07.513+00:00",275,"PRESERVED_SPECIMEN","PRESENT",5419609,6,7707728,220,690,5014,3185119,3185158,3185158,"Mosiera longipes (O.Berg) Small","Plantae","Tracheophyta","Myrtales","Myrtaceae","Mosiera","Mosiera longipes","Psidium","longipes","SPECIES","SYNONYM","NT",NA,"NORTH_AMERICA","Florida",1998,5,21,"1998-05-21",141,141,NA,"2024-01-24T21:05:07.513+00:00",NA,"all rights reserved",FALSE,"745993C5-083A-436F-921C-FEC357D9ED83","none","none",FALSE,NA,"K. A. Bradley",NA,"WGS84","Magnoliopsida","US","none","none","NORTH_AMERICA","United States of America","NORTH_AMERICA",NA,"745993C5-083A-436F-921C-FEC357D9ED83",NA,NA,NA,"Herbarium","122994098","745993C5-083A-436F-921C-FEC357D9ED83",NA,"82251","FTG",NA,NA,"226177","Psidium longipes (O.Berg) McVaugh",72324,NA,NA,NA,NA,NA,NA,NA,NA,"United States of America|Florida|Miami-Dade","62338caa-c755-4560-b50e-438f5ec4820a","1685",NA,"urn:lsid:biocol.org:col:15568","ICN","Miami-Dade","en","PhysicalObject","Plantae | Magnoliophyta | Myrtaceae",NA,NA,NA,NA,NA,NA,NA,NA,NA,NA,NA,NA,NA,NA,NA,NA,NA,NA,NA,NA,NA,NA,NA,NA,NA,NA,NA,NA,NA,NA,NA,NA,NA,NA,NA,NA,NA,NA,NA,NA,NA,NA,NA,NA,NA,NA,"https://cdn.plantatlas.org/img/specimens/FTG/82251.jpg"
"122994210","Psidium longipes (O.Berg) McVaugh",25.609,-80.4987,"cdc,gass84,incomis","832cb04e-f762-11e1-a439-00145eb45e9a","bd561840-efdc-11d9-a329-b8a03c50a862","40dee7df-00ee-4965-bcaf-5291dbab4b08","253fc67c-c7fb-4c85-88f5-43ac6d9dc8a9","US","EML","2023-06-07T04:10:35.143+00:00","2024-01-24T21:05:12.208+00:00",275,"PRESERVED_SPECIMEN","PRESENT",5419609,6,7707728,220,690,5014,3185119,3185158,3185158,"Mosiera longipes (O.Berg) Small","Plantae","Tracheophyta","Myrtales","Myrtaceae","Mosiera","Mosiera longipes","Psidium","longipes","SPECIES","SYNONYM","NT",NA,"NORTH_AMERICA","Florida",1998,6,7,"1998-06-07",158,158,NA,"2024-01-24T21:05:12.208+00:00",NA,"all rights reserved",FALSE,"B05C698C-B903-459A-A2E0-BD5E9D61BA42","none","none",FALSE,NA,"K. A. Bradley",NA,"WGS84","Magnoliopsida","US","none","none","NORTH_AMERICA","United States of America","NORTH_AMERICA",NA,"B05C698C-B903-459A-A2E0-BD5E9D61BA42",NA,NA,NA,"Herbarium","122994210","B05C698C-B903-459A-A2E0-BD5E9D61BA42",NA,"84575","FTG",NA,NA,"187144","Psidium longipes (O.Berg) McVaugh",72324,NA,NA,NA,NA,NA,NA,NA,NA,"United States of America|Florida|Miami-Dade","62338caa-c755-4560-b50e-438f5ec4820a","1837",NA,"urn:lsid:biocol.org:col:15568","ICN","Miami-Dade","en","PhysicalObject","Plantae | Magnoliophyta | Myrtaceae",NA,NA,NA,NA,NA,NA,NA,NA,NA,NA,NA,NA,NA,NA,NA,NA,NA,NA,NA,NA,NA,NA,NA,NA,NA,NA,NA,NA,NA,NA,NA,NA,NA,NA,NA,NA,NA,NA,NA,NA,NA,NA,NA,NA,NA,NA,"https://cdn.plantatlas.org/img/specimens/FTG/84575.jpg"
"2270559237","Mosiera longipes (O.Berg) Small",18.3167,-68.75,"cdc,gass84,colmafu,inmafu","e05fd4c2-4d77-4c50-880e-1b22096af300","814cdfb5-d4f8-4453-815f-ea5df98e76bf","ac2ad091-91eb-482d-a73f-061744da5dbf","96710dc8-fecb-440d-ae3e-c34ae8a9616f","US","DWC_ARCHIVE","2024-08-01T19:50:53.747+00:00","2024-08-01T20:02:15.874+00:00",276,"PRESERVED_SPECIMEN","PRESENT",3185158,6,7707728,220,690,5014,3185119,3185158,3185158,"Mosiera longipes (O.Berg) Small","Plantae","Tracheophyta","Myrtales","Myrtaceae","Mosiera","Mosiera longipes","Mosiera","longipes","SPECIES","ACCEPTED","NT",NA,"NORTH_AMERICA","La Altagracia",1994,3,14,"1994-03-14",73,73,"2023-07-16T07:02:03.000+00:00","2024-08-01T20:02:15.874+00:00","https://swbiodiversity.org/seinet/collections/individual/index.php?occid=3099022","all rights reserved",FALSE,"3099022","none","none",FALSE,NA,"M. Mejia","Andrew Salywon, 2003","WGS84","Magnoliopsida","DO","none","none","LATIN_AMERICA","Dominican Republic","NORTH_AMERICA",NA,"3099022",NA,NA,NA,"Plants","2270559237","83eaf777-3dbe-4707-93c2-380b3faf32a3","51108","ASU0033094","ASU",NA,NA,NA,"Mosiera longipes (O.Berg) Small",NA,NA,"Arbusto de 1.5 m de alto; fl. con petalos blanco, frutos inmaduros verde. Comun en este lugar",NA,NA,NA,NA,NA,NA,NA,"530c45d0-e0f7-401d-b3f6-34f58482c485","2373","Bosque bajo y abierto",NA,NA,NA,NA,NA,"Plantae|Spermatophyta|Tracheophyta|Magnoliophyta|Eudicots|Core Eudicots|Malvids|Rosids|Myrtales|Myrtaceae|Mosiera",NA,NA,NA,2,"0bbd7d8f-706c-4e2a-9505-58b142356450",NA,NA,"Parque Nacional del Este;  2 km. al Este de Palmilla en el manantial de la zanja, llanura rocosa con varias fisuras y manantiales con peces.","a2e32c87-d320-4a01-bafd-a9182ae2e191","219786","83eaf777-3dbe-4707-93c2-380b3faf32a3","http://creativecommons.org/licenses/by-nc/3.0/","veronica",NA,"ecologicallyOccursWith: Bucida buceras|ecologicallyOccursWith: Thrinax morrisii|ecologicallyOccursWith: Coccoloba diversifolia|ecologicallyOccursWith: Tabebuia obovata|ecologicallyOccursWith: Coccoloba microstachya|ecologicallyOccursWith: Ernodea littoralis",NA,NA,NA,NA,NA,NA,NA,NA,NA,NA,NA,NA,NA,NA,NA,NA,NA,NA,NA,NA,NA,NA,NA,NA,NA,NA,NA,NA,NA,NA,NA,"https://swbiodiversity.org/imglib/h_seinet/seinet/ASU/ASU0033/ASU0033094_lg.jpg"
"122993936","Psidium longipes (O.Berg) McVaugh",25.609,-80.4987,"cdc,gass84,incomis","832cb04e-f762-11e1-a439-00145eb45e9a","bd561840-efdc-11d9-a329-b8a03c50a862","40dee7df-00ee-4965-bcaf-5291dbab4b08","253fc67c-c7fb-4c85-88f5-43ac6d9dc8a9","US","EML","2023-06-07T04:10:35.143+00:00","2024-01-24T21:05:25.990+00:00",275,"PRESERVED_SPECIMEN","PRESENT",5419609,6,7707728,220,690,5014,3185119,3185158,3185158,"Mosiera longipes (O.Berg) Small","Plantae","Tracheophyta","Myrtales","Myrtaceae","Mosiera","Mosiera longipes","Psidium","longipes","SPECIES","SYNONYM","NT",NA,"NORTH_AMERICA","Florida",1994,11,21,"1994-11-21",325,325,NA,"2024-01-24T21:05:25.990+00:00",NA,"all rights reserved",FALSE,"D2EEA8C6-0710-4219-ACE0-6C31441BF69C","none","none",FALSE,NA,"K. A. Bradley",NA,"WGS84","Magnoliopsida","US","none","none","NORTH_AMERICA","United States of America","NORTH_AMERICA",NA,"D2EEA8C6-0710-4219-ACE0-6C31441BF69C",NA,NA,NA,"Herbarium","122993936","D2EEA8C6-0710-4219-ACE0-6C31441BF69C",NA,"74076","FTG",NA,NA,"175733","Psidium longipes (O.Berg) McVaugh",72324,NA,NA,NA,NA,NA,NA,NA,NA,"United States of America|Florida|Miami-Dade","62338caa-c755-4560-b50e-438f5ec4820a","47",NA,"urn:lsid:biocol.org:col:15568","ICN","Miami-Dade","en","PhysicalObject","Plantae | Magnoliophyta | Myrtaceae",NA,NA,NA,NA,NA,NA,NA,NA,NA,NA,NA,NA,NA,NA,NA,NA,NA,NA,NA,NA,NA,NA,NA,NA,NA,NA,NA,NA,NA,NA,NA,NA,NA,NA,NA,NA,NA,NA,NA,NA,NA,NA,NA,NA,NA,NA,"https://cdn.plantatlas.org/img/specimens/FTG/74076.jpg"
"2270560443","Mosiera longipes (O.Berg) Small",18.3333,-68.6,"cdc,gass84,colmafu,inmafu","e05fd4c2-4d77-4c50-880e-1b22096af300","814cdfb5-d4f8-4453-815f-ea5df98e76bf","ac2ad091-91eb-482d-a73f-061744da5dbf","96710dc8-fecb-440d-ae3e-c34ae8a9616f","US","DWC_ARCHIVE","2024-08-01T19:50:53.747+00:00","2024-08-01T20:02:16.139+00:00",276,"PRESERVED_SPECIMEN","PRESENT",3185158,6,7707728,220,690,5014,3185119,3185158,3185158,"Mosiera longipes (O.Berg) Small","Plantae","Tracheophyta","Myrtales","Myrtaceae","Mosiera","Mosiera longipes","Mosiera","longipes","SPECIES","ACCEPTED","NT",NA,"NORTH_AMERICA","La Altagracia",1992,3,27,"1992-03-27",87,87,"2023-07-16T07:02:03.000+00:00","2024-08-01T20:02:16.139+00:00","https://swbiodiversity.org/seinet/collections/individual/index.php?occid=3099020","all rights reserved",FALSE,"3099020","none","none",FALSE,NA,"R. Garcia; F. Jimenez, J. Gonzalez","Andrew Salywon, 2003","WGS84","Magnoliopsida","DO","none","none","LATIN_AMERICA","Dominican Republic","NORTH_AMERICA",NA,"3099020",NA,NA,NA,"Plants","2270560443","05742040-4e09-4fa4-97b2-d778dba36cb6","51108","ASU0033092","ASU",NA,NA,NA,"Mosiera longipes (O.Berg) Small",NA,NA,"Decumbente, ramas entendidas sobre las rocas, esteril","none",NA,NA,NA,NA,NA,NA,"530c45d0-e0f7-401d-b3f6-34f58482c485","3666","vegetacion xerofitica",NA,NA,NA,NA,NA,"Plantae|Spermatophyta|Tracheophyta|Magnoliophyta|Eudicots|Core Eudicots|Malvids|Rosids|Myrtales|Myrtaceae|Mosiera",NA,NA,NA,40,"0bbd7d8f-706c-4e2a-9505-58b142356450",NA,NA,"Boca de Yuma: Parque Nacional del Este; SE de la caseta de Boca de Yuma, sobre un farallon con roca desnuda. Los guarda parque llaman a este lugar Cabofalso","a2e32c87-d320-4a01-bafd-a9182ae2e191","221002","05742040-4e09-4fa4-97b2-d778dba36cb6","http://creativecommons.org/licenses/by-nc/3.0/","veronica",NA,"ecologicallyOccursWith: Tabebuia|ecologicallyOccursWith: Ateramnus|ecologicallyOccursWith: Plumeria|ecologicallyOccursWith: Amyris y Comocladia",NA,NA,NA,NA,NA,NA,NA,NA,NA,NA,NA,NA,NA,NA,NA,NA,NA,NA,NA,NA,NA,NA,NA,NA,NA,NA,NA,NA,NA,NA,NA,"https://swbiodiversity.org/imglib/h_seinet/seinet/ASU/ASU0033/ASU0033092_lg.jpg"
"2270557878","Mosiera longipes (O.Berg) Small",18.2583,-68.6333,"cdc,gass84,colmafu,inmafu","e05fd4c2-4d77-4c50-880e-1b22096af300","814cdfb5-d4f8-4453-815f-ea5df98e76bf","ac2ad091-91eb-482d-a73f-061744da5dbf","96710dc8-fecb-440d-ae3e-c34ae8a9616f","US","DWC_ARCHIVE","2024-08-01T19:50:53.747+00:00","2024-08-01T20:02:16.231+00:00",276,"PRESERVED_SPECIMEN","PRESENT",3185158,6,7707728,220,690,5014,3185119,3185158,3185158,"Mosiera longipes (O.Berg) Small","Plantae","Tracheophyta","Myrtales","Myrtaceae","Mosiera","Mosiera longipes","Mosiera","longipes","SPECIES","ACCEPTED","NT",NA,"NORTH_AMERICA","La Altagracia",1992,4,24,"1992-04-24",115,115,"2023-07-16T07:02:03.000+00:00","2024-08-01T20:02:16.231+00:00","https://swbiodiversity.org/seinet/collections/individual/index.php?occid=3099021","all rights reserved",FALSE,"3099021","none","none",FALSE,NA,"R. Garcia; F. Jimenez, N. Ramirez","Andrew Salywon, 2003","WGS84","Magnoliopsida","DO","none","none","LATIN_AMERICA","Dominican Republic","NORTH_AMERICA",NA,"3099021",NA,NA,NA,"Plants","2270557878","5ee70da4-4c0a-4580-b8d6-3fa5625802bb","51108","ASU0033093","ASU",NA,NA,NA,"Mosiera longipes (O.Berg) Small",NA,NA,"Arbusto, creciendo en forma decumbente sobre las rocas, petalo verde claro casi blanco.","none",NA,NA,NA,NA,NA,NA,"530c45d0-e0f7-401d-b3f6-34f58482c485","3699",NA,NA,NA,NA,NA,NA,"Plantae|Spermatophyta|Tracheophyta|Magnoliophyta|Eudicots|Core Eudicots|Malvids|Rosids|Myrtales|Myrtaceae|Mosiera",NA,NA,NA,25,"0bbd7d8f-706c-4e2a-9505-58b142356450",NA,NA,"Parque Nacional del Este: Gran Chorra; 900m. al 0 de la caseta, sobre un farallon.","a2e32c87-d320-4a01-bafd-a9182ae2e191","242177","5ee70da4-4c0a-4580-b8d6-3fa5625802bb","http://creativecommons.org/licenses/by-nc/3.0/","veronica",NA,"ecologicallyOccursWith: Coccoloba|ecologicallyOccursWith: Colubrina|ecologicallyOccursWith: Buxus",NA,NA,NA,NA,NA,NA,NA,NA,NA,NA,NA,NA,NA,NA,NA,NA,NA,NA,NA,NA,NA,NA,NA,NA,NA,NA,NA,NA,NA,NA,NA,"https://swbiodiversity.org/imglib/h_seinet/seinet/ASU/ASU0033/ASU0033093_lg.jpg"
"122993720","Psidium longipes (O.Berg) McVaugh",25.609,-80.4987,"cdc,gass84,incomis","832cb04e-f762-11e1-a439-00145eb45e9a","bd561840-efdc-11d9-a329-b8a03c50a862","40dee7df-00ee-4965-bcaf-5291dbab4b08","253fc67c-c7fb-4c85-88f5-43ac6d9dc8a9","US","EML","2023-06-07T04:10:35.143+00:00","2024-01-24T21:05:16.663+00:00",275,"PRESERVED_SPECIMEN","PRESENT",5419609,6,7707728,220,690,5014,3185119,3185158,3185158,"Mosiera longipes (O.Berg) Small","Plantae","Tracheophyta","Myrtales","Myrtaceae","Mosiera","Mosiera longipes","Psidium","longipes","SPECIES","SYNONYM","NT",NA,"NORTH_AMERICA","Florida",1985,4,16,"1985-04-16",106,106,NA,"2024-01-24T21:05:16.663+00:00",NA,"all rights reserved",FALSE,"D0EF5CC1-9DCD-4802-9B31-75CCECAE5631","none","none",FALSE,NA,"R. Seavey, J. R, Seavey",NA,"WGS84","Magnoliopsida","US","none","none","NORTH_AMERICA","United States of America","NORTH_AMERICA",NA,"D0EF5CC1-9DCD-4802-9B31-75CCECAE5631",NA,NA,NA,"Herbarium","122993720","D0EF5CC1-9DCD-4802-9B31-75CCECAE5631",NA,"60634","FTG",NA,NA,"179973","Psidium longipes (O.Berg) McVaugh",72324,NA,NA,NA,NA,NA,NA,NA,NA,"United States of America|Florida|Miami-Dade","62338caa-c755-4560-b50e-438f5ec4820a","166",NA,"urn:lsid:biocol.org:col:15568","ICN","Miami-Dade","en","PhysicalObject","Plantae | Magnoliophyta | Myrtaceae",NA,NA,NA,NA,NA,NA,NA,NA,NA,NA,NA,NA,NA,NA,NA,NA,NA,NA,NA,NA,NA,NA,NA,NA,NA,NA,NA,NA,NA,NA,NA,NA,NA,NA,NA,NA,NA,NA,NA,NA,NA,NA,NA,NA,NA,NA,"https://cdn.plantatlas.org/img/specimens/FTG/60634.jpg"
"122993222","Psidium longipes (O.Berg) McVaugh",44.7316,-93.178,"cdc,gass84,cdumi,incomis","832cb04e-f762-11e1-a439-00145eb45e9a","bd561840-efdc-11d9-a329-b8a03c50a862","40dee7df-00ee-4965-bcaf-5291dbab4b08","253fc67c-c7fb-4c85-88f5-43ac6d9dc8a9","US","EML","2023-06-07T04:10:35.143+00:00","2024-01-24T21:04:57.744+00:00",275,"PRESERVED_SPECIMEN","PRESENT",5419609,6,7707728,220,690,5014,3185119,3185158,3185158,"Mosiera longipes (O.Berg) Small","Plantae","Tracheophyta","Myrtales","Myrtaceae","Mosiera","Mosiera longipes","Psidium","longipes","SPECIES","SYNONYM","NT",NA,"NORTH_AMERICA",NA,1980,7,3,"1980-07-03",185,185,NA,"2024-01-24T21:04:57.744+00:00",NA,"all rights reserved",FALSE,"3F670870-F484-4C9E-B6C2-524469C7C2CD","none","none",FALSE,NA,"M. P. Coons",NA,"WGS84","Magnoliopsida","US","none","none","NORTH_AMERICA","United States of America","NORTH_AMERICA",NA,"3F670870-F484-4C9E-B6C2-524469C7C2CD",NA,NA,NA,"Herbarium","122993222","3F670870-F484-4C9E-B6C2-524469C7C2CD",NA,"46448","FTG",NA,NA,"188135","Psidium longipes (O.Berg) McVaugh",NA,NA,NA,NA,NA,NA,NA,NA,NA,"United States of America","62338caa-c755-4560-b50e-438f5ec4820a","1907",NA,"urn:lsid:biocol.org:col:15568","ICN",NA,"en","PhysicalObject","Plantae | Magnoliophyta | Myrtaceae",NA,NA,NA,NA,NA,NA,NA,NA,NA,NA,NA,NA,NA,NA,NA,NA,NA,NA,NA,NA,NA,NA,NA,NA,"USFWI","2021-07-20 08:49:40.62","GEOLocate",NA,NA,NA,NA,NA,NA,NA,NA,NA,NA,NA,NA,NA,NA,NA,NA,NA,NA,NA,"https://cdn.plantatlas.org/img/specimens/FTG/46448.jpg"
"122993142","Psidium longipes (O.Berg) McVaugh",24.9844,-80.6679,"cdc,gass84,incomis","832cb04e-f762-11e1-a439-00145eb45e9a","bd561840-efdc-11d9-a329-b8a03c50a862","40dee7df-00ee-4965-bcaf-5291dbab4b08","253fc67c-c7fb-4c85-88f5-43ac6d9dc8a9","US","EML","2023-06-07T04:10:35.143+00:00","2024-01-24T21:05:25.481+00:00",275,"PRESERVED_SPECIMEN","PRESENT",5419609,6,7707728,220,690,5014,3185119,3185158,3185158,"Mosiera longipes (O.Berg) Small","Plantae","Tracheophyta","Myrtales","Myrtaceae","Mosiera","Mosiera longipes","Psidium","longipes","SPECIES","SYNONYM","NT",NA,"NORTH_AMERICA","Florida",1979,7,8,"1979-07-08",189,189,NA,"2024-01-24T21:05:25.481+00:00",NA,"all rights reserved",FALSE,"513E4078-ABE0-4812-B364-0EE387596550","none","none",FALSE,NA,"P. Krauss, F. Mazzotti",NA,"WGS84","Magnoliopsida","US","none","none","NORTH_AMERICA","United States of America","NORTH_AMERICA",NA,"513E4078-ABE0-4812-B364-0EE387596550",NA,NA,NA,"Herbarium","122993142","513E4078-ABE0-4812-B364-0EE387596550",NA,"37636","FTG",NA,NA,"179273","Psidium longipes (O.Berg) McVaugh",14542,NA,NA,"none",NA,NA,NA,NA,NA,"United States of America|Florida|Monroe","62338caa-c755-4560-b50e-438f5ec4820a","595",NA,"urn:lsid:biocol.org:col:15568","ICN","Monroe","en","PhysicalObject","Plantae | Magnoliophyta | Myrtaceae",NA,NA,NA,NA,NA,NA,NA,NA,NA,NA,NA,NA,NA,NA,NA,NA,NA,NA,NA,NA,NA,NA,NA,NA,NA,NA,NA,NA,NA,NA,NA,NA,NA,NA,NA,NA,NA,NA,NA,NA,NA,NA,NA,NA,NA,NA,"https://cdn.plantatlas.org/img/specimens/FTG/37636.jpg"
"2234339466","Psidium longipes (O.Berg) McVaugh",25.562593,-80.371738,"cdc,colmafu,inmafu","27b4ff4b-29c3-4017-9c48-3750861392f7","0eabc674-8106-401e-9613-5f10164b562d","ac2ad091-91eb-482d-a73f-061744da5dbf","96710dc8-fecb-440d-ae3e-c34ae8a9616f","US","DWC_ARCHIVE","2024-08-02T21:26:17.029+00:00","2024-08-02T21:39:09.511+00:00",306,"PRESERVED_SPECIMEN","PRESENT",5419609,6,7707728,220,690,5014,3185119,3185158,3185158,"Mosiera longipes (O.Berg) Small","Plantae","Tracheophyta","Myrtales","Myrtaceae","Mosiera","Mosiera longipes","Psidium","longipes","SPECIES","SYNONYM","NT","1978-06-04T00:00:00","NORTH_AMERICA","Florida",1978,6,4,"1978-06-04",155,155,"2023-07-16T07:02:03.000+00:00","2024-08-02T21:39:09.511+00:00","https://sernecportal.org/portal/collections/individual/index.php?occid=12631125","all rights reserved",FALSE,"12631125","none","none",TRUE,NA,"Correll, Donovan S.","Correll, Donovan S.","WGS84","Magnoliopsida","US","none","none","NORTH_AMERICA","United States of America","NORTH_AMERICA",NA,"12631125",NA,NA,NA,"Vascular Plants","2234339466","8e339584-87a9-41fa-a6d4-49d0eaa8477a","48254","NCU00239568","NCU",NA,NA,NA,"Psidium longipes (O.Berg) McVaugh",1178,NA,"prostrate to erect shrub 0.5m tall.",NA,NA,NA,NA,NA,NA,NA,"aa4daddc-a758-41fc-b363-d5642c838996","49859","savanna area",NA,NA,"Miami Dade","en",NA,"Plantae|Spermatophyta|Tracheophyta|Magnoliophyta|Eudicots|Core Eudicots|Malvids|Rosids|Myrtales|Myrtaceae|Psidium",NA,NA,NA,NA,"a7e21e07-4d7a-4ace-b2ce-11c39809bb5b",NA,NA,"corner of Old Cutler Road and Allapattah Drive","17f2d0fa-39a6-4465-8055-1d6fc12eeda2","NCU Accession #: 491946","8e339584-87a9-41fa-a6d4-49d0eaa8477a","http://creativecommons.org/licenses/by-nc/3.0/","annaserenius",NA,NA,NA,NA,NA,NA,"flowering",NA,NA,NA,NA,"McCormick, Carol Ann",NA,"GeoLocate",NA,"= Intersection of Old Cutler Road and Allapattah Drive (= W112th Ave); https://en.wikipedia.org/wiki/Old_Cutler_Road",NA,NA,NA,NA,NA,NA,NA,NA,NA,NA,NA,NA,NA,NA,NA,NA,NA,"https://sernecportal.org/imglib/seinet/sernec/NCU_VascularPlants/NCU00239/NCU00239568_01.JPG"
"1928903814","Mosiera longipes (O.Berg) Small",17.636011,-61.808171,"mdativ","d415c253-4d61-4459-9d25-4015b9084fb0","ae447c50-b8a8-11d8-92a4-b8a03c50a862","17017c2c-036b-45d9-b045-606d21b00771","ae447c50-b8a8-11d8-92a4-b8a03c50a862","US","EML","2024-07-21T04:09:35.210+00:00","2024-07-21T05:13:50.643+00:00",415,"PRESERVED_SPECIMEN","PRESENT",3185158,6,7707728,220,690,5014,3185119,3185158,3185158,"Mosiera longipes (O.Berg) Small","Plantae","Tracheophyta","Myrtales","Myrtaceae","Mosiera","Mosiera longipes","Mosiera","longipes","SPECIES","ACCEPTED","NT","2017-08-04T00:00:00","NORTH_AMERICA","Barbuda",1977,7,28,"1977-07-28",209,209,NA,"2024-07-21T05:13:50.643+00:00","http://sweetgum.nybg.org/science/vh/specimen_details.php?irn=1679391","all rights reserved",FALSE,"50514175-0873-4f1e-8679-8a96e70ccc9b","none","none",TRUE,"Vascular plants","R. A. Howard","J. A. Flickinger","WGS84","Magnoliopsida","AG","none","none","LATIN_AMERICA","Antigua and Barbuda","NORTH_AMERICA","The New York Botanical Garden","50514175-0873-4f1e-8679-8a96e70ccc9b",NA,"28 Jul 1977",NA,"NY","1928903814","50514175-0873-4f1e-8679-8a96e70ccc9b",NA,"01435619","NY",NA,NA,NA,"Mosiera longipes (O.Berg) Small",NA,NA,NA,NA,NA,NA,NA,NA,NA,NA,"ab83e5ab-f4f7-4c9b-a1d5-eb779dfb9377","18523",NA,"http://biocol.org/urn:lsid:biocol.org:col:15556","ICN",NA,"en","PhysicalObject",NA,NA,NA,NA,NA,"b2190553-4505-4fdd-8fff-065c8ca26f72",NA,NA,"Round Hill area","http://biocol.org/urn:lsid:biocol.org:col:15556",NA,NA,NA,NA,NA,NA,NA,NA,NA,NA,NA,"sheet",NA,NA,NA,NA,"2018-12-13","Google Maps (map data 2018); MaNIS Georef. Calculator",NA,NA,"Georeferencing Quick Reference Guide, Version 2012",NA,NA,NA,NA,NA,NA,NA,NA,NA,NA,NA,NA,NA,NA,NA,NA,"http://sweetgum.nybg.org/images3/477/899/v-247-01435619.jpg"
"1928339055","Mosiera longipes (O.Berg) Small",26.567572,-77.139784,"mdativ","d415c253-4d61-4459-9d25-4015b9084fb0","ae447c50-b8a8-11d8-92a4-b8a03c50a862","17017c2c-036b-45d9-b045-606d21b00771","ae447c50-b8a8-11d8-92a4-b8a03c50a862","US","EML","2024-07-21T04:09:35.210+00:00","2024-07-21T05:13:26.641+00:00",415,"PRESERVED_SPECIMEN","PRESENT",3185158,6,7707728,220,690,5014,3185119,3185158,3185158,"Mosiera longipes (O.Berg) Small","Plantae","Tracheophyta","Myrtales","Myrtaceae","Mosiera","Mosiera longipes","Mosiera","longipes","SPECIES","ACCEPTED","NT",NA,"NORTH_AMERICA","Central Abaco",1975,3,13,"1975-03-13",72,72,NA,"2024-07-21T05:13:26.641+00:00","http://sweetgum.nybg.org/science/vh/specimen_details.php?irn=1907475","all rights reserved",FALSE,"284a36a1-ed3e-4968-9210-694446a9063f","none","none",FALSE,"Vascular plants","D. S. Correll",NA,"WGS84","Magnoliopsida","BS","none","none","LATIN_AMERICA","Bahamas","NORTH_AMERICA","The New York Botanical Garden","284a36a1-ed3e-4968-9210-694446a9063f",NA,"13 Mar 1975",NA,"NY","1928339055","284a36a1-ed3e-4968-9210-694446a9063f",NA,"1602371","NY",NA,NA,NA,"Mosiera longipes (O.Berg) Small",NA,NA,NA,NA,NA,NA,NA,NA,NA,NA,"ab83e5ab-f4f7-4c9b-a1d5-eb779dfb9377","44612",NA,"http://biocol.org/urn:lsid:biocol.org:col:15556","ICN",NA,"en","PhysicalObject",NA,NA,NA,NA,NA,"b2190553-4505-4fdd-8fff-065c8ca26f72",NA,NA,"Great Abaco:  pineland along Great Abaco Highway, about 1 mile northwest edge of Marsh Harbour.","http://biocol.org/urn:lsid:biocol.org:col:15556",NA,NA,NA,NA,NA,NA,NA,NA,NA,NA,NA,"sheet",NA,NA,NA,NA,"2020-08-19","Google Maps (map data 2020); MaNIS Georef. Calculator",NA,NA,"Georeferencing Quick Reference Guide, Version 2012",NA,NA,NA,NA,NA,NA,NA,NA,NA,NA,NA,NA,NA,NA,NA,NA,"http://sweetgum.nybg.org/images3/749/818/1602371.jpg"
"2572992805","Psidium longipes (O.Berg) McVaugh",24.4333,-77.95,"cdc,gass84,inmafu","e42c4be9-dc6d-466b-8df2-60ac8c47fadd","fee1eb85-53bb-4edb-91cc-de55f11b3cee","ac2ad091-91eb-482d-a73f-061744da5dbf","96710dc8-fecb-440d-ae3e-c34ae8a9616f","US","DWC_ARCHIVE","2024-08-01T17:08:10.802+00:00","2024-08-01T17:16:26.323+00:00",222,"PRESERVED_SPECIMEN","PRESENT",5419609,6,7707728,220,690,5014,3185119,3185158,3185158,"Mosiera longipes (O.Berg) Small","Plantae","Tracheophyta","Myrtales","Myrtaceae","Mosiera","Mosiera longipes","Psidium","longipes","SPECIES","SYNONYM","NT",NA,"NORTH_AMERICA","Andros",1975,5,24,"1975-05-24",144,144,"2023-07-16T07:02:03.000+00:00","2024-08-01T17:16:26.323+00:00","https://nansh.org/portal/collections/individual/index.php?occid=15465946","all rights reserved",FALSE,"15465946","none","none",TRUE,NA,"Hill, S. R.",NA,"WGS84","Magnoliopsida","BS","none","none","LATIN_AMERICA","Bahamas","NORTH_AMERICA","University of Vermont","15465946",NA,"May 24, 1975",NA,NA,"2572992805","6b552441-fc65-464a-a5d2-0f6d4cd97a33","48254","UVMVT231710","VT",NA,NA,NA,"Psidium longipes (O.Berg) McVaugh",5421,NA,"Flowers white, slender shrub 1.5 m tall",NA,NA,NA,NA,NA,NA,NA,"5c317c20-a640-4f0d-853c-ce104d3241df","2992","Pineland",NA,NA,NA,NA,NA,"Plantae|Spermatophyta|Tracheophyta|Magnoliophyta|Eudicots|Core Eudicots|Malvids|Rosids|Myrtales|Myrtaceae|Psidium",NA,NA,NA,NA,"fdc6f4b1-6ba7-4e70-aa42-6c48df77790e",NA,NA,"east end of airport runway, Andros Town.","58ab88f3-0034-461c-9c44-9e525c4d360f",NA,"6b552441-fc65-464a-a5d2-0f6d4cd97a33","http://creativecommons.org/licenses/by-nc/3.0/","O'Neill, E. E. O.",NA,NA,NA,NA,NA,NA,NA,NA,NA,NA,NA,"USFWI",NA,"GEOLocate",NA,NA,NA,NA,NA,NA,NA,NA,NA,NA,NA,NA,NA,NA,NA,NA,NA,NA,NA,"http://nansh.org/imglib/storage/vt/vplants/UVMVT231/UVMVT231710_lg.jpg"
"1931377257","Mosiera longipes (O.Berg) Small",24.83567,-76.344137,"gass84,mdativ","d415c253-4d61-4459-9d25-4015b9084fb0","ae447c50-b8a8-11d8-92a4-b8a03c50a862","17017c2c-036b-45d9-b045-606d21b00771","ae447c50-b8a8-11d8-92a4-b8a03c50a862","US","EML","2024-07-21T04:09:35.210+00:00","2024-07-21T05:14:53.987+00:00",415,"PRESERVED_SPECIMEN","PRESENT",3185158,6,7707728,220,690,5014,3185119,3185158,3185158,"Mosiera longipes (O.Berg) Small","Plantae","Tracheophyta","Myrtales","Myrtaceae","Mosiera","Mosiera longipes","Mosiera","longipes","SPECIES","ACCEPTED","NT",NA,"NORTH_AMERICA","South Eleuthera",1975,5,18,"1975-05-18",138,138,NA,"2024-07-21T05:14:53.987+00:00","http://sweetgum.nybg.org/science/vh/specimen_details.php?irn=1907457","all rights reserved",FALSE,"ff7a9572-3c31-464b-91fd-43fa45d379ef","none","none",TRUE,"Vascular plants","D. S. Correll",NA,"WGS84","Magnoliopsida","BS","none","none","LATIN_AMERICA","Bahamas","NORTH_AMERICA","The New York Botanical Garden","ff7a9572-3c31-464b-91fd-43fa45d379ef",NA,"18 May 1975",NA,"NY","1931377257","ff7a9572-3c31-464b-91fd-43fa45d379ef",NA,"1602353","NY",NA,NA,NA,"Mosiera longipes (O.Berg) Small",NA,NA,NA,NA,NA,NA,NA,NA,NA,NA,"ab83e5ab-f4f7-4c9b-a1d5-eb779dfb9377","45291",NA,"http://biocol.org/urn:lsid:biocol.org:col:15556","ICN",NA,"en","PhysicalObject",NA,NA,NA,NA,NA,"b2190553-4505-4fdd-8fff-065c8ca26f72",NA,NA,"beach coppice, Cape Eleuthera","http://biocol.org/urn:lsid:biocol.org:col:15556",NA,NA,NA,NA,NA,NA,NA,NA,NA,NA,NA,"sheet",NA,NA,NA,NA,"2020-10-08","Google Maps (map data 2020); MaNIS Georef. Calculator",NA,NA,"Georeferencing Quick Reference Guide, Version 2012",NA,NA,NA,NA,NA,NA,NA,NA,NA,NA,NA,NA,NA,NA,NA,NA,"http://sweetgum.nybg.org/images3/749/800/1602353.jpg"
"1928337176","Mosiera longipes (O.Berg) Small",25.743617,-79.264055,"mdativ","d415c253-4d61-4459-9d25-4015b9084fb0","ae447c50-b8a8-11d8-92a4-b8a03c50a862","17017c2c-036b-45d9-b045-606d21b00771","ae447c50-b8a8-11d8-92a4-b8a03c50a862","US","EML","2024-07-21T04:09:35.210+00:00","2024-07-21T05:13:36.489+00:00",415,"PRESERVED_SPECIMEN","PRESENT",3185158,6,7707728,220,690,5014,3185119,3185158,3185158,"Mosiera longipes (O.Berg) Small","Plantae","Tracheophyta","Myrtales","Myrtaceae","Mosiera","Mosiera longipes","Mosiera","longipes","SPECIES","ACCEPTED","NT",NA,"NORTH_AMERICA","Bimini",1974,4,17,"1974-04-17",107,107,NA,"2024-07-21T05:13:36.489+00:00","http://sweetgum.nybg.org/science/vh/specimen_details.php?irn=1907487","all rights reserved",FALSE,"2823aad6-274f-46e7-9285-955495a9f511","none","none",FALSE,"Vascular plants","D. S. Correll",NA,"WGS84","Magnoliopsida","BS","none","none","LATIN_AMERICA","Bahamas","NORTH_AMERICA","The New York Botanical Garden","2823aad6-274f-46e7-9285-955495a9f511",NA,"17 Apr 1974",NA,"NY","1928337176","2823aad6-274f-46e7-9285-955495a9f511",NA,"1602382","NY",NA,NA,NA,"Mosiera longipes (O.Berg) Small",NA,NA,NA,NA,NA,NA,NA,NA,NA,NA,"ab83e5ab-f4f7-4c9b-a1d5-eb779dfb9377","42137",NA,"http://biocol.org/urn:lsid:biocol.org:col:15556","ICN",NA,"en","PhysicalObject",NA,NA,NA,NA,NA,"b2190553-4505-4fdd-8fff-065c8ca26f72",NA,NA,"North Bimini: whitelands, Easter Key","http://biocol.org/urn:lsid:biocol.org:col:15556",NA,NA,NA,NA,NA,NA,NA,NA,NA,NA,NA,"sheet",NA,NA,NA,NA,"2019-07-22","Google Maps (map data 2019); MaNIS Georef. Calculator",NA,NA,"Georeferencing Quick Reference Guide, Version 2012",NA,NA,NA,NA,NA,NA,NA,NA,NA,NA,NA,NA,NA,NA,NA,NA,"http://sweetgum.nybg.org/images3/749/828/1602382.jpg"
"2572993220","Psidium longipes (O.Berg) McVaugh",23.583333,-75.266667,"cdc,inmafu","e42c4be9-dc6d-466b-8df2-60ac8c47fadd","fee1eb85-53bb-4edb-91cc-de55f11b3cee","ac2ad091-91eb-482d-a73f-061744da5dbf","96710dc8-fecb-440d-ae3e-c34ae8a9616f","US","DWC_ARCHIVE","2024-08-01T17:08:10.802+00:00","2024-08-01T17:16:26.480+00:00",222,"PRESERVED_SPECIMEN","PRESENT",5419609,6,7707728,220,690,5014,3185119,3185158,3185158,"Mosiera longipes (O.Berg) Small","Plantae","Tracheophyta","Myrtales","Myrtaceae","Mosiera","Mosiera longipes","Psidium","longipes","SPECIES","SYNONYM","NT","1974-01-01T00:00:00","NORTH_AMERICA","Long Island",1974,7,8,"1974-07-08",189,189,"2023-07-16T07:02:03.000+00:00","2024-08-01T17:16:26.480+00:00","https://nansh.org/portal/collections/individual/index.php?occid=15465945","all rights reserved",FALSE,"15465945","none","none",FALSE,NA,"Hill, S. R.","SRH","WGS84","Magnoliopsida","BS","none","none","LATIN_AMERICA","Bahamas","NORTH_AMERICA","University of Vermont","15465945",NA,"July 8, 1974",NA,NA,"2572993220","f952012f-684c-4f78-ae02-28be0545bfb2","48254","UVMVT231709","VT",NA,NA,NA,"Psidium longipes (O.Berg) McVaugh",2530,NA,"Uncommon; Flowers white, shrub 5 ft tall",NA,NA,NA,NA,NA,NA,NA,"5c317c20-a640-4f0d-853c-ce104d3241df","2434","Wet area",NA,NA,NA,NA,NA,"Plantae|Spermatophyta|Tracheophyta|Magnoliophyta|Eudicots|Core Eudicots|Malvids|Rosids|Myrtales|Myrtaceae|Psidium",NA,NA,NA,NA,"fdc6f4b1-6ba7-4e70-aa42-6c48df77790e",NA,NA,"along road from Inn to Queen's Highway, Stella Maris","58ab88f3-0034-461c-9c44-9e525c4d360f",NA,"f952012f-684c-4f78-ae02-28be0545bfb2","http://creativecommons.org/licenses/by-nc/3.0/","O'Neill, E. E. O.",NA,"Mangroves",NA,NA,NA,NA,NA,NA,NA,NA,NA,NA,NA,"GeoLocate",NA,NA,NA,NA,NA,NA,NA,NA,NA,NA,NA,NA,NA,NA,NA,NA,NA,NA,NA,"http://nansh.org/imglib/storage/vt/vplants/UVMVT231/UVMVT231709_lg.jpg"
"122992694","Psidium longipes (O.Berg) McVaugh",24.9844,-80.6679,"cdc,gass84,incomis","832cb04e-f762-11e1-a439-00145eb45e9a","bd561840-efdc-11d9-a329-b8a03c50a862","40dee7df-00ee-4965-bcaf-5291dbab4b08","253fc67c-c7fb-4c85-88f5-43ac6d9dc8a9","US","EML","2023-06-07T04:10:35.143+00:00","2024-01-24T21:04:51.245+00:00",275,"PRESERVED_SPECIMEN","PRESENT",5419609,6,7707728,220,690,5014,3185119,3185158,3185158,"Mosiera longipes (O.Berg) Small","Plantae","Tracheophyta","Myrtales","Myrtaceae","Mosiera","Mosiera longipes","Psidium","longipes","SPECIES","SYNONYM","NT",NA,"NORTH_AMERICA","Florida",1973,9,25,"1973-09-25",268,268,NA,"2024-01-24T21:04:51.245+00:00",NA,"all rights reserved",FALSE,"4E5CA56B-A965-4A59-85F6-3ECF1AE743AA","none","none",FALSE,NA,"D. S. Correll, H. B. Correll",NA,"WGS84","Magnoliopsida","US","none","none","NORTH_AMERICA","United States of America","NORTH_AMERICA",NA,"4E5CA56B-A965-4A59-85F6-3ECF1AE743AA",NA,NA,NA,"Herbarium","122992694","4E5CA56B-A965-4A59-85F6-3ECF1AE743AA",NA,"19052","FTG",NA,NA,"197317","Psidium longipes (O.Berg) McVaugh",14542,NA,NA,"none",NA,NA,NA,NA,NA,"United States of America|Florida|Monroe","62338caa-c755-4560-b50e-438f5ec4820a","40115",NA,"urn:lsid:biocol.org:col:15568","ICN","Monroe","en","PhysicalObject","Plantae | Magnoliophyta | Myrtaceae",NA,NA,NA,NA,NA,NA,NA,NA,NA,NA,NA,NA,NA,NA,NA,NA,NA,NA,NA,NA,NA,NA,NA,NA,NA,NA,NA,NA,NA,NA,NA,NA,NA,NA,NA,NA,NA,NA,NA,NA,NA,NA,NA,NA,NA,NA,"https://cdn.plantatlas.org/img/specimens/FTG/19052.jpg"
"122992693","Psidium longipes (O.Berg) McVaugh",25.609,-80.4987,"cdc,gass84,incomis","832cb04e-f762-11e1-a439-00145eb45e9a","bd561840-efdc-11d9-a329-b8a03c50a862","40dee7df-00ee-4965-bcaf-5291dbab4b08","253fc67c-c7fb-4c85-88f5-43ac6d9dc8a9","US","EML","2023-06-07T04:10:35.143+00:00","2024-01-24T21:04:50.353+00:00",275,"PRESERVED_SPECIMEN","PRESENT",5419609,6,7707728,220,690,5014,3185119,3185158,3185158,"Mosiera longipes (O.Berg) Small","Plantae","Tracheophyta","Myrtales","Myrtaceae","Mosiera","Mosiera longipes","Psidium","longipes","SPECIES","SYNONYM","NT",NA,"NORTH_AMERICA","Florida",1973,9,15,"1973-09-15",258,258,NA,"2024-01-24T21:04:50.353+00:00",NA,"all rights reserved",FALSE,"EC4366ED-16B9-486F-BDEE-701D618C04B4","none","none",FALSE,NA,"D. S. Correll, H. B. Correll",NA,"WGS84","Magnoliopsida","US","none","none","NORTH_AMERICA","United States of America","NORTH_AMERICA",NA,"EC4366ED-16B9-486F-BDEE-701D618C04B4",NA,NA,NA,"Herbarium","122992693","EC4366ED-16B9-486F-BDEE-701D618C04B4",NA,"18808","FTG",NA,NA,"197318","Psidium longipes (O.Berg) McVaugh",72324,NA,NA,NA,NA,NA,NA,NA,NA,"United States of America|Florida|Miami-Dade","62338caa-c755-4560-b50e-438f5ec4820a","40074",NA,"urn:lsid:biocol.org:col:15568","ICN","Miami-Dade","en","PhysicalObject","Plantae | Magnoliophyta | Myrtaceae",NA,NA,NA,NA,NA,NA,NA,NA,NA,NA,NA,NA,NA,NA,NA,NA,NA,NA,NA,NA,NA,NA,NA,NA,NA,NA,NA,NA,NA,NA,NA,NA,NA,NA,NA,NA,NA,NA,NA,NA,NA,NA,NA,NA,NA,NA,"https://cdn.plantatlas.org/img/specimens/FTG/18808.jpg"
"122992682","Mosiera longipes (O.Berg) Small",23.5748,-75.8897,"cdc,gass84,rdativ,incomis","832cb04e-f762-11e1-a439-00145eb45e9a","bd561840-efdc-11d9-a329-b8a03c50a862","40dee7df-00ee-4965-bcaf-5291dbab4b08","253fc67c-c7fb-4c85-88f5-43ac6d9dc8a9","US","EML","2023-06-07T04:10:35.143+00:00","2024-01-24T21:05:22.214+00:00",275,"PRESERVED_SPECIMEN","PRESENT",3185158,6,7707728,220,690,5014,3185119,3185158,3185158,"Mosiera longipes (O.Berg) Small","Plantae","Tracheophyta","Myrtales","Myrtaceae","Mosiera","Mosiera longipes","Mosiera","longipes","SPECIES","ACCEPTED","NT",NA,"NORTH_AMERICA","Exuma",1971,3,30,"1971-03-30",89,89,NA,"2024-01-24T21:05:22.214+00:00",NA,"all rights reserved",FALSE,"8566FBB5-FA1C-46C4-B57E-97DA063F9C5D","none","none",FALSE,NA,"N. H. Nickerson, W. Phippen",NA,"WGS84","Magnoliopsida","BS","none","none","LATIN_AMERICA","Bahamas","NORTH_AMERICA",NA,"8566FBB5-FA1C-46C4-B57E-97DA063F9C5D",NA,NA,"Large-leaved, South Dock area Great Exuma Is.","Herbarium","122992682","8566FBB5-FA1C-46C4-B57E-97DA063F9C5D",NA,"15371","FTG",NA,NA,"196388","Mosiera longipes (O.Berg) Small",5421,NA,NA,NA,NA,NA,NA,NA,NA,"Bahamas|Exuma","62338caa-c755-4560-b50e-438f5ec4820a","3368","South Dock area","urn:lsid:biocol.org:col:15568","ICN",NA,"en","PhysicalObject","Plantae | Magnoliophyta | Myrtaceae",NA,NA,NA,NA,NA,NA,NA,"Large-leaved, South Dock area Great Exuma Is.",NA,NA,NA,NA,NA,NA,NA,NA,NA,NA,"{""habit"":""low shrub with whiote flowers""}",NA,NA,NA,NA,NA,"USFWI","2021-07-20 08:49:40.62","GEOLocate",NA,NA,NA,NA,NA,NA,NA,NA,NA,NA,NA,NA,NA,NA,NA,NA,NA,NA,NA,"https://cdn.plantatlas.org/img/specimens/FTG/15371.jpg"
"122992429","Psidium longipes (O.Berg) McVaugh",24.9844,-80.6679,"cdc,gass84,incomis","832cb04e-f762-11e1-a439-00145eb45e9a","bd561840-efdc-11d9-a329-b8a03c50a862","40dee7df-00ee-4965-bcaf-5291dbab4b08","253fc67c-c7fb-4c85-88f5-43ac6d9dc8a9","US","EML","2023-06-07T04:10:35.143+00:00","2024-01-24T21:05:27.901+00:00",275,"PRESERVED_SPECIMEN","PRESENT",5419609,6,7707728,220,690,5014,3185119,3185158,3185158,"Mosiera longipes (O.Berg) Small","Plantae","Tracheophyta","Myrtales","Myrtaceae","Mosiera","Mosiera longipes","Psidium","longipes","SPECIES","SYNONYM","NT",NA,"NORTH_AMERICA","Florida",1970,3,31,"1970-03-31",90,90,NA,"2024-01-24T21:05:27.901+00:00",NA,"all rights reserved",FALSE,"9EAEC8F8-441E-454E-908C-67D753910952","none","none",FALSE,NA,"W. L. Stern, B. G. Beaman, R. W. Kiger, R. B. Miller, R. E. Phipps, B. N. Rock",NA,"WGS84","Magnoliopsida","US","none","none","NORTH_AMERICA","United States of America","NORTH_AMERICA",NA,"9EAEC8F8-441E-454E-908C-67D753910952",NA,NA,NA,"Herbarium","122992429","9EAEC8F8-441E-454E-908C-67D753910952",NA,"11092","FTG",NA,NA,"187146","Psidium longipes (O.Berg) McVaugh",14542,NA,NA,"none",NA,NA,NA,NA,NA,"United States of America|Florida|Monroe","62338caa-c755-4560-b50e-438f5ec4820a","2861",NA,"urn:lsid:biocol.org:col:15568","ICN","Monroe","en","PhysicalObject","Plantae | Magnoliophyta | Myrtaceae",NA,NA,NA,NA,NA,NA,NA,NA,NA,NA,NA,NA,NA,NA,NA,NA,NA,NA,NA,NA,NA,NA,NA,NA,NA,NA,NA,NA,NA,NA,NA,NA,NA,NA,NA,NA,NA,NA,NA,NA,NA,NA,NA,NA,NA,NA,"https://cdn.plantatlas.org/img/specimens/FTG/11092.jpg"
"122992976","Psidium longipes (O.Berg) McVaugh",24.9844,-80.6679,"cdc,gass84,incomis","832cb04e-f762-11e1-a439-00145eb45e9a","bd561840-efdc-11d9-a329-b8a03c50a862","40dee7df-00ee-4965-bcaf-5291dbab4b08","253fc67c-c7fb-4c85-88f5-43ac6d9dc8a9","US","EML","2023-06-07T04:10:35.143+00:00","2024-01-24T21:04:50.104+00:00",275,"PRESERVED_SPECIMEN","PRESENT",5419609,6,7707728,220,690,5014,3185119,3185158,3185158,"Mosiera longipes (O.Berg) Small","Plantae","Tracheophyta","Myrtales","Myrtaceae","Mosiera","Mosiera longipes","Psidium","longipes","SPECIES","SYNONYM","NT",NA,"NORTH_AMERICA","Florida",1969,7,3,"1969-07-03",184,184,NA,"2024-01-24T21:04:50.104+00:00",NA,"all rights reserved",FALSE,"816D66B5-15C5-44D2-92BB-A38CCBAEB0F0","none","none",FALSE,NA,"W. T. Gillis",NA,"WGS84","Magnoliopsida","US","none","none","NORTH_AMERICA","United States of America","NORTH_AMERICA",NA,"816D66B5-15C5-44D2-92BB-A38CCBAEB0F0",NA,NA,NA,"Herbarium","122992976","816D66B5-15C5-44D2-92BB-A38CCBAEB0F0",NA,"3005","FTG",NA,NA,"169290","Psidium longipes (O.Berg) McVaugh",14542,NA,NA,"none",NA,NA,NA,NA,NA,"United States of America|Florida|Monroe","62338caa-c755-4560-b50e-438f5ec4820a","8316",NA,"urn:lsid:biocol.org:col:15568","ICN","Monroe","en","PhysicalObject","Plantae | Magnoliophyta | Myrtaceae",NA,NA,NA,NA,NA,NA,NA,NA,NA,NA,NA,NA,NA,NA,NA,NA,NA,NA,NA,NA,NA,NA,NA,NA,NA,NA,NA,NA,NA,NA,NA,NA,NA,NA,NA,NA,NA,NA,NA,NA,NA,NA,NA,NA,NA,NA,"https://cdn.plantatlas.org/img/specimens/FTG/3005.jpg"
"122992402","Psidium longipes (O.Berg) McVaugh",24.9844,-80.6679,"cdc,gass84,incomis","832cb04e-f762-11e1-a439-00145eb45e9a","bd561840-efdc-11d9-a329-b8a03c50a862","40dee7df-00ee-4965-bcaf-5291dbab4b08","253fc67c-c7fb-4c85-88f5-43ac6d9dc8a9","US","EML","2023-06-07T04:10:35.143+00:00","2024-01-24T21:04:42.378+00:00",275,"PRESERVED_SPECIMEN","PRESENT",5419609,6,7707728,220,690,5014,3185119,3185158,3185158,"Mosiera longipes (O.Berg) Small","Plantae","Tracheophyta","Myrtales","Myrtaceae","Mosiera","Mosiera longipes","Psidium","longipes","SPECIES","SYNONYM","NT",NA,"NORTH_AMERICA","Florida",1965,4,24,"1965-04-24",114,114,NA,"2024-01-24T21:04:42.378+00:00",NA,"all rights reserved",FALSE,"ED08E6C3-B4EF-425C-B61B-8109D5B30A1C","none","none",FALSE,NA,"A. F. Bellenger",NA,"WGS84","Magnoliopsida","US","none","none","NORTH_AMERICA","United States of America","NORTH_AMERICA",NA,"ED08E6C3-B4EF-425C-B61B-8109D5B30A1C",NA,NA,NA,"Herbarium","122992402","ED08E6C3-B4EF-425C-B61B-8109D5B30A1C",NA,"102217","FTG",NA,NA,"204301","Psidium longipes (O.Berg) McVaugh",14542,NA,NA,"none",NA,NA,NA,NA,NA,"United States of America|Florida|Monroe","62338caa-c755-4560-b50e-438f5ec4820a","190",NA,"urn:lsid:biocol.org:col:15568","ICN","Monroe","en","PhysicalObject","Plantae | Magnoliophyta | Myrtaceae",NA,NA,NA,NA,NA,NA,NA,NA,NA,NA,NA,NA,NA,NA,NA,NA,NA,NA,NA,NA,NA,NA,NA,NA,NA,NA,NA,NA,NA,NA,NA,NA,NA,NA,NA,NA,NA,NA,NA,NA,NA,NA,NA,NA,NA,NA,"https://cdn.plantatlas.org/img/specimens/FTG/102217.jpg"
"122992435","Psidium longipes (O.Berg) McVaugh",24.9844,-80.6679,"cdc,gass84,incomis","832cb04e-f762-11e1-a439-00145eb45e9a","bd561840-efdc-11d9-a329-b8a03c50a862","40dee7df-00ee-4965-bcaf-5291dbab4b08","253fc67c-c7fb-4c85-88f5-43ac6d9dc8a9","US","EML","2023-06-07T04:10:35.143+00:00","2024-01-24T21:05:14.011+00:00",275,"PRESERVED_SPECIMEN","PRESENT",5419609,6,7707728,220,690,5014,3185119,3185158,3185158,"Mosiera longipes (O.Berg) Small","Plantae","Tracheophyta","Myrtales","Myrtaceae","Mosiera","Mosiera longipes","Psidium","longipes","SPECIES","SYNONYM","NT",NA,"NORTH_AMERICA","Florida",1964,6,24,"1964-06-24",176,176,NA,"2024-01-24T21:05:14.011+00:00",NA,"all rights reserved",FALSE,"F2C1E381-20A0-4852-AF68-1ADE10E54FCE","none","none",FALSE,NA,"F. C. Craighead",NA,"WGS84","Magnoliopsida","US","none","none","NORTH_AMERICA","United States of America","NORTH_AMERICA",NA,"F2C1E381-20A0-4852-AF68-1ADE10E54FCE",NA,NA,NA,"Herbarium","122992435","F2C1E381-20A0-4852-AF68-1ADE10E54FCE",NA,"11218","FTG",NA,NA,"180814","Psidium longipes (O.Berg) McVaugh",14542,NA,NA,"none",NA,NA,NA,NA,NA,"United States of America|Florida|Monroe","62338caa-c755-4560-b50e-438f5ec4820a",NA,NA,"urn:lsid:biocol.org:col:15568","ICN","Monroe","en","PhysicalObject","Plantae | Magnoliophyta | Myrtaceae",NA,NA,NA,NA,NA,NA,NA,NA,NA,NA,NA,NA,NA,NA,NA,NA,NA,NA,NA,NA,NA,NA,NA,NA,NA,NA,NA,NA,NA,NA,NA,NA,NA,NA,NA,NA,NA,NA,NA,NA,NA,NA,NA,NA,NA,NA,"https://cdn.plantatlas.org/img/specimens/FTG/11218.jpg"
"122992430","Psidium longipes (O.Berg) McVaugh",25.609,-80.4987,"cdc,gass84,incomis","832cb04e-f762-11e1-a439-00145eb45e9a","bd561840-efdc-11d9-a329-b8a03c50a862","40dee7df-00ee-4965-bcaf-5291dbab4b08","253fc67c-c7fb-4c85-88f5-43ac6d9dc8a9","US","EML","2023-06-07T04:10:35.143+00:00","2024-01-24T21:05:09.596+00:00",275,"PRESERVED_SPECIMEN","PRESENT",5419609,6,7707728,220,690,5014,3185119,3185158,3185158,"Mosiera longipes (O.Berg) Small","Plantae","Tracheophyta","Myrtales","Myrtaceae","Mosiera","Mosiera longipes","Psidium","longipes","SPECIES","SYNONYM","NT",NA,"NORTH_AMERICA","Florida",1963,4,20,"1963-04-20",110,110,NA,"2024-01-24T21:05:09.596+00:00",NA,"all rights reserved",FALSE,"F45FE65E-0C09-482F-A32E-A9271943903D","none","none",FALSE,NA,"F. C. Craighead",NA,"WGS84","Magnoliopsida","US","none","none","NORTH_AMERICA","United States of America","NORTH_AMERICA",NA,"F45FE65E-0C09-482F-A32E-A9271943903D",NA,NA,NA,"Herbarium","122992430","F45FE65E-0C09-482F-A32E-A9271943903D",NA,"11122","FTG",NA,NA,"182162","Psidium longipes (O.Berg) McVaugh",72324,NA,NA,NA,NA,NA,NA,NA,NA,"United States of America|Florida|Miami-Dade","62338caa-c755-4560-b50e-438f5ec4820a",NA,NA,"urn:lsid:biocol.org:col:15568","ICN","Miami-Dade","en","PhysicalObject","Plantae | Magnoliophyta | Myrtaceae",NA,NA,NA,NA,NA,NA,NA,NA,NA,NA,NA,NA,NA,NA,NA,NA,NA,NA,NA,NA,NA,NA,NA,NA,NA,NA,NA,NA,NA,NA,NA,NA,NA,NA,NA,NA,NA,NA,NA,NA,NA,NA,NA,NA,NA,NA,"https://cdn.plantatlas.org/img/specimens/FTG/11122.jpg"
"122992603","Psidium longipes (O.Berg) McVaugh",25.609,-80.4987,"cdc,gass84,incomis","832cb04e-f762-11e1-a439-00145eb45e9a","bd561840-efdc-11d9-a329-b8a03c50a862","40dee7df-00ee-4965-bcaf-5291dbab4b08","253fc67c-c7fb-4c85-88f5-43ac6d9dc8a9","US","EML","2023-06-07T04:10:35.143+00:00","2024-01-24T21:05:19.869+00:00",275,"PRESERVED_SPECIMEN","PRESENT",5419609,6,7707728,220,690,5014,3185119,3185158,3185158,"Mosiera longipes (O.Berg) Small","Plantae","Tracheophyta","Myrtales","Myrtaceae","Mosiera","Mosiera longipes","Psidium","longipes","SPECIES","SYNONYM","NT",NA,"NORTH_AMERICA","Florida",1963,5,16,"1963-05-16",136,136,NA,"2024-01-24T21:05:19.869+00:00",NA,"all rights reserved",FALSE,"1AF8ED49-7E02-4F81-BFCC-7DD4CC0041C2","none","none",FALSE,NA,"F. C. Craighead",NA,"WGS84","Magnoliopsida","US","none","none","NORTH_AMERICA","United States of America","NORTH_AMERICA",NA,"1AF8ED49-7E02-4F81-BFCC-7DD4CC0041C2",NA,NA,NA,"Herbarium","122992603","1AF8ED49-7E02-4F81-BFCC-7DD4CC0041C2",NA,"13552","FTG",NA,NA,"189703","Psidium longipes (O.Berg) McVaugh",72324,NA,NA,NA,NA,NA,NA,NA,NA,"United States of America|Florida|Miami-Dade","62338caa-c755-4560-b50e-438f5ec4820a",NA,NA,"urn:lsid:biocol.org:col:15568","ICN","Miami-Dade","en","PhysicalObject","Plantae | Magnoliophyta | Myrtaceae",NA,NA,NA,NA,NA,NA,NA,NA,NA,NA,NA,NA,NA,NA,NA,NA,NA,NA,NA,NA,NA,NA,NA,NA,NA,NA,NA,NA,NA,NA,NA,NA,NA,NA,NA,NA,NA,NA,NA,NA,NA,NA,NA,NA,NA,NA,"https://cdn.plantatlas.org/img/specimens/FTG/13552.jpg"
"122992434","Psidium longipes (O.Berg) McVaugh",24.9844,-80.6679,"cdc,gass84,incomis","832cb04e-f762-11e1-a439-00145eb45e9a","bd561840-efdc-11d9-a329-b8a03c50a862","40dee7df-00ee-4965-bcaf-5291dbab4b08","253fc67c-c7fb-4c85-88f5-43ac6d9dc8a9","US","EML","2023-06-07T04:10:35.143+00:00","2024-01-24T21:05:21.460+00:00",275,"PRESERVED_SPECIMEN","PRESENT",5419609,6,7707728,220,690,5014,3185119,3185158,3185158,"Mosiera longipes (O.Berg) Small","Plantae","Tracheophyta","Myrtales","Myrtaceae","Mosiera","Mosiera longipes","Psidium","longipes","SPECIES","SYNONYM","NT",NA,"NORTH_AMERICA","Florida",1963,6,13,"1963-06-13",164,164,NA,"2024-01-24T21:05:21.460+00:00",NA,"all rights reserved",FALSE,"20560549-F8B6-43B9-A56F-9D06822CC780","none","none",FALSE,NA,"F. C. Craighead",NA,"WGS84","Magnoliopsida","US","none","none","NORTH_AMERICA","United States of America","NORTH_AMERICA",NA,"20560549-F8B6-43B9-A56F-9D06822CC780",NA,NA,NA,"Herbarium","122992434","20560549-F8B6-43B9-A56F-9D06822CC780",NA,"11217","FTG",NA,NA,"187148","Psidium longipes (O.Berg) McVaugh",14542,NA,NA,"none",NA,NA,NA,NA,NA,"United States of America|Florida|Monroe","62338caa-c755-4560-b50e-438f5ec4820a",NA,NA,"urn:lsid:biocol.org:col:15568","ICN","Monroe","en","PhysicalObject","Plantae | Magnoliophyta | Myrtaceae",NA,NA,NA,NA,NA,NA,NA,NA,NA,NA,NA,NA,NA,NA,NA,NA,NA,NA,NA,NA,NA,NA,NA,NA,NA,NA,NA,NA,NA,NA,NA,NA,NA,NA,NA,NA,NA,NA,NA,NA,NA,NA,NA,NA,NA,NA,"https://cdn.plantatlas.org/img/specimens/FTG/11217.jpg"
"122992437","Psidium longipes (O.Berg) McVaugh",24.9844,-80.6679,"cdc,gass84,incomis","832cb04e-f762-11e1-a439-00145eb45e9a","bd561840-efdc-11d9-a329-b8a03c50a862","40dee7df-00ee-4965-bcaf-5291dbab4b08","253fc67c-c7fb-4c85-88f5-43ac6d9dc8a9","US","EML","2023-06-07T04:10:35.143+00:00","2024-01-24T21:05:06.518+00:00",275,"PRESERVED_SPECIMEN","PRESENT",5419609,6,7707728,220,690,5014,3185119,3185158,3185158,"Mosiera longipes (O.Berg) Small","Plantae","Tracheophyta","Myrtales","Myrtaceae","Mosiera","Mosiera longipes","Psidium","longipes","SPECIES","SYNONYM","NT",NA,"NORTH_AMERICA","Florida",1963,6,13,"1963-06-13",164,164,NA,"2024-01-24T21:05:06.518+00:00",NA,"all rights reserved",FALSE,"9693B789-3469-40E5-AE6A-B410CDCE17E0","none","none",FALSE,NA,"F. C. Craighead",NA,"WGS84","Magnoliopsida","US","none","none","NORTH_AMERICA","United States of America","NORTH_AMERICA",NA,"9693B789-3469-40E5-AE6A-B410CDCE17E0",NA,NA,NA,"Herbarium","122992437","9693B789-3469-40E5-AE6A-B410CDCE17E0",NA,"11226","FTG",NA,NA,"187150","Psidium longipes (O.Berg) McVaugh",14542,NA,NA,"none",NA,NA,NA,NA,NA,"United States of America|Florida|Monroe","62338caa-c755-4560-b50e-438f5ec4820a",NA,NA,"urn:lsid:biocol.org:col:15568","ICN","Monroe","en","PhysicalObject","Plantae | Magnoliophyta | Myrtaceae",NA,NA,NA,NA,NA,NA,NA,NA,NA,NA,NA,NA,NA,NA,NA,NA,NA,NA,NA,NA,NA,NA,NA,NA,NA,NA,NA,NA,NA,NA,NA,NA,NA,NA,NA,NA,NA,NA,NA,NA,NA,NA,NA,NA,NA,NA,"https://cdn.plantatlas.org/img/specimens/FTG/11226.jpg"
"122992607","Psidium longipes (O.Berg) McVaugh",24.9844,-80.6679,"cdc,gass84,incomis","832cb04e-f762-11e1-a439-00145eb45e9a","bd561840-efdc-11d9-a329-b8a03c50a862","40dee7df-00ee-4965-bcaf-5291dbab4b08","253fc67c-c7fb-4c85-88f5-43ac6d9dc8a9","US","EML","2023-06-07T04:10:35.143+00:00","2024-01-24T21:05:07.802+00:00",275,"PRESERVED_SPECIMEN","PRESENT",5419609,6,7707728,220,690,5014,3185119,3185158,3185158,"Mosiera longipes (O.Berg) Small","Plantae","Tracheophyta","Myrtales","Myrtaceae","Mosiera","Mosiera longipes","Psidium","longipes","SPECIES","SYNONYM","NT",NA,"NORTH_AMERICA","Florida",1963,6,13,"1963-06-13",164,164,NA,"2024-01-24T21:05:07.802+00:00",NA,"all rights reserved",FALSE,"CED81A9B-B411-48F5-9535-1E4B215EE75B","none","none",FALSE,NA,"F. C. Craighead",NA,"WGS84","Magnoliopsida","US","none","none","NORTH_AMERICA","United States of America","NORTH_AMERICA",NA,"CED81A9B-B411-48F5-9535-1E4B215EE75B",NA,NA,NA,"Herbarium","122992607","CED81A9B-B411-48F5-9535-1E4B215EE75B",NA,"13556","FTG",NA,NA,"192408","Psidium longipes (O.Berg) McVaugh",14542,NA,NA,"none",NA,NA,NA,NA,NA,"United States of America|Florida|Monroe","62338caa-c755-4560-b50e-438f5ec4820a",NA,NA,"urn:lsid:biocol.org:col:15568","ICN","Monroe","en","PhysicalObject","Plantae | Magnoliophyta | Myrtaceae",NA,NA,NA,NA,NA,NA,NA,NA,NA,NA,NA,NA,NA,NA,NA,NA,NA,NA,NA,NA,NA,NA,NA,NA,NA,NA,NA,NA,NA,NA,NA,NA,NA,NA,NA,NA,NA,NA,NA,NA,NA,NA,NA,NA,NA,NA,"https://cdn.plantatlas.org/img/specimens/FTG/13556.jpg"
"122992433","Psidium longipes (O.Berg) McVaugh",24.9844,-80.6679,"cdc,gass84,incomis","832cb04e-f762-11e1-a439-00145eb45e9a","bd561840-efdc-11d9-a329-b8a03c50a862","40dee7df-00ee-4965-bcaf-5291dbab4b08","253fc67c-c7fb-4c85-88f5-43ac6d9dc8a9","US","EML","2023-06-07T04:10:35.143+00:00","2024-01-24T21:05:21.702+00:00",275,"PRESERVED_SPECIMEN","PRESENT",5419609,6,7707728,220,690,5014,3185119,3185158,3185158,"Mosiera longipes (O.Berg) Small","Plantae","Tracheophyta","Myrtales","Myrtaceae","Mosiera","Mosiera longipes","Psidium","longipes","SPECIES","SYNONYM","NT",NA,"NORTH_AMERICA","Florida",1963,6,13,"1963-06-13",164,164,NA,"2024-01-24T21:05:21.702+00:00",NA,"all rights reserved",FALSE,"F0E97E48-E8E2-480F-A6C8-3F362ABEA2A1","none","none",FALSE,NA,"F. C. Craighead",NA,"WGS84","Magnoliopsida","US","none","none","NORTH_AMERICA","United States of America","NORTH_AMERICA",NA,"F0E97E48-E8E2-480F-A6C8-3F362ABEA2A1",NA,NA,NA,"Herbarium","122992433","F0E97E48-E8E2-480F-A6C8-3F362ABEA2A1",NA,"11215","FTG",NA,NA,"187147","Psidium longipes (O.Berg) McVaugh",14542,NA,NA,"none",NA,NA,NA,NA,NA,"United States of America|Florida|Monroe","62338caa-c755-4560-b50e-438f5ec4820a",NA,NA,"urn:lsid:biocol.org:col:15568","ICN","Monroe","en","PhysicalObject","Plantae | Magnoliophyta | Myrtaceae",NA,NA,NA,NA,NA,NA,NA,NA,NA,NA,NA,NA,NA,NA,NA,NA,NA,NA,NA,NA,NA,NA,NA,NA,NA,NA,NA,NA,NA,NA,NA,NA,NA,NA,NA,NA,NA,NA,NA,NA,NA,NA,NA,NA,NA,NA,"https://cdn.plantatlas.org/img/specimens/FTG/11215.jpg"
"122992605","Psidium longipes (O.Berg) McVaugh",25.609,-80.4987,"cdc,gass84,incomis","832cb04e-f762-11e1-a439-00145eb45e9a","bd561840-efdc-11d9-a329-b8a03c50a862","40dee7df-00ee-4965-bcaf-5291dbab4b08","253fc67c-c7fb-4c85-88f5-43ac6d9dc8a9","US","EML","2023-06-07T04:10:35.143+00:00","2024-01-24T21:05:02.068+00:00",275,"PRESERVED_SPECIMEN","PRESENT",5419609,6,7707728,220,690,5014,3185119,3185158,3185158,"Mosiera longipes (O.Berg) Small","Plantae","Tracheophyta","Myrtales","Myrtaceae","Mosiera","Mosiera longipes","Psidium","longipes","SPECIES","SYNONYM","NT",NA,"NORTH_AMERICA","Florida",1963,7,4,"1963-07-04",185,185,NA,"2024-01-24T21:05:02.068+00:00",NA,"all rights reserved",FALSE,"687FECDF-D19D-4046-AD59-F85576F833AA","none","none",FALSE,NA,"F. C. Craighead",NA,"WGS84","Magnoliopsida","US","none","none","NORTH_AMERICA","United States of America","NORTH_AMERICA",NA,"687FECDF-D19D-4046-AD59-F85576F833AA",NA,NA,NA,"Herbarium","122992605","687FECDF-D19D-4046-AD59-F85576F833AA",NA,"13555","FTG",NA,NA,"192410","Psidium longipes (O.Berg) McVaugh",72324,NA,NA,NA,NA,NA,NA,NA,NA,"United States of America|Florida|Miami-Dade","62338caa-c755-4560-b50e-438f5ec4820a",NA,NA,"urn:lsid:biocol.org:col:15568","ICN","Miami-Dade","en","PhysicalObject","Plantae | Magnoliophyta | Myrtaceae",NA,NA,NA,NA,NA,NA,NA,NA,NA,NA,NA,NA,NA,NA,NA,NA,NA,NA,NA,NA,NA,NA,NA,NA,NA,NA,NA,NA,NA,NA,NA,NA,NA,NA,NA,NA,NA,NA,NA,NA,NA,NA,NA,NA,NA,NA,"https://cdn.plantatlas.org/img/specimens/FTG/13555.jpg"
"122992602","Psidium longipes (O.Berg) McVaugh",24.9844,-80.6679,"cdc,gass84,incomis","832cb04e-f762-11e1-a439-00145eb45e9a","bd561840-efdc-11d9-a329-b8a03c50a862","40dee7df-00ee-4965-bcaf-5291dbab4b08","253fc67c-c7fb-4c85-88f5-43ac6d9dc8a9","US","EML","2023-06-07T04:10:35.143+00:00","2024-01-24T21:05:14.609+00:00",275,"PRESERVED_SPECIMEN","PRESENT",5419609,6,7707728,220,690,5014,3185119,3185158,3185158,"Mosiera longipes (O.Berg) Small","Plantae","Tracheophyta","Myrtales","Myrtaceae","Mosiera","Mosiera longipes","Psidium","longipes","SPECIES","SYNONYM","NT",NA,"NORTH_AMERICA","Florida",1963,7,9,"1963-07-09",190,190,NA,"2024-01-24T21:05:14.609+00:00",NA,"all rights reserved",FALSE,"943A0028-B61D-4B34-A262-BB1F60989BB9","none","none",FALSE,NA,"F. C. Craighead",NA,"WGS84","Magnoliopsida","US","none","none","NORTH_AMERICA","United States of America","NORTH_AMERICA",NA,"943A0028-B61D-4B34-A262-BB1F60989BB9",NA,NA,NA,"Herbarium","122992602","943A0028-B61D-4B34-A262-BB1F60989BB9",NA,"13549","FTG",NA,NA,"192407","Psidium longipes (O.Berg) McVaugh",14542,NA,NA,"none",NA,NA,NA,NA,NA,"United States of America|Florida|Monroe","62338caa-c755-4560-b50e-438f5ec4820a",NA,NA,"urn:lsid:biocol.org:col:15568","ICN","Monroe","en","PhysicalObject","Plantae | Magnoliophyta | Myrtaceae",NA,NA,NA,NA,NA,NA,NA,NA,NA,NA,NA,NA,NA,NA,NA,NA,NA,NA,NA,NA,NA,NA,NA,NA,NA,NA,NA,NA,NA,NA,NA,NA,NA,NA,NA,NA,NA,NA,NA,NA,NA,NA,NA,NA,NA,NA,"https://cdn.plantatlas.org/img/specimens/FTG/13549.jpg"
"122992551","Psidium longipes (O.Berg) McVaugh",25.609,-80.4987,"cdc,gass84,incomis","832cb04e-f762-11e1-a439-00145eb45e9a","bd561840-efdc-11d9-a329-b8a03c50a862","40dee7df-00ee-4965-bcaf-5291dbab4b08","253fc67c-c7fb-4c85-88f5-43ac6d9dc8a9","US","EML","2023-06-07T04:10:35.143+00:00","2024-01-24T21:05:01.385+00:00",275,"PRESERVED_SPECIMEN","PRESENT",5419609,6,7707728,220,690,5014,3185119,3185158,3185158,"Mosiera longipes (O.Berg) Small","Plantae","Tracheophyta","Myrtales","Myrtaceae","Mosiera","Mosiera longipes","Psidium","longipes","SPECIES","SYNONYM","NT",NA,"NORTH_AMERICA","Florida",1961,5,22,"1961-05-22",142,142,NA,"2024-01-24T21:05:01.385+00:00",NA,"all rights reserved",FALSE,"D3F86669-192B-449B-A20F-E014FE72C4AD","none","none",FALSE,NA,"F. C. Craighead",NA,"WGS84","Magnoliopsida","US","none","none","NORTH_AMERICA","United States of America","NORTH_AMERICA",NA,"D3F86669-192B-449B-A20F-E014FE72C4AD",NA,NA,NA,"Herbarium","122992551","D3F86669-192B-449B-A20F-E014FE72C4AD",NA,"13276","FTG",NA,NA,"189714","Psidium longipes (O.Berg) McVaugh",72324,NA,NA,NA,NA,NA,NA,NA,NA,"United States of America|Florida|Miami-Dade","62338caa-c755-4560-b50e-438f5ec4820a",NA,NA,"urn:lsid:biocol.org:col:15568","ICN","Miami-Dade","en","PhysicalObject","Plantae | Magnoliophyta | Myrtaceae",NA,NA,NA,NA,NA,NA,NA,NA,NA,NA,NA,NA,NA,NA,NA,NA,NA,NA,NA,NA,NA,NA,NA,NA,NA,NA,NA,NA,NA,NA,NA,NA,NA,NA,NA,NA,NA,NA,NA,NA,NA,NA,NA,NA,NA,NA,"https://cdn.plantatlas.org/img/specimens/FTG/13276.jpg"
"122994227","Psidium longipes (O.Berg) McVaugh",25.609,-80.4987,"cdc,gass84,incomis","832cb04e-f762-11e1-a439-00145eb45e9a","bd561840-efdc-11d9-a329-b8a03c50a862","40dee7df-00ee-4965-bcaf-5291dbab4b08","253fc67c-c7fb-4c85-88f5-43ac6d9dc8a9","US","EML","2023-06-07T04:10:35.143+00:00","2024-01-24T21:05:21.183+00:00",275,"PRESERVED_SPECIMEN","PRESENT",5419609,6,7707728,220,690,5014,3185119,3185158,3185158,"Mosiera longipes (O.Berg) Small","Plantae","Tracheophyta","Myrtales","Myrtaceae","Mosiera","Mosiera longipes","Psidium","longipes","SPECIES","SYNONYM","NT",NA,"NORTH_AMERICA","Florida",1961,6,8,"1961-06-08",159,159,NA,"2024-01-24T21:05:21.183+00:00",NA,"all rights reserved",FALSE,"2E29457D-9F73-4B7C-805B-9012D233C7CA","none","none",FALSE,NA,"F. C. Craighead",NA,"WGS84","Magnoliopsida","US","none","none","NORTH_AMERICA","United States of America","NORTH_AMERICA",NA,"2E29457D-9F73-4B7C-805B-9012D233C7CA",NA,NA,NA,"Herbarium","122994227","2E29457D-9F73-4B7C-805B-9012D233C7CA",NA,"86346","FTG",NA,NA,"200138","Psidium longipes (O.Berg) McVaugh",72324,NA,NA,NA,NA,NA,NA,NA,NA,"United States of America|Florida|Miami-Dade","62338caa-c755-4560-b50e-438f5ec4820a",NA,NA,"urn:lsid:biocol.org:col:15568","ICN","Miami-Dade","en","PhysicalObject","Plantae | Magnoliophyta | Myrtaceae",NA,NA,NA,NA,NA,NA,NA,NA,NA,NA,NA,NA,NA,NA,NA,NA,NA,NA,NA,NA,NA,NA,NA,NA,NA,NA,NA,NA,NA,NA,NA,NA,NA,NA,NA,NA,NA,NA,NA,NA,NA,NA,NA,NA,NA,NA,"https://cdn.plantatlas.org/img/specimens/FTG/86346.jpg"
"122994323","Psidium longipes (O.Berg) McVaugh",25.609,-80.4987,"cdc,gass84,incomis","832cb04e-f762-11e1-a439-00145eb45e9a","bd561840-efdc-11d9-a329-b8a03c50a862","40dee7df-00ee-4965-bcaf-5291dbab4b08","253fc67c-c7fb-4c85-88f5-43ac6d9dc8a9","US","EML","2023-06-07T04:10:35.143+00:00","2024-01-24T21:05:26.681+00:00",275,"PRESERVED_SPECIMEN","PRESENT",5419609,6,7707728,220,690,5014,3185119,3185158,3185158,"Mosiera longipes (O.Berg) Small","Plantae","Tracheophyta","Myrtales","Myrtaceae","Mosiera","Mosiera longipes","Psidium","longipes","SPECIES","SYNONYM","NT",NA,"NORTH_AMERICA","Florida",1960,4,9,"1960-04-09",100,100,NA,"2024-01-24T21:05:26.681+00:00",NA,"all rights reserved",FALSE,"1E3A1D4B-9723-4A05-A33E-A791533C7F84","none","none",FALSE,NA,"F. C. Craighead",NA,"WGS84","Magnoliopsida","US","none","none","NORTH_AMERICA","United States of America","NORTH_AMERICA",NA,"1E3A1D4B-9723-4A05-A33E-A791533C7F84",NA,NA,NA,"Herbarium","122994323","1E3A1D4B-9723-4A05-A33E-A791533C7F84",NA,"9652","FTG",NA,NA,"180816","Psidium longipes (O.Berg) McVaugh",72324,NA,NA,NA,NA,NA,NA,NA,NA,"United States of America|Florida|Miami-Dade","62338caa-c755-4560-b50e-438f5ec4820a",NA,NA,"urn:lsid:biocol.org:col:15568","ICN","Miami-Dade","en","PhysicalObject","Plantae | Magnoliophyta | Myrtaceae",NA,NA,NA,NA,NA,NA,NA,NA,NA,NA,NA,NA,NA,NA,NA,NA,NA,NA,NA,NA,NA,NA,NA,NA,NA,NA,NA,NA,NA,NA,NA,NA,NA,NA,NA,NA,NA,NA,NA,NA,NA,NA,NA,NA,NA,NA,"https://cdn.plantatlas.org/img/specimens/FTG/9652.jpg"
"1930222411","Mosiera longipes (O.Berg) Small",17.594052,-61.820979,"mdativ","d415c253-4d61-4459-9d25-4015b9084fb0","ae447c50-b8a8-11d8-92a4-b8a03c50a862","17017c2c-036b-45d9-b045-606d21b00771","ae447c50-b8a8-11d8-92a4-b8a03c50a862","US","EML","2024-07-21T04:09:35.210+00:00","2024-07-21T05:16:10.842+00:00",415,"PRESERVED_SPECIMEN","PRESENT",3185158,6,7707728,220,690,5014,3185119,3185158,3185158,"Mosiera longipes (O.Berg) Small","Plantae","Tracheophyta","Myrtales","Myrtaceae","Mosiera","Mosiera longipes","Mosiera","longipes","SPECIES","ACCEPTED","NT",NA,"NORTH_AMERICA",NA,1959,4,27,"1959-04-27",117,117,NA,"2024-07-21T05:16:10.842+00:00","http://sweetgum.nybg.org/science/vh/specimen_details.php?irn=1683775","all rights reserved",FALSE,"ad8f6449-fa6a-415c-9c0d-a511769cb079","none","none",TRUE,"Vascular plants","R. S. Cowan",NA,"WGS84","Magnoliopsida","AG","none","none","LATIN_AMERICA","Antigua and Barbuda","NORTH_AMERICA","The New York Botanical Garden","ad8f6449-fa6a-415c-9c0d-a511769cb079",NA,"27 Apr 1959",NA,"NY","1930222411","ad8f6449-fa6a-415c-9c0d-a511769cb079",NA,"1437087","NY",NA,NA,NA,"Mosiera longipes (O.Berg) Small",NA,NA,NA,NA,NA,NA,NA,NA,NA,NA,"ab83e5ab-f4f7-4c9b-a1d5-eb779dfb9377","1666",NA,"http://biocol.org/urn:lsid:biocol.org:col:15556","ICN",NA,"en","PhysicalObject",NA,NA,NA,NA,NA,"b2190553-4505-4fdd-8fff-065c8ca26f72",NA,NA,"Barbuda. Beach and dunes.","http://biocol.org/urn:lsid:biocol.org:col:15556",NA,NA,NA,NA,NA,NA,NA,NA,NA,NA,NA,"sheet",NA,NA,NA,NA,"2018-12-20","Google Maps (map data 2018); MaNIS Georef. Calculator",NA,NA,"Georeferencing Quick Reference Guide, Version 2012",NA,NA,NA,NA,NA,NA,NA,NA,NA,NA,NA,NA,NA,NA,NA,NA,"http://sweetgum.nybg.org/images3/485/824/01437087.jpg"
"122992436","Psidium longipes (O.Berg) McVaugh",25.609,-80.4987,"cdc,gass84,incomis","832cb04e-f762-11e1-a439-00145eb45e9a","bd561840-efdc-11d9-a329-b8a03c50a862","40dee7df-00ee-4965-bcaf-5291dbab4b08","253fc67c-c7fb-4c85-88f5-43ac6d9dc8a9","US","EML","2023-06-07T04:10:35.143+00:00","2024-01-24T21:05:24.588+00:00",275,"PRESERVED_SPECIMEN","PRESENT",5419609,6,7707728,220,690,5014,3185119,3185158,3185158,"Mosiera longipes (O.Berg) Small","Plantae","Tracheophyta","Myrtales","Myrtaceae","Mosiera","Mosiera longipes","Psidium","longipes","SPECIES","SYNONYM","NT",NA,"NORTH_AMERICA","Florida",1957,11,15,"1957-11-15",319,319,NA,"2024-01-24T21:05:24.588+00:00",NA,"all rights reserved",FALSE,"DBB70D10-96AC-4EA6-81CF-0558C6B4E88D","none","none",FALSE,NA,"F. C. Craighead",NA,"WGS84","Magnoliopsida","US","none","none","NORTH_AMERICA","United States of America","NORTH_AMERICA",NA,"DBB70D10-96AC-4EA6-81CF-0558C6B4E88D",NA,NA,NA,"Herbarium","122992436","DBB70D10-96AC-4EA6-81CF-0558C6B4E88D",NA,"11224","FTG",NA,NA,"187149","Psidium longipes (O.Berg) McVaugh",72324,NA,NA,NA,NA,NA,NA,NA,NA,"United States of America|Florida|Miami-Dade","62338caa-c755-4560-b50e-438f5ec4820a",NA,NA,"urn:lsid:biocol.org:col:15568","ICN","Miami-Dade","en","PhysicalObject","Plantae | Magnoliophyta | Myrtaceae",NA,NA,NA,NA,NA,NA,NA,NA,NA,NA,NA,NA,NA,NA,NA,NA,NA,NA,NA,NA,NA,NA,NA,NA,NA,NA,NA,NA,NA,NA,NA,NA,NA,NA,NA,NA,NA,NA,NA,NA,NA,NA,NA,NA,NA,NA,"https://cdn.plantatlas.org/img/specimens/FTG/11224.jpg"
"1930178417","Mosiera longipes (O.Berg) Small",18.211994,-63.020255,"mdativ","d415c253-4d61-4459-9d25-4015b9084fb0","ae447c50-b8a8-11d8-92a4-b8a03c50a862","17017c2c-036b-45d9-b045-606d21b00771","ae447c50-b8a8-11d8-92a4-b8a03c50a862","US","EML","2024-07-21T04:09:35.210+00:00","2024-07-21T05:14:21.093+00:00",415,"PRESERVED_SPECIMEN","PRESENT",3185158,6,7707728,220,690,5014,3185119,3185158,3185158,"Mosiera longipes (O.Berg) Small","Plantae","Tracheophyta","Myrtales","Myrtaceae","Mosiera","Mosiera longipes","Mosiera","longipes","SPECIES","ACCEPTED","NT",NA,"NORTH_AMERICA",NA,1955,9,1,"1955-09-01",244,244,NA,"2024-07-21T05:14:21.093+00:00","http://sweetgum.nybg.org/science/vh/specimen_details.php?irn=1683780","all rights reserved",FALSE,"aa8489d1-f56c-48f9-8530-5da460703e5e","none","none",FALSE,"Vascular plants","C. J. M. Le Gallo",NA,"WGS84","Magnoliopsida","AI","none","none","LATIN_AMERICA","Anguilla","NORTH_AMERICA","The New York Botanical Garden","aa8489d1-f56c-48f9-8530-5da460703e5e",NA,"01 Sep 1955",NA,"NY","1930178417","aa8489d1-f56c-48f9-8530-5da460703e5e",NA,"1437092","NY",NA,NA,NA,"Mosiera longipes (O.Berg) Small",644.92,NA,NA,NA,NA,NA,NA,NA,NA,NA,"ab83e5ab-f4f7-4c9b-a1d5-eb779dfb9377","2492",NA,"http://biocol.org/urn:lsid:biocol.org:col:15556","ICN",NA,"en","PhysicalObject",NA,NA,NA,NA,22.5,"b2190553-4505-4fdd-8fff-065c8ca26f72",NA,NA,"Long Pond.","http://biocol.org/urn:lsid:biocol.org:col:15556",NA,NA,NA,NA,NA,NA,NA,2.5,NA,NA,NA,"sheet",NA,NA,NA,NA,"2018-12-13","Google Maps (map data 2018); MaNIS Georef. Calculator",NA,NA,"Georeferencing Quick Reference Guide, Version 2012",NA,NA,"66-82 ft",3033.7453409737,NA,NA,NA,NA,NA,NA,NA,NA,NA,NA,NA,NA,"http://sweetgum.nybg.org/images3/485/830/01437092.jpg"
"122994321","Psidium longipes (O.Berg) McVaugh",25.609,-80.4987,"cdc,gass84,incomis","832cb04e-f762-11e1-a439-00145eb45e9a","bd561840-efdc-11d9-a329-b8a03c50a862","40dee7df-00ee-4965-bcaf-5291dbab4b08","253fc67c-c7fb-4c85-88f5-43ac6d9dc8a9","US","EML","2023-06-07T04:10:35.143+00:00","2024-01-24T21:04:51.687+00:00",275,"PRESERVED_SPECIMEN","PRESENT",5419609,6,7707728,220,690,5014,3185119,3185158,3185158,"Mosiera longipes (O.Berg) Small","Plantae","Tracheophyta","Myrtales","Myrtaceae","Mosiera","Mosiera longipes","Psidium","longipes","SPECIES","SYNONYM","NT",NA,"NORTH_AMERICA","Florida",1954,3,4,"1954-03-04",63,63,NA,"2024-01-24T21:04:51.687+00:00",NA,"all rights reserved",FALSE,"974B6B43-C854-4EC4-AE3A-6D7CA93A0A64","none","none",FALSE,NA,"F. C. Craighead",NA,"WGS84","Magnoliopsida","US","none","none","NORTH_AMERICA","United States of America","NORTH_AMERICA",NA,"974B6B43-C854-4EC4-AE3A-6D7CA93A0A64",NA,NA,NA,"Herbarium","122994321","974B6B43-C854-4EC4-AE3A-6D7CA93A0A64",NA,"9595","FTG",NA,NA,"180724","Psidium longipes (O.Berg) McVaugh",72324,NA,NA,NA,NA,NA,NA,NA,NA,"United States of America|Florida|Miami-Dade","62338caa-c755-4560-b50e-438f5ec4820a",NA,NA,"urn:lsid:biocol.org:col:15568","ICN","Miami-Dade","en","PhysicalObject","Plantae | Magnoliophyta | Myrtaceae",NA,NA,NA,NA,NA,NA,NA,NA,NA,NA,NA,NA,NA,NA,NA,NA,NA,NA,NA,NA,NA,NA,NA,NA,NA,NA,NA,NA,NA,NA,NA,NA,NA,NA,NA,NA,NA,NA,NA,NA,NA,NA,NA,NA,NA,NA,"https://cdn.plantatlas.org/img/specimens/FTG/9595.jpg"
"1451072024","Eugenia longipes O.Berg",24.433333,-77.95,"cdc,cdround,gass84,incomis,inmafu","cd6e21c8-9e8a-493a-8a76-fbf7862069e5","061b4f20-f241-11da-a328-b8a03c50a862","996e30f8-f762-11e1-a439-00145eb45e9a","061b4f20-f241-11da-a328-b8a03c50a862","GB","DWC_ARCHIVE","2024-08-02T00:36:44.166+00:00","2024-08-02T01:14:50.778+00:00",407,"PRESERVED_SPECIMEN","PRESENT",5418827,6,7707728,220,690,5014,3185119,3185158,3185158,"Mosiera longipes (O.Berg) Small","Plantae","Tracheophyta","Myrtales","Myrtaceae","Mosiera","Mosiera longipes","Eugenia","longipes","SPECIES","SYNONYM","NT",NA,"NORTH_AMERICA",NA,1952,5,14,"1952-05-14T00:00",135,135,NA,"2024-08-02T01:14:50.778+00:00",NA,"all rights reserved",FALSE,"K001002542","none","none",FALSE,NA,"Baker, R.E.D.",NA,"WGS84","Magnoliopsida","BS","none","none","LATIN_AMERICA","Bahamas","EUROPE",NA,"K001002542",NA,NA,NA,"Herbarium","1451072024","http://specimens.kew.org/herbarium/K001002542",NA,"K001002542","K",NA,NA,NA,"Eugenia longipes O.Berg",NA,NA,NA,NA,NA,NA,NA,NA,NA,NA,"fa252605-26f6-426c-9892-94d071c2c77f","B 4","pinelands - not common.",NA,NA,NA,NA,NA,"Myrtaceae","17abcf75-2f1e-46dd-bf75-a5b21dd02655",NA,NA,NA,NA,NA,NA,"Andros Islands",NA,NA,NA,NA,NA,NA,NA,NA,NA,NA,NA,NA,NA,NA,NA,NA,NA,NA,NA,NA,NA,NA,NA,NA,NA,NA,"Small tree 2 m.",NA,NA,NA,NA,NA,NA,NA,NA,NA,NA,NA,"http://d2seqvvyy3b8p2.cloudfront.net/2eb4c5545db276c00364f7c21e3b9380.jpg"
"1990243363","Eugenia bahamensis Kiaersk.",27.083604,-80.398201,"cdc,gass84,inmafu","707e1918-0999-4f2f-9ad1-22c0be104861","0f0c387a-64ec-4eaa-b590-e09b0f11c94f","ac2ad091-91eb-482d-a73f-061744da5dbf","96710dc8-fecb-440d-ae3e-c34ae8a9616f","US","DWC_ARCHIVE","2024-08-01T17:56:59.070+00:00","2024-08-01T17:58:23.711+00:00",290,"PRESERVED_SPECIMEN","PRESENT",5419610,6,7707728,220,690,5014,3185119,3185158,3185158,"Mosiera longipes (O.Berg) Small","Plantae","Tracheophyta","Myrtales","Myrtaceae","Mosiera","Mosiera longipes","Eugenia","bahamensis","SPECIES","SYNONYM","NT",NA,"NORTH_AMERICA","Florida",1951,3,21,"1951-03-21",80,80,"2023-09-05T09:20:04.000+00:00","2024-08-01T17:58:23.711+00:00","https://sernecportal.org/portal/collections/individual/index.php?occid=8726347","all rights reserved",FALSE,"8726347","none","none",FALSE,NA,"Wilbur H. Duncan",NA,"WGS84","Magnoliopsida","US","none","none","NORTH_AMERICA","United States of America","NORTH_AMERICA",NA,"8726347",NA,"21 March 1951",NA,"NCSC","1990243363","5d5eb6c9-67e1-4859-9844-12de6d0705e8","64600","NCSC00015562","NCSC",NA,NA,NA,"Eugenia bahamensis Kiaersk.",NA,NA,NA,NA,NA,NA,NA,NA,NA,NA,"01165502-8b40-4ea6-8063-cd16eb5efc21","12166","At base of sandy hill.",NA,NA,"Martin",NA,NA,"Plantae|Spermatophyta|Tracheophyta|Magnoliophyta|Eudicots|Core Eudicots|Malvids|Rosids|Myrtales|Myrtaceae|Eugenia",NA,NA,NA,NA,"fce0babe-bb04-4e4a-bb8d-dab2148be63d",NA,NA,"Near Jensen. COASTAL PLAIN PROVINCE.","024f44f2-a2f5-4daa-b306-c11efb5aa4d0",NA,"5d5eb6c9-67e1-4859-9844-12de6d0705e8","http://creativecommons.org/licenses/by-nc/4.0/",NA,"herbariumSpecimenDuplicate: https://sernecportal.org/portal/collections/individual/index.php?guid=52fb3fad-0e7a-4561-b2a3-1bed3f798c84",NA,NA,NA,NA,NA,NA,NA,NA,NA,NA,NA,NA,NA,NA,NA,NA,NA,NA,NA,NA,NA,NA,NA,NA,NA,NA,NA,NA,NA,NA,NA,NA,"https://sernecportal.org/imglib/seinet/sernec/NCSC/NCSC00015/NCSC00015562.JPG"
"1930102153","Mosiera longipes (O.Berg) Small",25.751658,-79.245042,"mdativ","d415c253-4d61-4459-9d25-4015b9084fb0","ae447c50-b8a8-11d8-92a4-b8a03c50a862","17017c2c-036b-45d9-b045-606d21b00771","ae447c50-b8a8-11d8-92a4-b8a03c50a862","US","EML","2024-07-21T04:09:35.210+00:00","2024-07-21T05:14:18.033+00:00",415,"PRESERVED_SPECIMEN","PRESENT",3185158,6,7707728,220,690,5014,3185119,3185158,3185158,"Mosiera longipes (O.Berg) Small","Plantae","Tracheophyta","Myrtales","Myrtaceae","Mosiera","Mosiera longipes","Mosiera","longipes","SPECIES","ACCEPTED","NT",NA,"NORTH_AMERICA","Bimini",1948,5,NA,"1948-05",NA,NA,NA,"2024-07-21T05:14:18.033+00:00","http://sweetgum.nybg.org/science/vh/specimen_details.php?irn=1907447","all rights reserved",FALSE,"a5215330-2ebf-4720-9732-cc5abc09ab0e","none","none",TRUE,"Vascular plants","R. A. Howard",NA,"WGS84","Magnoliopsida","BS","none","none","LATIN_AMERICA","Bahamas","NORTH_AMERICA","The New York Botanical Garden","a5215330-2ebf-4720-9732-cc5abc09ab0e",NA,"May 1948",NA,"NY","1930102153","a5215330-2ebf-4720-9732-cc5abc09ab0e",NA,"1602343","NY",NA,NA,NA,"Mosiera longipes (O.Berg) Small",NA,NA,NA,NA,NA,NA,NA,NA,NA,NA,"ab83e5ab-f4f7-4c9b-a1d5-eb779dfb9377","10275",NA,"http://biocol.org/urn:lsid:biocol.org:col:15556","ICN",NA,"en","PhysicalObject",NA,NA,NA,NA,NA,"b2190553-4505-4fdd-8fff-065c8ca26f72",NA,NA,"Low diffuse shrub with arching Branches;, flowers white., East Bimini","http://biocol.org/urn:lsid:biocol.org:col:15556",NA,NA,NA,NA,NA,NA,NA,NA,NA,NA,NA,"sheet",NA,NA,NA,NA,"2020-08-11","Google Maps (map data 2020); MaNIS Georef. Calculator",NA,NA,"Georeferencing Quick Reference Guide, Version 2012",NA,NA,NA,NA,NA,NA,NA,NA,NA,NA,NA,NA,NA,NA,NA,NA,"http://sweetgum.nybg.org/images3/749/790/1602343.jpg"
"2517477906","Psidium longipes var. orbiculare (O.Berg) McVaugh",12.12295,-68.95642,"ccm,colmafu,inmafu","15f819bd-6612-4447-854b-14d12ee1022d","396d5f30-dea9-11db-8ab4-b8a03c50a862","65eb93af-41b8-4917-a5fc-cfe2a45aa4bf","396d5f30-dea9-11db-8ab4-b8a03c50a862","NL","DWC_ARCHIVE","2024-07-18T22:01:52.868+00:00","2024-07-18T23:54:58.393+00:00",270,"PRESERVED_SPECIMEN","PRESENT",5419607,6,7707728,220,690,5014,3185119,3185158,3185158,"Mosiera longipes (O.Berg) Small","Plantae","Tracheophyta","Myrtales","Myrtaceae","Mosiera","Mosiera longipes","Psidium","longipes","VARIETY","SYNONYM","NT",NA,"NORTH_AMERICA",NA,1946,1,NA,"1946-01-01/1946-01-31",1,31,NA,"2024-07-18T23:54:58.393+00:00",NA,"all rights reserved",FALSE,"U.1452401@BRAHMS","none","none",FALSE,NA,"Arnoldo M","Proosdij ASJ van","WGS84","Magnoliopsida","CW","none","none","LATIN_AMERICA","Curaao","EUROPE","Naturalis Biodiversity Center","U.1452401@BRAHMS",NA,NA,NA,"Botany","2517477906","https://data.biodiversitydata.nl/naturalis/specimen/U.1452401",NA,"U.1452401",NA,NA,NA,NA,"Psidium longipes var. orbiculare (O.Berg) McVaugh",NA,NA,NA,NA,NA,NA,NA,NA,NA,NA,"0e919a55-08d3-4bd2-aec1-200858fafd92","Arnoldo, M 98",NA,"Naturalis Biodiversity Center","ICN",NA,NA,NA,"Plantae|Myrtales|Myrtaceae","17abcf75-2f1e-46dd-bf75-a5b21dd02655",NA,NA,NA,"0add23db-a8f7-4d15-95ad-4ed0c5c8a055",NA,NA,"Zwarte Berg.",NA,"U  0028455",NA,NA,NA,NA,NA,"orbiculare",NA,NA,NA,NA,NA,NA,NA,NA,NA,NA,NA,NA,NA,NA,NA,NA,"0.0 m",4963.06925881382,NA,"CUW","Curaao",NA,NA,NA,NA,NA,NA,NA,NA,NA,"https://medialib.naturalis.nl/file/id/U.1452401/format/large"
"122994238","Psidium longipes (O.Berg) McVaugh",24.9844,-80.6679,"cdc,gass84,incomis","832cb04e-f762-11e1-a439-00145eb45e9a","bd561840-efdc-11d9-a329-b8a03c50a862","40dee7df-00ee-4965-bcaf-5291dbab4b08","253fc67c-c7fb-4c85-88f5-43ac6d9dc8a9","US","EML","2023-06-07T04:10:35.143+00:00","2024-01-24T21:05:09.121+00:00",275,"PRESERVED_SPECIMEN","PRESENT",5419609,6,7707728,220,690,5014,3185119,3185158,3185158,"Mosiera longipes (O.Berg) Small","Plantae","Tracheophyta","Myrtales","Myrtaceae","Mosiera","Mosiera longipes","Psidium","longipes","SPECIES","SYNONYM","NT",NA,"NORTH_AMERICA","Florida",1941,6,3,"1941-06-03",154,154,NA,"2024-01-24T21:05:09.121+00:00",NA,"all rights reserved",FALSE,"A5FCBA04-B21E-462A-985C-F1EAF4466268","none","none",FALSE,NA,"R. O. Woodbury, W. M. Buswell",NA,"WGS84","Magnoliopsida","US","none","none","NORTH_AMERICA","United States of America","NORTH_AMERICA",NA,"A5FCBA04-B21E-462A-985C-F1EAF4466268",NA,NA,NA,"Herbarium","122994238","A5FCBA04-B21E-462A-985C-F1EAF4466268",NA,"87335","FTG",NA,NA,"203293","Psidium longipes (O.Berg) McVaugh",14542,NA,NA,"none",NA,NA,NA,NA,NA,"United States of America|Florida|Monroe","62338caa-c755-4560-b50e-438f5ec4820a",NA,NA,"urn:lsid:biocol.org:col:15568","ICN","Monroe","en","PhysicalObject","Plantae | Magnoliophyta | Myrtaceae",NA,NA,NA,NA,NA,NA,NA,NA,NA,NA,NA,NA,NA,NA,NA,NA,NA,NA,NA,NA,NA,NA,NA,NA,NA,NA,NA,NA,NA,NA,NA,NA,NA,NA,NA,NA,NA,NA,NA,NA,NA,NA,NA,NA,NA,NA,"https://cdn.plantatlas.org/img/specimens/FTG/87335.jpg"
"122994233","Psidium longipes (O.Berg) McVaugh",24.9844,-80.6679,"cdc,gass84,incomis","832cb04e-f762-11e1-a439-00145eb45e9a","bd561840-efdc-11d9-a329-b8a03c50a862","40dee7df-00ee-4965-bcaf-5291dbab4b08","253fc67c-c7fb-4c85-88f5-43ac6d9dc8a9","US","EML","2023-06-07T04:10:35.143+00:00","2024-01-24T21:05:28.816+00:00",275,"PRESERVED_SPECIMEN","PRESENT",5419609,6,7707728,220,690,5014,3185119,3185158,3185158,"Mosiera longipes (O.Berg) Small","Plantae","Tracheophyta","Myrtales","Myrtaceae","Mosiera","Mosiera longipes","Psidium","longipes","SPECIES","SYNONYM","NT",NA,"NORTH_AMERICA","Florida",1939,5,28,"1939-05-28",148,148,NA,"2024-01-24T21:05:28.816+00:00",NA,"all rights reserved",FALSE,"453CCAB3-3F99-41C4-A6F9-8274503CF077","none","none",FALSE,NA,"W. M. Buswell",NA,"WGS84","Magnoliopsida","US","none","none","NORTH_AMERICA","United States of America","NORTH_AMERICA",NA,"453CCAB3-3F99-41C4-A6F9-8274503CF077",NA,NA,NA,"Herbarium","122994233","453CCAB3-3F99-41C4-A6F9-8274503CF077",NA,"87238","FTG",NA,NA,"204845","Psidium longipes (O.Berg) McVaugh",14542,NA,NA,"none",NA,NA,NA,NA,NA,"United States of America|Florida|Monroe","62338caa-c755-4560-b50e-438f5ec4820a","s.n.",NA,"urn:lsid:biocol.org:col:15568","ICN","Monroe","en","PhysicalObject","Plantae | Magnoliophyta | Myrtaceae",NA,NA,NA,NA,NA,NA,NA,NA,NA,NA,NA,NA,NA,NA,NA,NA,NA,NA,NA,NA,NA,NA,NA,NA,NA,NA,NA,NA,NA,NA,NA,NA,NA,NA,NA,NA,NA,NA,NA,NA,NA,NA,NA,NA,NA,NA,"https://cdn.plantatlas.org/img/specimens/FTG/87238.jpg"
"122994236","Psidium longipes (O.Berg) McVaugh",25.609,-80.4987,"cdc,gass84,incomis","832cb04e-f762-11e1-a439-00145eb45e9a","bd561840-efdc-11d9-a329-b8a03c50a862","40dee7df-00ee-4965-bcaf-5291dbab4b08","253fc67c-c7fb-4c85-88f5-43ac6d9dc8a9","US","EML","2023-06-07T04:10:35.143+00:00","2024-01-24T21:05:11.964+00:00",275,"PRESERVED_SPECIMEN","PRESENT",5419609,6,7707728,220,690,5014,3185119,3185158,3185158,"Mosiera longipes (O.Berg) Small","Plantae","Tracheophyta","Myrtales","Myrtaceae","Mosiera","Mosiera longipes","Psidium","longipes","SPECIES","SYNONYM","NT",NA,"NORTH_AMERICA","Florida",1937,4,10,"1937-04-10",100,100,NA,"2024-01-24T21:05:11.964+00:00",NA,"all rights reserved",FALSE,"F0FCED9A-4F28-4946-A68D-94794302A4A2","none","none",FALSE,NA,"W. M. Buswell",NA,"WGS84","Magnoliopsida","US","none","none","NORTH_AMERICA","United States of America","NORTH_AMERICA",NA,"F0FCED9A-4F28-4946-A68D-94794302A4A2",NA,NA,NA,"Herbarium","122994236","F0FCED9A-4F28-4946-A68D-94794302A4A2",NA,"87333","FTG",NA,NA,"203292","Psidium longipes (O.Berg) McVaugh",72324,NA,NA,NA,NA,NA,NA,NA,NA,"United States of America|Florida|Miami-Dade","62338caa-c755-4560-b50e-438f5ec4820a",NA,NA,"urn:lsid:biocol.org:col:15568","ICN","Miami-Dade","en","PhysicalObject","Plantae | Magnoliophyta | Myrtaceae",NA,NA,NA,NA,NA,NA,NA,NA,NA,NA,NA,NA,NA,NA,NA,NA,NA,NA,NA,NA,NA,NA,NA,NA,NA,NA,NA,NA,NA,NA,NA,NA,NA,NA,NA,NA,NA,NA,NA,NA,NA,NA,NA,NA,NA,NA,"https://cdn.plantatlas.org/img/specimens/FTG/87333.jpg"
"122994237","Psidium longipes (O.Berg) McVaugh",24.9844,-80.6679,"cdc,gass84,incomis","832cb04e-f762-11e1-a439-00145eb45e9a","bd561840-efdc-11d9-a329-b8a03c50a862","40dee7df-00ee-4965-bcaf-5291dbab4b08","253fc67c-c7fb-4c85-88f5-43ac6d9dc8a9","US","EML","2023-06-07T04:10:35.143+00:00","2024-01-24T21:04:46.637+00:00",275,"PRESERVED_SPECIMEN","PRESENT",5419609,6,7707728,220,690,5014,3185119,3185158,3185158,"Mosiera longipes (O.Berg) Small","Plantae","Tracheophyta","Myrtales","Myrtaceae","Mosiera","Mosiera longipes","Psidium","longipes","SPECIES","SYNONYM","NT",NA,"NORTH_AMERICA","Florida",1937,8,18,"1937-08-18",230,230,NA,"2024-01-24T21:04:46.637+00:00",NA,"all rights reserved",FALSE,"614BDFFE-8E04-4750-A4C8-9D4B77F2F366","none","none",FALSE,NA,"W. M. Buswell",NA,"WGS84","Magnoliopsida","US","none","none","NORTH_AMERICA","United States of America","NORTH_AMERICA",NA,"614BDFFE-8E04-4750-A4C8-9D4B77F2F366",NA,NA,NA,"Herbarium","122994237","614BDFFE-8E04-4750-A4C8-9D4B77F2F366",NA,"87334","FTG",NA,NA,"208362","Psidium longipes (O.Berg) McVaugh",14542,NA,NA,"none",NA,NA,NA,NA,NA,"United States of America|Florida|Monroe","62338caa-c755-4560-b50e-438f5ec4820a",NA,NA,"urn:lsid:biocol.org:col:15568","ICN","Monroe","en","PhysicalObject","Plantae | Magnoliophyta | Myrtaceae",NA,NA,NA,NA,NA,NA,NA,NA,NA,NA,NA,NA,NA,NA,NA,NA,NA,NA,NA,NA,NA,NA,NA,NA,NA,NA,NA,NA,NA,NA,NA,NA,NA,NA,NA,NA,NA,NA,NA,NA,NA,NA,NA,NA,NA,NA,"https://cdn.plantatlas.org/img/specimens/FTG/87334.jpg"
"122994234","Psidium longipes (O.Berg) McVaugh",24.9844,-80.6679,"cdc,gass84,incomis","832cb04e-f762-11e1-a439-00145eb45e9a","bd561840-efdc-11d9-a329-b8a03c50a862","40dee7df-00ee-4965-bcaf-5291dbab4b08","253fc67c-c7fb-4c85-88f5-43ac6d9dc8a9","US","EML","2023-06-07T04:10:35.143+00:00","2024-01-24T21:05:03.790+00:00",275,"PRESERVED_SPECIMEN","PRESENT",5419609,6,7707728,220,690,5014,3185119,3185158,3185158,"Mosiera longipes (O.Berg) Small","Plantae","Tracheophyta","Myrtales","Myrtaceae","Mosiera","Mosiera longipes","Psidium","longipes","SPECIES","SYNONYM","NT",NA,"NORTH_AMERICA","Florida",1932,6,10,"1932-06-10",162,162,NA,"2024-01-24T21:05:03.790+00:00",NA,"all rights reserved",FALSE,"C22FC88E-533D-426B-89C9-40B0F1E9F32F","none","none",FALSE,NA,"M. F. Baker",NA,"WGS84","Magnoliopsida","US","none","none","NORTH_AMERICA","United States of America","NORTH_AMERICA",NA,"C22FC88E-533D-426B-89C9-40B0F1E9F32F",NA,NA,NA,"Herbarium","122994234","C22FC88E-533D-426B-89C9-40B0F1E9F32F",NA,"87308","FTG",NA,NA,"203291","Psidium longipes (O.Berg) McVaugh",14542,NA,NA,"none",NA,NA,NA,NA,NA,"United States of America|Florida|Monroe","62338caa-c755-4560-b50e-438f5ec4820a",NA,NA,"urn:lsid:biocol.org:col:15568","ICN","Monroe","en","PhysicalObject","Plantae | Magnoliophyta | Myrtaceae",NA,NA,NA,NA,NA,NA,NA,NA,NA,NA,NA,NA,NA,NA,NA,NA,NA,NA,NA,NA,NA,NA,NA,NA,NA,NA,NA,NA,NA,NA,NA,NA,NA,NA,NA,NA,NA,NA,NA,NA,NA,NA,NA,NA,NA,NA,"https://cdn.plantatlas.org/img/specimens/FTG/87308.jpg"
"122994232","Psidium longipes (O.Berg) McVaugh",25.6167,-80.5333,"cdc,gass84,incomis","832cb04e-f762-11e1-a439-00145eb45e9a","bd561840-efdc-11d9-a329-b8a03c50a862","40dee7df-00ee-4965-bcaf-5291dbab4b08","253fc67c-c7fb-4c85-88f5-43ac6d9dc8a9","US","EML","2023-06-07T04:10:35.143+00:00","2024-01-24T21:04:45.575+00:00",275,"PRESERVED_SPECIMEN","PRESENT",5419609,6,7707728,220,690,5014,3185119,3185158,3185158,"Mosiera longipes (O.Berg) Small","Plantae","Tracheophyta","Myrtales","Myrtaceae","Mosiera","Mosiera longipes","Psidium","longipes","SPECIES","SYNONYM","NT",NA,"NORTH_AMERICA","Florida",1915,6,22,"1915-06-22",173,173,NA,"2024-01-24T21:04:45.575+00:00",NA,"all rights reserved",FALSE,"797DF6C7-EC6A-41FD-BA2E-2622D1E2E4F8","none","none",FALSE,NA,"J. K. Small, C. A. Mosier",NA,"WGS84","Magnoliopsida","US","none","none","NORTH_AMERICA","United States of America","NORTH_AMERICA",NA,"797DF6C7-EC6A-41FD-BA2E-2622D1E2E4F8",NA,NA,"Pineland near Murden Hammock, Dade County","Herbarium","122994232","797DF6C7-EC6A-41FD-BA2E-2622D1E2E4F8",NA,"87208","FTG",NA,NA,"205741","Psidium longipes (O.Berg) McVaugh",301,NA,NA,NA,NA,NA,NA,NA,NA,"United States of America|Florida|Miami-Dade","62338caa-c755-4560-b50e-438f5ec4820a",NA,NA,"urn:lsid:biocol.org:col:15568","ICN","Miami-Dade","en","PhysicalObject","Plantae | Magnoliophyta | Myrtaceae",NA,NA,NA,NA,NA,NA,NA,"Pineland near Murden Hammock, Dade County",NA,NA,NA,NA,NA,NA,NA,NA,NA,NA,"{""habit"":""Long-stalked stopper.  Charles Deering Herbarium""}",NA,NA,NA,NA,NA,"USFWI","2021-07-20 08:49:40.62","GEOLocate",NA,NA,NA,NA,NA,NA,NA,NA,NA,NA,NA,NA,NA,NA,NA,NA,NA,NA,NA,"https://cdn.plantatlas.org/img/specimens/FTG/87208.jpg"
"2515553491","Psidium longipes var. orbiculare (O.Berg) McVaugh",12.31324,-69.05877,"ccm,colmafu,inmafu","15f819bd-6612-4447-854b-14d12ee1022d","396d5f30-dea9-11db-8ab4-b8a03c50a862","65eb93af-41b8-4917-a5fc-cfe2a45aa4bf","396d5f30-dea9-11db-8ab4-b8a03c50a862","NL","DWC_ARCHIVE","2024-07-18T22:01:52.868+00:00","2024-07-18T23:54:58.394+00:00",270,"PRESERVED_SPECIMEN","PRESENT",5419607,6,7707728,220,690,5014,3185119,3185158,3185158,"Mosiera longipes (O.Berg) Small","Plantae","Tracheophyta","Myrtales","Myrtaceae","Mosiera","Mosiera longipes","Psidium","longipes","VARIETY","SYNONYM","NT",NA,"NORTH_AMERICA",NA,1909,NA,NA,"1909-01-01/1909-12-31",1,365,NA,"2024-07-18T23:54:58.394+00:00",NA,"all rights reserved",FALSE,"U.1452403@BRAHMS","none","none",FALSE,NA,"Boldingh I",NA,"WGS84","Magnoliopsida","CW","none","none","LATIN_AMERICA","Curaao","EUROPE","Naturalis Biodiversity Center","U.1452403@BRAHMS",NA,NA,NA,"Botany","2515553491","https://data.biodiversitydata.nl/naturalis/specimen/U.1452403",NA,"U.1452403",NA,NA,NA,NA,"Psidium longipes var. orbiculare (O.Berg) McVaugh",NA,NA,NA,"none",NA,NA,NA,NA,NA,NA,"0e919a55-08d3-4bd2-aec1-200858fafd92","Boldingh, I 5111",NA,"Naturalis Biodiversity Center","ICN",NA,NA,NA,"Plantae|Myrtales|Myrtaceae","17abcf75-2f1e-46dd-bf75-a5b21dd02655",NA,NA,NA,"0add23db-a8f7-4d15-95ad-4ed0c5c8a055",NA,NA,"No locality on the label and not cited in the 1914 Flora. Probably collected between Anthonyberg and the northern seashore.",NA,"U  0028454",NA,NA,NA,NA,NA,"orbiculare",NA,NA,NA,NA,NA,NA,NA,NA,NA,NA,NA,NA,NA,NA,NA,NA,"0.0 m",NA,NA,NA,NA,NA,NA,NA,NA,NA,NA,NA,NA,NA,"https://medialib.naturalis.nl/file/id/U.1452403/format/large"
"1927959845","Mosiera longipes (O.Berg) Small",25.41521,-76.57985,"mdativ","d415c253-4d61-4459-9d25-4015b9084fb0","ae447c50-b8a8-11d8-92a4-b8a03c50a862","17017c2c-036b-45d9-b045-606d21b00771","ae447c50-b8a8-11d8-92a4-b8a03c50a862","US","EML","2024-07-21T04:09:35.210+00:00","2024-07-21T05:13:11.550+00:00",415,"PRESERVED_SPECIMEN","PRESENT",3185158,6,7707728,220,690,5014,3185119,3185158,3185158,"Mosiera longipes (O.Berg) Small","Plantae","Tracheophyta","Myrtales","Myrtaceae","Mosiera","Mosiera longipes","Mosiera","longipes","SPECIES","ACCEPTED","NT",NA,"NORTH_AMERICA","North Eleuthera",1907,2,18,"1907-02-18",49,49,NA,"2024-07-21T05:13:11.550+00:00","http://sweetgum.nybg.org/science/vh/specimen_details.php?irn=1907459","all rights reserved",FALSE,"0d904c92-45a1-4ea5-8da1-2a0b77c7fff2","none","none",FALSE,"Vascular plants","N. L. Britton",NA,"WGS84","Magnoliopsida","BS","none","none","LATIN_AMERICA","Bahamas","NORTH_AMERICA","The New York Botanical Garden","0d904c92-45a1-4ea5-8da1-2a0b77c7fff2",NA,"18/02/1907",NA,"NY","1927959845","0d904c92-45a1-4ea5-8da1-2a0b77c7fff2",NA,"1602355","NY",NA,NA,NA,"Mosiera longipes (O.Berg) Small",NA,NA,NA,NA,NA,NA,NA,NA,NA,NA,"ab83e5ab-f4f7-4c9b-a1d5-eb779dfb9377","5417",NA,"http://biocol.org/urn:lsid:biocol.org:col:15556","ICN",NA,"en","PhysicalObject",NA,NA,NA,NA,NA,"b2190553-4505-4fdd-8fff-065c8ca26f72",NA,NA,"Glass Window to Gregory Town","http://biocol.org/urn:lsid:biocol.org:col:15556",NA,NA,NA,NA,NA,NA,NA,NA,NA,NA,NA,"sheet",NA,NA,NA,NA,"2020-09-21","Google Maps (map data 2020); MaNIS Georef. Calculator",NA,NA,"Georeferencing Quick Reference Guide, Version 2012",NA,NA,NA,NA,NA,NA,NA,NA,NA,NA,NA,NA,NA,NA,NA,NA,"http://sweetgum.nybg.org/images3/749/802/1602355.jpg"
"2515597763","Myrtus orbicularis (O.Berg) Burret",18.2086,-63.05706,"colmafu,inmafu","15f819bd-6612-4447-854b-14d12ee1022d","396d5f30-dea9-11db-8ab4-b8a03c50a862","65eb93af-41b8-4917-a5fc-cfe2a45aa4bf","396d5f30-dea9-11db-8ab4-b8a03c50a862","NL","DWC_ARCHIVE","2024-07-18T22:01:52.868+00:00","2024-07-18T23:54:58.663+00:00",270,"PRESERVED_SPECIMEN","PRESENT",3185167,6,7707728,220,690,5014,3185119,3185158,3185158,"Mosiera longipes (O.Berg) Small","Plantae","Tracheophyta","Myrtales","Myrtaceae","Mosiera","Mosiera longipes","Myrtus","orbicularis","SPECIES","SYNONYM","NE",NA,"NORTH_AMERICA",NA,1906,9,5,"1906-09-05",248,248,NA,"2024-07-18T23:54:58.663+00:00",NA,"all rights reserved",FALSE,"U.1452608@BRAHMS","none","none",FALSE,NA,"Boldingh I",NA,"WGS84","Magnoliopsida","AI","none","none","LATIN_AMERICA","Anguilla","EUROPE","Naturalis Biodiversity Center","U.1452608@BRAHMS",NA,NA,NA,"Botany","2515597763","https://data.biodiversitydata.nl/naturalis/specimen/U.1452608",NA,"U.1452608",NA,NA,NA,NA,"Myrtus orbicularis (O.Berg) Burret",NA,NA,NA,NA,NA,NA,NA,NA,NA,NA,"0e919a55-08d3-4bd2-aec1-200858fafd92","Boldingh, I 3531 B",NA,"Naturalis Biodiversity Center","ICN",NA,NA,NA,"Plantae|Myrtales|Myrtaceae","17abcf75-2f1e-46dd-bf75-a5b21dd02655",NA,NA,NA,"0add23db-a8f7-4d15-95ad-4ed0c5c8a055",NA,NA,NA,NA,NA,NA,NA,NA,NA,NA,NA,NA,NA,NA,NA,NA,NA,NA,NA,NA,NA,NA,NA,NA,NA,NA,NA,NA,1164.01202198489,NA,NA,NA,NA,NA,NA,NA,NA,NA,NA,NA,NA,"https://medialib.naturalis.nl/file/id/U.1452608/format/large"
"2515551372","Myrtus orbicularis (O.Berg) Burret",18.2086,-63.05706,"colmafu,inmafu","15f819bd-6612-4447-854b-14d12ee1022d","396d5f30-dea9-11db-8ab4-b8a03c50a862","65eb93af-41b8-4917-a5fc-cfe2a45aa4bf","396d5f30-dea9-11db-8ab4-b8a03c50a862","NL","DWC_ARCHIVE","2024-07-18T22:01:52.868+00:00","2024-07-18T23:56:27.896+00:00",270,"PRESERVED_SPECIMEN","PRESENT",3185167,6,7707728,220,690,5014,3185119,3185158,3185158,"Mosiera longipes (O.Berg) Small","Plantae","Tracheophyta","Myrtales","Myrtaceae","Mosiera","Mosiera longipes","Myrtus","orbicularis","SPECIES","SYNONYM","NE",NA,"NORTH_AMERICA",NA,1906,9,5,"1906-09-05",248,248,NA,"2024-07-18T23:56:27.896+00:00",NA,"all rights reserved",FALSE,"U.1452609@BRAHMS","none","none",FALSE,NA,"Boldingh I",NA,"WGS84","Magnoliopsida","AI","none","none","LATIN_AMERICA","Anguilla","EUROPE","Naturalis Biodiversity Center","U.1452609@BRAHMS",NA,NA,NA,"Botany","2515551372","https://data.biodiversitydata.nl/naturalis/specimen/U.1452609",NA,"U.1452609",NA,NA,NA,NA,"Myrtus orbicularis (O.Berg) Burret",NA,NA,NA,NA,NA,NA,NA,NA,NA,NA,"0e919a55-08d3-4bd2-aec1-200858fafd92","Boldingh, I 3509 B",NA,"Naturalis Biodiversity Center","ICN",NA,NA,NA,"Plantae|Myrtales|Myrtaceae","17abcf75-2f1e-46dd-bf75-a5b21dd02655",NA,NA,NA,"0add23db-a8f7-4d15-95ad-4ed0c5c8a055",NA,NA,NA,NA,NA,NA,NA,NA,NA,NA,NA,NA,NA,NA,NA,NA,NA,NA,NA,NA,NA,NA,NA,NA,NA,NA,NA,NA,1164.01202198489,NA,NA,NA,NA,NA,NA,NA,NA,NA,NA,NA,NA,"https://medialib.naturalis.nl/file/id/U.1452609/format/large"
"1930351249","Mosiera longipes (O.Berg) Small",26.607767,-78.358647,"mdativ","d415c253-4d61-4459-9d25-4015b9084fb0","ae447c50-b8a8-11d8-92a4-b8a03c50a862","17017c2c-036b-45d9-b045-606d21b00771","ae447c50-b8a8-11d8-92a4-b8a03c50a862","US","EML","2024-07-21T04:09:35.210+00:00","2024-07-21T05:14:28.631+00:00",415,"PRESERVED_SPECIMEN","PRESENT",3185158,6,7707728,220,690,5014,3185119,3185158,3185158,"Mosiera longipes (O.Berg) Small","Plantae","Tracheophyta","Myrtales","Myrtaceae","Mosiera","Mosiera longipes","Mosiera","longipes","SPECIES","ACCEPTED","NT",NA,"NORTH_AMERICA","East Grand Bahama",1905,2,13,"1905-02-13",44,44,NA,"2024-07-21T05:14:28.631+00:00","http://sweetgum.nybg.org/science/vh/specimen_details.php?irn=1683761","all rights reserved",FALSE,"b6cccfc4-ed9d-47f1-b179-86a0cf7f5711","none","none",FALSE,"Vascular plants","N. L. Britton",NA,"WGS84","Magnoliopsida","BS","none","none","LATIN_AMERICA","Bahamas","NORTH_AMERICA","The New York Botanical Garden","b6cccfc4-ed9d-47f1-b179-86a0cf7f5711",NA,"13 Feb 1905",NA,"NY","1930351249","b6cccfc4-ed9d-47f1-b179-86a0cf7f5711",NA,"1437073","NY",NA,NA,NA,"Mosiera longipes (O.Berg) Small",NA,NA,NA,NA,NA,NA,NA,NA,NA,NA,"ab83e5ab-f4f7-4c9b-a1d5-eb779dfb9377","2738",NA,"http://biocol.org/urn:lsid:biocol.org:col:15556","ICN",NA,"en","PhysicalObject",NA,NA,NA,NA,NA,"b2190553-4505-4fdd-8fff-065c8ca26f72",NA,NA,"Golden Grove.","http://biocol.org/urn:lsid:biocol.org:col:15556",NA,NA,NA,NA,NA,NA,NA,NA,NA,NA,NA,"sheet",NA,NA,NA,NA,"2017-06-09","Google Maps (map data 2017); MaNIS Georef. Calculator",NA,NA,"Georeferencing Quick Reference Guide, Version 2012",NA,NA,NA,NA,NA,NA,NA,NA,NA,NA,NA,NA,NA,NA,NA,NA,"http://sweetgum.nybg.org/images3/479/344/v-247-01437073.jpg"
"1929512892","Mosiera longipes (O.Berg) Small",25.1303,-78.1994,"gass84,mdativ","d415c253-4d61-4459-9d25-4015b9084fb0","ae447c50-b8a8-11d8-92a4-b8a03c50a862","17017c2c-036b-45d9-b045-606d21b00771","ae447c50-b8a8-11d8-92a4-b8a03c50a862","US","EML","2024-07-21T04:09:35.210+00:00","2024-07-21T05:15:52.481+00:00",415,"PRESERVED_SPECIMEN","PRESENT",3185158,6,7707728,220,690,5014,3185119,3185158,3185158,"Mosiera longipes (O.Berg) Small","Plantae","Tracheophyta","Myrtales","Myrtaceae","Mosiera","Mosiera longipes","Mosiera","longipes","SPECIES","ACCEPTED","NT",NA,"NORTH_AMERICA","North Andros",1890,4,14,"1890-04-14",104,104,NA,"2024-07-21T05:15:52.481+00:00","http://sweetgum.nybg.org/science/vh/specimen_details.php?irn=1907471","all rights reserved",FALSE,"7b7e874b-2c8d-4318-b9af-1398f5f68834","none","none",FALSE,"Vascular plants","J. I. Northrop",NA,"WGS84","Magnoliopsida","BS","none","none","LATIN_AMERICA","Bahamas","NORTH_AMERICA","The New York Botanical Garden","7b7e874b-2c8d-4318-b9af-1398f5f68834",NA,"14 Apr 1890",NA,"NY","1929512892","7b7e874b-2c8d-4318-b9af-1398f5f68834",NA,"1602367","NY",NA,NA,NA,"Mosiera longipes (O.Berg) Small",NA,NA,NA,NA,NA,NA,NA,NA,NA,NA,"ab83e5ab-f4f7-4c9b-a1d5-eb779dfb9377","471",NA,"http://biocol.org/urn:lsid:biocol.org:col:15556","ICN",NA,"en","PhysicalObject",NA,NA,NA,NA,NA,"b2190553-4505-4fdd-8fff-065c8ca26f72",NA,NA,"Red Bays","http://biocol.org/urn:lsid:biocol.org:col:15556",NA,NA,NA,NA,NA,NA,NA,NA,NA,NA,NA,"sheet",NA,NA,NA,NA,"2016-02-03","Google Earth",NA,NA,NA,NA,NA,NA,NA,NA,NA,NA,NA,NA,NA,NA,NA,NA,NA,NA,NA,"http://sweetgum.nybg.org/images3/749/814/1602367.jpg"
"1451071806","Eugenia bahamensis Kiaersk.",25.033333,-77.283333,"cdc,cdround,gass84,incomis,inmafu","cd6e21c8-9e8a-493a-8a76-fbf7862069e5","061b4f20-f241-11da-a328-b8a03c50a862","996e30f8-f762-11e1-a439-00145eb45e9a","061b4f20-f241-11da-a328-b8a03c50a862","GB","DWC_ARCHIVE","2024-08-02T00:36:44.166+00:00","2024-08-02T01:15:40.381+00:00",407,"PRESERVED_SPECIMEN","PRESENT",5419610,6,7707728,220,690,5014,3185119,3185158,3185158,"Mosiera longipes (O.Berg) Small","Plantae","Tracheophyta","Myrtales","Myrtaceae","Mosiera","Mosiera longipes","Eugenia","bahamensis","SPECIES","SYNONYM","NT",NA,"NORTH_AMERICA",NA,1879,5,10,"1879-05-10T00:00",130,130,NA,"2024-08-02T01:15:40.381+00:00",NA,"all rights reserved",FALSE,"K001002376","none","none",FALSE,NA,"Brace",NA,"WGS84","Magnoliopsida","BS","none","none","LATIN_AMERICA","Bahamas","EUROPE",NA,"K001002376",NA,NA,NA,"Herbarium","1451071806","http://specimens.kew.org/herbarium/K001002376",NA,"K001002376","K",NA,NA,NA,"Eugenia bahamensis Kiaersk.",NA,NA,NA,NA,NA,NA,NA,NA,NA,NA,"fa252605-26f6-426c-9892-94d071c2c77f","412",NA,NA,NA,NA,NA,NA,"Myrtaceae","17abcf75-2f1e-46dd-bf75-a5b21dd02655",NA,NA,NA,NA,NA,NA,"New Providence",NA,NA,NA,NA,NA,NA,NA,NA,NA,NA,NA,NA,NA,NA,NA,NA,NA,NA,NA,NA,NA,NA,NA,NA,NA,NA,NA,NA,NA,NA,NA,NA,NA,NA,NA,NA,NA,NA,"http://d2seqvvyy3b8p2.cloudfront.net/f945f670761cf904db0e7f2d07c97edb.jpg"
