"key","scientificName","decimalLatitude","decimalLongitude","issues","datasetKey","publishingOrgKey","networkKeys","installationKey","hostingOrganizationKey","publishingCountry","protocol","lastCrawled","lastParsed","crawlId","basisOfRecord","occurrenceStatus","taxonKey","kingdomKey","phylumKey","classKey","orderKey","familyKey","genusKey","speciesKey","acceptedTaxonKey","acceptedScientificName","kingdom","phylum","order","family","genus","species","genericName","specificEpithet","taxonRank","taxonomicStatus","iucnRedListCategory","dateIdentified","elevation","continent","higherGeography","year","month","day","eventDate","startDayOfYear","endDayOfYear","lastInterpreted","isSequenced","identifier","facts","relations","isInCluster","recordedBy","identifiedBy","geodeticDatum","class","countryCode","recordedByIDs","identifiedByIDs","gbifRegion","country","publishedByGbifRegion","recordNumber","identifier.1","catalogNumber","habitat","georeferenceProtocol","municipality","locality","eventRemarks","gbifID","collectionCode","occurrenceID","higherClassification","name","stateProvince","modified","institutionKey","collectionKey","datasetName","otherCatalogNumbers","rightsHolder","institutionID","dynamicProperties","institutionCode","occurrenceRemarks","gadm","references","preparations","informationWithheld","nomenclaturalCode","verbatimEventDate","verbatimLocality","disposition","previousIdentifications","ownerInstitutionCode","reproductiveCondition","individualCount","collectionID","nomenclaturalStatus","fieldNumber","type","taxonID","bibliographicCitation","county","http...unknown.org.recordID","rights","http...unknown.org.recordEnteredBy","elevationAccuracy","fieldNotes","associatedOccurrences","identificationQualifier","recordedByIDs.type","recordedByIDs.value","locationRemarks","language","identificationID","organismID","locationID","accessRights","verbatimElevation","coordinateUncertaintyInMeters","georeferencedDate","georeferenceSources","georeferencedBy","georeferenceVerificationStatus","typeStatus","identificationRemarks","media_url","license"
"4519393975","Myrcia coumete (Aubl.) DC.",-6.815278,-71.129167,"cdc,cdround,gass84,inmano","cd6e21c8-9e8a-493a-8a76-fbf7862069e5","061b4f20-f241-11da-a328-b8a03c50a862","17abcf75-2f1e-46dd-bf75-a5b21dd02655","996e30f8-f762-11e1-a439-00145eb45e9a","061b4f20-f241-11da-a328-b8a03c50a862","GB","DWC_ARCHIVE","2024-08-02T00:36:44.166+00:00","2024-08-02T01:14:48.100+00:00",407,"PRESERVED_SPECIMEN","PRESENT",3174096,6,7707728,220,690,5014,3173889,3174096,3174096,"Myrcia coumete (Aubl.) DC.","Plantae","Tracheophyta","Myrtales","Myrtaceae","Myrcia","Myrcia coumete","Myrcia","coumete","SPECIES","ACCEPTED","LC","2013-01-01T00:00:00",150,"SOUTH_AMERICA","Ipixuna",2009,2,9,"2009-02-09T00:00",40,40,"2024-08-02T01:14:48.100+00:00",FALSE,"K000812287","none","none",FALSE,"Quinet, A.; de Oliveira, L.M., de Oliveira, D.A., de Oliveira V.S., de Oliveira, N.L.A.","Lucas, E.","WGS84","Magnoliopsida","BR","none","none","LATIN_AMERICA","Brazil","EUROPE","1435","K000812287","K000812287","Semi -ciofila em Floresta Ombrofila Alberta com palmeiras.","Label","Ipixuna","Margem do Igarape Porto Rico.","Arvore de 7 m de altura. Folhas discolores verdes, cartaceas. Frutos imaturos veredes, maduros roseos.","4519393975","Herbarium","http://specimens.kew.org/herbarium/K000812287","Myrtaceae","Myrcia coumete (Aubl.) DC.",NA,NA,NA,NA,NA,NA,NA,NA,NA,NA,NA,NA,NA,NA,NA,NA,NA,NA,NA,NA,NA,NA,NA,NA,NA,NA,NA,NA,NA,NA,NA,NA,NA,NA,NA,NA,NA,NA,NA,NA,NA,NA,NA,NA,NA,NA,NA,NA,NA,NA,NA,NA,NA,"https://d2seqvvyy3b8p2.cloudfront.net/e288f84070ff4e5ae29e3b1338915d51.jpg","http://creativecommons.org/licenses/by/4.0/"
"1424294466","Myrcia coumete (Aubl.) DC.",-8.560556,-67.526389,"cdc,cdround,gass84,colmafu,inmafu","4300f8d5-1ae5-49e5-a101-63894b005868","838537fc-4aeb-4980-8b58-97fbdcd1d91a","4b0d8edb-7504-42c4-9349-63e86c01bf97","da7fe11a-b42c-46cb-9e9d-02243edb738a","838537fc-4aeb-4980-8b58-97fbdcd1d91a","BR","EML","2024-08-01T12:04:19.955+00:00","2024-08-01T12:21:40.734+00:00",520,"PRESERVED_SPECIMEN","PRESENT",3174096,6,7707728,220,690,5014,3173889,3174096,3174096,"Myrcia coumete (Aubl.) DC.","Plantae","Tracheophyta","Myrtales","Myrtaceae","Myrcia","Myrcia coumete","Myrcia","coumete","SPECIES","ACCEPTED","LC",NA,NA,"SOUTH_AMERICA",NA,2009,12,4,"2009-12-04",338,338,"2024-08-01T12:21:40.734+00:00",FALSE,"urn:catalog:JBRJ:RB:583771","none","none",TRUE,"M.G. Bovini; A. Quinet; L.E. Barros","M. Sobral","WGS84","Magnoliopsida","BR","none","none","LATIN_AMERICA","Brazil","LATIN_AMERICA","2859","urn:catalog:JBRJ:RB:583771","RB00583771",NA,NA,"Boca do Acre","Rio Inauini, próximo ao igarapé São Francisco, margem esquerda.",NA,"1424294466","RB","urn:catalog:JBRJ:RB:583771",NA,"Myrcia coumete (Aubl.) DC.","Amazonas","2014-10-15T21:02:47.000+00:00","48b29504-e1ac-432c-a0d6-f09f46023207","e89ac5d6-77af-4d2a-adef-f54d512af4fa","RB - Rio de Janeiro Botanical Garden Herbarium Collection","RB 493894","Rio de Janeiro Botanical Garden","04.936.616/0001-20","{""project"" : ""CNCFlora""}","JBRJ","Arvoreta cerca de 3,5 metros de altura, semi-heliófila. Folhas cartáceas, discolores. Frutos imaturos alvos.",NA,NA,NA,NA,NA,NA,NA,NA,NA,NA,NA,NA,NA,NA,NA,NA,NA,NA,NA,NA,NA,NA,NA,NA,NA,NA,NA,NA,NA,NA,NA,NA,NA,NA,NA,NA,NA,NA,NA,NA,NA,NA,"http://jbrj-public-img.s3-sa-east-1.amazonaws.com/JPG/rb/0/58/37/71/00583771.jpg","http://creativecommons.org/licenses/by/4.0/"
"1424311058","Myrcia coumete (Aubl.) DC.",-8.489722,-67.65,"cdc,cdround,gass84,colmafu,inmafu","4300f8d5-1ae5-49e5-a101-63894b005868","838537fc-4aeb-4980-8b58-97fbdcd1d91a","4b0d8edb-7504-42c4-9349-63e86c01bf97","da7fe11a-b42c-46cb-9e9d-02243edb738a","838537fc-4aeb-4980-8b58-97fbdcd1d91a","BR","EML","2024-08-01T12:04:19.955+00:00","2024-08-01T12:21:39.491+00:00",520,"PRESERVED_SPECIMEN","PRESENT",3174096,6,7707728,220,690,5014,3173889,3174096,3174096,"Myrcia coumete (Aubl.) DC.","Plantae","Tracheophyta","Myrtales","Myrtaceae","Myrcia","Myrcia coumete","Myrcia","coumete","SPECIES","ACCEPTED","LC",NA,107,"SOUTH_AMERICA",NA,2009,12,4,"2009-12-04",338,338,"2024-08-01T12:21:39.491+00:00",FALSE,"urn:catalog:JBRJ:RB:600074","none","none",FALSE,"A. Quinet; M. Bovini,  L.E.S. Barros, C. Barros","M. Sobral","WGS84","Magnoliopsida","BR","none","none","LATIN_AMERICA","Brazil","LATIN_AMERICA","1785","urn:catalog:JBRJ:RB:600074","RB00600074",NA,NA,"Boca do Acre","Rio São Francisco. Inauiní. Floresta Nacional do Mapiá",NA,"1424311058","RB","urn:catalog:JBRJ:RB:600074",NA,"Myrcia coumete (Aubl.) DC.","Amazonas","2017-10-17T19:29:49.000+00:00","48b29504-e1ac-432c-a0d6-f09f46023207","e89ac5d6-77af-4d2a-adef-f54d512af4fa","RB - Rio de Janeiro Botanical Garden Herbarium Collection","RB 503765","Rio de Janeiro Botanical Garden","04.936.616/0001-20","{""project"" : ""Centro Nacional da Flora Brasileira - Projeto Inventário em Áreas Prioritárias de Conservação""}","JBRJ","Árvore de 4 metros de altura. Folhas discolores verdes, cartáceas. Flor com cálice e corola alvos, estames alvos. Semi-heliófila.",NA,NA,NA,NA,NA,NA,NA,NA,NA,NA,NA,NA,NA,NA,NA,NA,NA,NA,NA,NA,NA,NA,NA,NA,NA,NA,NA,NA,NA,NA,NA,NA,NA,NA,NA,NA,NA,NA,NA,NA,NA,NA,"http://jbrj-public-img.s3-sa-east-1.amazonaws.com/JPG/rb/0/60/0/74/00600074.jpg","http://creativecommons.org/licenses/by/4.0/"
"1424328436","Myrcia coumete (Aubl.) DC.",-8.583333,-67.582778,"cdc,cdround,gass84,colmafu,inmafu","4300f8d5-1ae5-49e5-a101-63894b005868","838537fc-4aeb-4980-8b58-97fbdcd1d91a","4b0d8edb-7504-42c4-9349-63e86c01bf97","da7fe11a-b42c-46cb-9e9d-02243edb738a","838537fc-4aeb-4980-8b58-97fbdcd1d91a","BR","EML","2024-08-01T12:04:19.955+00:00","2024-08-01T12:21:40.009+00:00",520,"PRESERVED_SPECIMEN","PRESENT",3174096,6,7707728,220,690,5014,3173889,3174096,3174096,"Myrcia coumete (Aubl.) DC.","Plantae","Tracheophyta","Myrtales","Myrtaceae","Myrcia","Myrcia coumete","Myrcia","coumete","SPECIES","ACCEPTED","LC",NA,NA,"SOUTH_AMERICA",NA,2009,12,12,"2009-12-12",346,346,"2024-08-01T12:21:40.009+00:00",FALSE,"urn:catalog:JBRJ:RB:619507","none","none",FALSE,"A. Quinet; M. Bovini,  L. E. S. Barros, C. Barros","M. Sobral","WGS84","Magnoliopsida","BR","none","none","LATIN_AMERICA","Brazil","LATIN_AMERICA","2022","urn:catalog:JBRJ:RB:619507","RB00619507",NA,NA,"Boca do Acre","Igarapé Mari. Floresta Nacional do Mapiá - Inauiní.",NA,"1424328436","RB","urn:catalog:JBRJ:RB:619507",NA,"Myrcia coumete (Aubl.) DC.","Amazonas","2014-10-09T18:21:21.000+00:00","48b29504-e1ac-432c-a0d6-f09f46023207","e89ac5d6-77af-4d2a-adef-f54d512af4fa","RB - Rio de Janeiro Botanical Garden Herbarium Collection","RB 509437","Rio de Janeiro Botanical Garden","04.936.616/0001-20","{""project"" : ""Centro Nacional da Flora Brasileira - Projeto Inventário em Áreas Prioritárias de Conservação""}","JBRJ","Árvore de 4 m de altura. Folhas discolores verdes cartáceas. Botões florais verdes. Heliófila em área inundada.",NA,NA,NA,NA,NA,NA,NA,NA,NA,NA,NA,NA,NA,NA,NA,NA,NA,NA,NA,NA,NA,NA,NA,NA,NA,NA,NA,NA,NA,NA,NA,NA,NA,NA,NA,NA,NA,NA,NA,NA,NA,NA,"http://jbrj-public-img.s3-sa-east-1.amazonaws.com/JPG/rb/0/61/95/7/00619507.jpg","http://creativecommons.org/licenses/by/4.0/"
"1456063584","Myrcia coumete (Aubl.) DC.",4.09,-52.59,"gass84,osiic","821cc27a-e3bb-4bc5-ac34-89ada245069d","bc092ff0-02e4-11dc-991f-b8a03c50a862","99d66b6c-9087-452f-a9d4-f15f2c2d0e7e","b2ff19b5-d74f-40d2-82f1-ec5db01e8e31","bc092ff0-02e4-11dc-991f-b8a03c50a862","US","EML","2024-08-02T10:48:24.215+00:00","2024-08-02T12:39:00.577+00:00",403,"PRESERVED_SPECIMEN","PRESENT",3174096,6,7707728,220,690,5014,3173889,3174096,3174096,"Myrcia coumete (Aubl.) DC.","Plantae","Tracheophyta","Myrtales","Myrtaceae","Myrcia","Myrcia coumete","Myrcia","coumete","SPECIES","ACCEPTED","LC",NA,NA,"SOUTH_AMERICA","South America - Neotropics, French Guiana",2003,2,22,"2003-02-22",53,53,"2024-08-02T12:39:00.577+00:00",FALSE,"http://n2t.net/ark:/65665/33b9b4dba-49d2-47b9-bf18-a8f543086aac","none","none",TRUE,"E. Lucas, P. Acevedo-Rodriguez, F. Crozier, S. A. Mori, A. Perez & O. Poncy",NA,"WGS84","Magnoliopsida","GF","none","none","LATIN_AMERICA","French Guiana","NORTH_AMERICA","107","http://n2t.net/ark:/65665/33b9b4dba-49d2-47b9-bf18-a8f543086aac","US 3483047","Riverside on the edge of undisturbed, ombrophilous rainforest",NA,NA,"Les Nouragues Reserve, Aratai R.",NA,"1456063584","US","http://n2t.net/ark:/65665/33b9b4dba-49d2-47b9-bf18-a8f543086aac","Plantae, Dicotyledonae, Myrtales, Myrtaceae, Myrtoideae","Myrcia coumete (Aubl.) DC.",NA,"2019-01-10T13:17:00.000+00:00","be5b9c72-e499-42b8-a5dc-c27505cf232e","151c91ba-a521-4735-8c11-5abf8db7fb67","NMNH Extant Biology",NA,NA,"urn:lsid:biocol.org:col:15463",NA,"US",NA,NA,NA,NA,NA,NA,"22-Feb-03",NA,NA,NA,NA,NA,1,"urn:uuid:60e28f81-e634-4869-aa3e-732caed713c8",NA,NA,NA,NA,NA,NA,NA,NA,NA,NA,NA,NA,NA,NA,NA,NA,NA,NA,NA,NA,NA,NA,NA,NA,NA,NA,NA,NA,NA,"http://n2t.net/ark:/65665/m3fe8caf8c-3539-4b21-be90-4d191ea2ebdf","http://creativecommons.org/licenses/by/4.0/"
"2515143772","Myrcia coumete (Aubl.) DC.",3.99469,-52.59611,"txmatfuz,colmafu,inmafu","15f819bd-6612-4447-854b-14d12ee1022d","396d5f30-dea9-11db-8ab4-b8a03c50a862","17abcf75-2f1e-46dd-bf75-a5b21dd02655","65eb93af-41b8-4917-a5fc-cfe2a45aa4bf","396d5f30-dea9-11db-8ab4-b8a03c50a862","NL","DWC_ARCHIVE","2024-07-18T22:01:52.868+00:00","2024-07-18T23:54:45.853+00:00",270,"PRESERVED_SPECIMEN","PRESENT",3174096,6,7707728,220,690,5014,3173889,3174096,3174096,"Myrcia coumete (Aubl.) DC.","Plantae","Tracheophyta","Myrtales","Myrtaceae","Myrcia","Myrcia coumete","Myrcia","coumete","SPECIES","ACCEPTED","LC",NA,NA,"SOUTH_AMERICA",NA,2003,2,22,"2003-02-22",53,53,"2024-07-18T23:54:45.853+00:00",FALSE,"L.3931688@BRAHMS","none","none",FALSE,"Lucas E; et al.",NA,"WGS84","Magnoliopsida","GF","none","none","LATIN_AMERICA","French Guiana","EUROPE","Lucas, E; et al. 107","L.3931688@BRAHMS","L.3931688",NA,NA,NA,"Riverside in the edge of undisturbed, ombrophilous rainforest. Les Nouragues reserve, banks of the river between eco-tourism camp and sign indicating beginning of reserve.",NA,"2515143772","Botany","https://data.biodiversitydata.nl/naturalis/specimen/L.3931688","Plantae|Myrtales|Myrtaceae","Myrcia coumete (Aubl.) DC.",NA,NA,"0e919a55-08d3-4bd2-aec1-200858fafd92","0add23db-a8f7-4d15-95ad-4ed0c5c8a055",NA,NA,"Naturalis Biodiversity Center","Naturalis Biodiversity Center",NA,NA,NA,NA,NA,NA,NA,"ICN",NA,NA,NA,NA,NA,NA,NA,NA,NA,NA,NA,NA,NA,NA,NA,NA,NA,NA,NA,NA,NA,NA,NA,NA,NA,NA,NA,NA,NA,NA,NA,NA,NA,NA,NA,NA,NA,"https://medialib.naturalis.nl/file/id/L.3931688/format/large","http://creativecommons.org/licenses/by/4.0/"
"1456414382","Myrcia coumete (Aubl.) DC.",3.22,-54.25,"gass84,osiic","821cc27a-e3bb-4bc5-ac34-89ada245069d","bc092ff0-02e4-11dc-991f-b8a03c50a862","99d66b6c-9087-452f-a9d4-f15f2c2d0e7e","b2ff19b5-d74f-40d2-82f1-ec5db01e8e31","bc092ff0-02e4-11dc-991f-b8a03c50a862","US","EML","2024-08-02T10:48:24.215+00:00","2024-08-02T12:41:51.465+00:00",403,"PRESERVED_SPECIMEN","PRESENT",3174096,6,7707728,220,690,5014,3173889,3174096,3174096,"Myrcia coumete (Aubl.) DC.","Plantae","Tracheophyta","Myrtales","Myrtaceae","Myrcia","Myrcia coumete","Myrcia","coumete","SPECIES","ACCEPTED","LC",NA,150,"SOUTH_AMERICA","South America - Neotropics, Suriname, Sipaliwini",1998,4,2,"1998-04-02",92,92,"2024-08-02T12:41:51.465+00:00",FALSE,"http://n2t.net/ark:/65665/3df5f761c-0d07-427f-ae7e-f67f8e21bbdd","none","none",FALSE,"B. Hammel & S. Koemar","Holst, Bruce K.","WGS84","Magnoliopsida","SR","none","none","LATIN_AMERICA","Suriname","NORTH_AMERICA","21252","http://n2t.net/ark:/65665/3df5f761c-0d07-427f-ae7e-f67f8e21bbdd","US 3493078","Primary forest",NA,NA,"Ulemari R., 13 km upstream from confl. with Litani R.",NA,"1456414382","US","http://n2t.net/ark:/65665/3df5f761c-0d07-427f-ae7e-f67f8e21bbdd","Plantae, Dicotyledonae, Myrtales, Myrtaceae, Myrtoideae","Myrcia coumete (Aubl.) DC.","Sipaliwini","2019-01-09T23:49:00.000+00:00","be5b9c72-e499-42b8-a5dc-c27505cf232e","151c91ba-a521-4735-8c11-5abf8db7fb67","NMNH Extant Biology",NA,NA,"urn:lsid:biocol.org:col:15463",NA,"US",NA,NA,NA,NA,NA,NA,"2-Apr-98",NA,NA,NA,NA,NA,1,"urn:uuid:60e28f81-e634-4869-aa3e-732caed713c8",NA,NA,NA,NA,NA,NA,NA,NA,NA,NA,NA,NA,NA,NA,NA,NA,NA,NA,NA,NA,NA,NA,NA,NA,NA,NA,NA,NA,NA,"http://n2t.net/ark:/65665/m345cda217-96e3-4a98-bea4-5bf11bb480c6","http://creativecommons.org/licenses/by/4.0/"
"2515146365","Myrcia coumete (Aubl.) DC.",3.22139,-54.25861,"txmatfuz,colmafu,inmafu","15f819bd-6612-4447-854b-14d12ee1022d","396d5f30-dea9-11db-8ab4-b8a03c50a862","17abcf75-2f1e-46dd-bf75-a5b21dd02655","65eb93af-41b8-4917-a5fc-cfe2a45aa4bf","396d5f30-dea9-11db-8ab4-b8a03c50a862","NL","DWC_ARCHIVE","2024-07-18T22:01:52.868+00:00","2024-07-18T23:54:43.249+00:00",270,"PRESERVED_SPECIMEN","PRESENT",3174096,6,7707728,220,690,5014,3173889,3174096,3174096,"Myrcia coumete (Aubl.) DC.","Plantae","Tracheophyta","Myrtales","Myrtaceae","Myrcia","Myrcia coumete","Myrcia","coumete","SPECIES","ACCEPTED","LC",NA,NA,"SOUTH_AMERICA",NA,1998,4,2,"1998-04-02",92,92,"2024-07-18T23:54:43.249+00:00",FALSE,"L.3917460@BRAHMS","none","none",TRUE,"Hammel BE; Koemar S",NA,"WGS84","Magnoliopsida","SR","none","none","LATIN_AMERICA","Suriname","EUROPE","Hammel, BE; Koemar, S 21252","L.3917460@BRAHMS","L.3917460",NA,NA,NA,"Suriname. Vicinity of Ulemari River, 13 km upstream from its confluence with Litani River.",NA,"2515146365","Botany","https://data.biodiversitydata.nl/naturalis/specimen/L.3917460","Plantae|Myrtales|Myrtaceae","Myrcia coumete (Aubl.) DC.",NA,NA,"0e919a55-08d3-4bd2-aec1-200858fafd92","0add23db-a8f7-4d15-95ad-4ed0c5c8a055",NA,NA,"Naturalis Biodiversity Center","Naturalis Biodiversity Center",NA,NA,NA,NA,NA,NA,NA,"ICN",NA,NA,NA,NA,NA,NA,NA,NA,NA,NA,NA,NA,NA,NA,NA,NA,NA,NA,NA,NA,NA,NA,NA,NA,NA,NA,NA,NA,NA,NA,NA,NA,NA,NA,NA,NA,NA,"https://medialib.naturalis.nl/file/id/L.3917460/format/large","http://creativecommons.org/licenses/by/4.0/"
"1258501950","Myrcia coumete (Aubl.) DC.",3.22138,-54.25861,"gass84,osiic,colmano,inmafu","7bd65a7a-f762-11e1-a439-00145eb45e9a","90fd6680-349f-11d8-aa2d-b8a03c50a862",NA,"c4e134d3-c68f-406d-a116-6a37895602e0","90fd6680-349f-11d8-aa2d-b8a03c50a862","US","EML","2024-08-02T18:16:10.271+00:00","2024-08-02T20:14:26.029+00:00",340,"PRESERVED_SPECIMEN","PRESENT",3174096,6,7707728,220,690,5014,3173889,3174096,3174096,"Myrcia coumete (Aubl.) DC.","Plantae","Tracheophyta","Myrtales","Myrtaceae","Myrcia","Myrcia coumete","Myrcia","coumete","SPECIES","ACCEPTED","LC","1999-01-01T00:00:00",150,"SOUTH_AMERICA",NA,1998,4,2,"1998-04-02",92,92,"2024-08-02T20:14:26.029+00:00",FALSE,"urn:catalog:MO:Tropicos:1287871","none","none",TRUE,"Barry E. Hammel|Sylva Koemar","B.K. Holst (SEL)","WGS84","Magnoliopsida","SR","none","none","LATIN_AMERICA","Suriname","NORTH_AMERICA","Hammel 21252","urn:catalog:MO:Tropicos:1287871","1287871",NA,NA,NA,"Vicinity of Ulemari River, 13 km upstream from its confluence with Litani River. Primary forest.",NA,"1258501950","Tropicos","urn:catalog:MO:Tropicos:1287871",NA,"Myrcia coumete (Aubl.) DC.","Sipaliwini","2008-05-27T22:02:00.000+00:00","1be3aa67-8f90-4309-92f4-bd55426a8c09",NA,"Tropicos",NA,"Missouri Botanical Garden",NA,NA,"MO",NA,NA,NA,NA,NA,"ICNafp",NA,NA,NA,NA,"MOBOT",NA,7,"http://biocol.org/urn:lsid:biocol.org:col:15859","No opinion","7","PhysicalObject","22102107","http://www.tropicos.org/Specimen/1287871",NA,NA,NA,NA,NA,NA,NA,NA,NA,NA,NA,NA,NA,NA,NA,NA,NA,NA,NA,NA,NA,NA,NA,NA,"http://images.mobot.org/tropicosimages3/detailimages/TropicosImages2/100336000/7461FD36-ED0C-4036-B6DE-B861B9A07289.jpg","http://creativecommons.org/licenses/by/4.0/"
"1260353562","Myrcia coumete (Aubl.) DC.",9.693056,-84.370833,"cdround,gass84,osiic,colmano,inmafu","7bd65a7a-f762-11e1-a439-00145eb45e9a","90fd6680-349f-11d8-aa2d-b8a03c50a862",NA,"c4e134d3-c68f-406d-a116-6a37895602e0","90fd6680-349f-11d8-aa2d-b8a03c50a862","US","EML","2024-08-02T18:16:10.271+00:00","2024-08-02T20:16:42.262+00:00",340,"PRESERVED_SPECIMEN","PRESENT",3174096,6,7707728,220,690,5014,3173889,3174096,3174096,"Myrcia coumete (Aubl.) DC.","Plantae","Tracheophyta","Myrtales","Myrtaceae","Myrcia","Myrcia coumete","Myrcia","coumete","SPECIES","ACCEPTED","LC","2004-01-01T00:00:00",400,"NORTH_AMERICA",NA,1998,9,15,"1998-09-15",258,258,"2024-08-02T20:16:42.262+00:00",FALSE,"urn:catalog:MO:Tropicos:2983872","none","none",TRUE,"Luis Acosta|Luis A. González","B.K. Holst & M.L. Kawasaki (F)","WGS84","Magnoliopsida","CR","none","none","LATIN_AMERICA","Costa Rica","NORTH_AMERICA","Acosta Vargas 14","urn:catalog:MO:Tropicos:2983872","2983872",NA,NA,NA,"Zona Protectora La Cangreja, Cuenca del Tulín, Mastatal, Falda Fila Cangreja, costado sur",NA,"1260353562","Tropicos","urn:catalog:MO:Tropicos:2983872",NA,"Myrcia coumete (Aubl.) DC.","San José","2015-02-28T05:45:00.000+00:00","1be3aa67-8f90-4309-92f4-bd55426a8c09",NA,"Tropicos",NA,"Missouri Botanical Garden",NA,NA,"MO",NA,NA,NA,NA,NA,"ICNafp",NA,NA,NA,NA,"MOBOT",NA,1,"http://biocol.org/urn:lsid:biocol.org:col:15859","No opinion","20","PhysicalObject","22102107","http://www.tropicos.org/Specimen/2983872","Puriscal",NA,NA,NA,NA,NA,NA,NA,NA,NA,NA,NA,NA,NA,NA,NA,NA,NA,NA,NA,NA,NA,NA,NA,"http://images.mobot.org/tropicosimages3/detailimages/TropicosImages2/100336000/E47AA652-4BA9-450F-9DBB-CEDDA5D5CD00.jpg","http://creativecommons.org/licenses/by/4.0/"
"438204039","Myrcia coumete (Aubl.) DC.",3.61667,-53.2,"cdc,gass84","b5cdf794-8fa4-4a85-8b26-755d087bf531","2cd829bb-b713-433d-99cf-64bef11e5b3e","17abcf75-2f1e-46dd-bf75-a5b21dd02655","86c2834b-fcd6-418d-9b32-aca45110a0fe","2cd829bb-b713-433d-99cf-64bef11e5b3e","FR","EML","2024-07-31T14:46:57.413+00:00","2024-07-31T15:50:54.494+00:00",549,"PRESERVED_SPECIMEN","PRESENT",3174096,6,7707728,220,690,5014,3173889,3174096,3174096,"Myrcia coumete (Aubl.) DC.","Plantae","Tracheophyta","Myrtales","Myrtaceae","Myrcia","Myrcia coumete","Myrcia","coumete","SPECIES","ACCEPTED","LC",NA,200,"SOUTH_AMERICA",NA,1988,6,18,"1988-06-18",170,170,"2024-07-31T15:50:54.494+00:00",FALSE,"http://coldb.mnhn.fr/catalognumber/mnhn/p/p00547310","none","none",TRUE,"Mori, S.|Gracie, C.","Gracie","WGS84","Magnoliopsida","GF","none","none","LATIN_AMERICA","French Guiana","EUROPE",NA,"http://coldb.mnhn.fr/catalognumber/mnhn/p/p00547310","P00547310",NA,NA,NA,NA,NA,"438204039","P","http://coldb.mnhn.fr/catalognumber/mnhn/p/p00547310",NA,"Myrcia coumete (Aubl.) DC.",NA,"2015-09-04T20:37:41.000+00:00","6a6ac6c5-1b8a-48db-91a2-f8661274ff80","bc3d39fd-a7d4-4763-b951-2bdeddd8a5d2",NA,NA,NA,"http://grbio.org/institution/museum-national-dhistoire-naturelle",NA,"MNHN",NA,NA,NA,"hb",NA,NA,NA,"Saül",NA,NA,NA,NA,NA,NA,NA,"19018",NA,NA,NA,NA,NA,NA,NA,NA,NA,NA,NA,NA,NA,NA,NA,NA,NA,NA,NA,NA,NA,NA,NA,NA,NA,NA,NA,"http://mediaphoto.mnhn.fr/media/1441395526133jb9rKzre97npyyl8","http://creativecommons.org/licenses/by/4.0/"
"1456278661","Myrcia coumete (Aubl.) DC.",3.61,-53.2,"gass84,osiic","821cc27a-e3bb-4bc5-ac34-89ada245069d","bc092ff0-02e4-11dc-991f-b8a03c50a862","99d66b6c-9087-452f-a9d4-f15f2c2d0e7e","b2ff19b5-d74f-40d2-82f1-ec5db01e8e31","bc092ff0-02e4-11dc-991f-b8a03c50a862","US","EML","2024-08-02T10:48:24.215+00:00","2024-08-02T12:39:45.852+00:00",403,"PRESERVED_SPECIMEN","PRESENT",3174096,6,7707728,220,690,5014,3173889,3174096,3174096,"Myrcia coumete (Aubl.) DC.","Plantae","Tracheophyta","Myrtales","Myrtaceae","Myrcia","Myrcia coumete","Myrcia","coumete","SPECIES","ACCEPTED","LC",NA,200,"SOUTH_AMERICA","South America - Neotropics, French Guiana",1988,6,18,"1988-06-18",170,170,"2024-08-02T12:39:45.852+00:00",FALSE,"http://n2t.net/ark:/65665/3a0132d85-4017-4435-bc48-687f27e7185e","none","none",TRUE,"S. A. Mori & C. A. Gracie","Gracie, Carol A.","WGS84","Magnoliopsida","GF","none","none","LATIN_AMERICA","French Guiana","NORTH_AMERICA","19018","http://n2t.net/ark:/65665/3a0132d85-4017-4435-bc48-687f27e7185e","US 3192860","Along road vic. of airstrip",NA,NA,"Saül",NA,"1456278661","US","http://n2t.net/ark:/65665/3a0132d85-4017-4435-bc48-687f27e7185e","Plantae, Dicotyledonae, Myrtales, Myrtaceae, Myrtoideae","Myrcia coumete (Aubl.) DC.",NA,"2019-01-10T12:05:00.000+00:00","be5b9c72-e499-42b8-a5dc-c27505cf232e","151c91ba-a521-4735-8c11-5abf8db7fb67","NMNH Extant Biology",NA,NA,"urn:lsid:biocol.org:col:15463",NA,"US",NA,NA,NA,NA,NA,NA,"18-Jun-88",NA,NA,NA,NA,NA,1,"urn:uuid:60e28f81-e634-4869-aa3e-732caed713c8",NA,NA,NA,NA,NA,NA,NA,NA,NA,NA,NA,NA,NA,NA,NA,NA,NA,NA,NA,NA,NA,NA,NA,NA,NA,NA,NA,NA,NA,"http://n2t.net/ark:/65665/m3ed7f05aa-89fa-4885-8971-0637f538f613","http://creativecommons.org/licenses/by/4.0/"
"2270678102","Myrcia coumeta",3.83333,-54.2,"cdc,gass84,colmafu,inmafu","e05fd4c2-4d77-4c50-880e-1b22096af300","814cdfb5-d4f8-4453-815f-ea5df98e76bf",NA,"ac2ad091-91eb-482d-a73f-061744da5dbf","96710dc8-fecb-440d-ae3e-c34ae8a9616f","US","DWC_ARCHIVE","2024-08-01T19:50:53.747+00:00","2024-08-01T20:02:06.412+00:00",276,"PRESERVED_SPECIMEN","PRESENT",3717737,6,7707728,220,690,5014,3173889,3174096,3174096,"Myrcia coumete (Aubl.) DC.","Plantae","Tracheophyta","Myrtales","Myrtaceae","Myrcia","Myrcia coumete","Myrcia","coumeta","SPECIES","SYNONYM","NE",NA,NA,"SOUTH_AMERICA",NA,1987,9,28,"1987-09-28",271,271,"2024-08-01T20:02:06.412+00:00",FALSE,"764926","none","none",TRUE,"M. Fleury",NA,"WGS84","Magnoliopsida","GF","none","none","LATIN_AMERICA","French Guiana","NORTH_AMERICA","450","764926","ASU0054873",NA,NA,NA,"Village Boni d Loca- Bassin du Maroni- Lawa.",NA,"2270678102","Plants","f59a070e-c95f-45f9-aac6-a6fa76d4de99","Plantae|Spermatophyta|Tracheophyta|Magnoliophyta|Eudicots|Core Eudicots|Malvids|Rosids|Myrtales|Myrtaceae|Myrcia","Myrcia coumeta","Cayenne","2023-07-16T07:02:03.000+00:00","530c45d0-e0f7-401d-b3f6-34f58482c485","0bbd7d8f-706c-4e2a-9505-58b142356450",NA,"186870",NA,NA,NA,"ASU","Arbre; feuilles opposees, elliptiques, base aigue, apex acumine, marge lisse. Glandes pellucides sur le limbe. Boni: dondo uku.",NA,"https://swbiodiversity.org/seinet/collections/individual/index.php?occid=764926",NA,NA,NA,NA,NA,NA,NA,NA,NA,NA,"a2e32c87-d320-4a01-bafd-a9182ae2e191",NA,NA,NA,"48067",NA,NA,"f59a070e-c95f-45f9-aac6-a6fa76d4de99","http://creativecommons.org/licenses/by-nc/3.0/","marisin",NA,NA,NA,NA,NA,NA,NA,NA,NA,NA,NA,NA,NA,NA,NA,NA,NA,NA,NA,NA,"https://swbiodiversity.org/imglib/h_seinet/seinet/ASU/ASU0054/ASU0054873_lg.jpg","http://creativecommons.org/licenses/by/4.0/"
"2236163790","Myrcia coumete (Aubl.) DC.",7.33,-76.5,"gass84,osiic","821cc27a-e3bb-4bc5-ac34-89ada245069d","bc092ff0-02e4-11dc-991f-b8a03c50a862","99d66b6c-9087-452f-a9d4-f15f2c2d0e7e","b2ff19b5-d74f-40d2-82f1-ec5db01e8e31","bc092ff0-02e4-11dc-991f-b8a03c50a862","US","EML","2024-08-02T10:48:24.215+00:00","2024-08-02T12:41:55.275+00:00",403,"PRESERVED_SPECIMEN","PRESENT",3174096,6,7707728,220,690,5014,3173889,3174096,3174096,"Myrcia coumete (Aubl.) DC.","Plantae","Tracheophyta","Myrtales","Myrtaceae","Myrcia","Myrcia coumete","Myrcia","coumete","SPECIES","ACCEPTED","LC",NA,90,"SOUTH_AMERICA","South America - Neotropics, Colombia, Antioquia",1987,11,19,"1987-11-19",323,323,"2024-08-02T12:41:55.275+00:00",FALSE,"http://n2t.net/ark:/65665/3ef155208-1ddb-44c6-bdc3-837fc82f3577","none","none",FALSE,"R. Callejas, R. Fonnegra, F. J. Roldán & A. Arbeláez Alvarez",NA,"WGS84","Magnoliopsida","CO","none","none","LATIN_AMERICA","Colombia","NORTH_AMERICA","5660","http://n2t.net/ark:/65665/3ef155208-1ddb-44c6-bdc3-837fc82f3577","US 3265482",NA,NA,NA,"Municipio Mutatá: Corregimiento Longani, bosques a margen derecha del río Longani, 2 Kms. N de Mutatá.",NA,"2236163790","US","http://n2t.net/ark:/65665/3ef155208-1ddb-44c6-bdc3-837fc82f3577","Plantae, Dicotyledonae, Myrtales, Myrtaceae, Myrtoideae","Myrcia coumete (Aubl.) DC.","Antioquia","2022-11-02T20:08:00.000+00:00","be5b9c72-e499-42b8-a5dc-c27505cf232e","151c91ba-a521-4735-8c11-5abf8db7fb67","NMNH Extant Biology",NA,NA,"urn:lsid:biocol.org:col:15463",NA,"US",NA,NA,NA,NA,NA,NA,NA,NA,NA,NA,NA,NA,1,"urn:uuid:60e28f81-e634-4869-aa3e-732caed713c8",NA,NA,NA,NA,NA,NA,NA,NA,NA,10,NA,NA,NA,NA,NA,NA,NA,NA,NA,NA,NA,NA,NA,NA,NA,NA,NA,NA,NA,"http://n2t.net/ark:/65665/m3953622e4-5b81-4de7-969b-e1567755c4ab","http://creativecommons.org/licenses/by/4.0/"
"2517234977","Myrcia coumete (Aubl.) DC.",-16.21667,-67.75,"colmafu,inmafu","15f819bd-6612-4447-854b-14d12ee1022d","396d5f30-dea9-11db-8ab4-b8a03c50a862","17abcf75-2f1e-46dd-bf75-a5b21dd02655","65eb93af-41b8-4917-a5fc-cfe2a45aa4bf","396d5f30-dea9-11db-8ab4-b8a03c50a862","NL","DWC_ARCHIVE","2024-07-18T22:01:52.868+00:00","2024-07-18T23:54:58.062+00:00",270,"PRESERVED_SPECIMEN","PRESENT",3174096,6,7707728,220,690,5014,3173889,3174096,3174096,"Myrcia coumete (Aubl.) DC.","Plantae","Tracheophyta","Myrtales","Myrtaceae","Myrcia","Myrcia coumete","Myrcia","coumete","SPECIES","ACCEPTED","LC","2016-05-13T00:00:00",NA,"SOUTH_AMERICA",NA,1987,11,12,"1987-11-12",316,316,"2024-07-18T23:54:58.062+00:00",FALSE,"U.1443799@BRAHMS","none","none",FALSE,"Solomon JC","Lima dos Santos L","WGS84","Magnoliopsida","BO","none","none","LATIN_AMERICA","Bolivia (Plurinational State of)","EUROPE","Solomon, JC 17378","U.1443799@BRAHMS","U.1443799",NA,NA,NA,"Dpto. La Paz: Prov. Nor Yungas. 1 km al 0 de Yolosa por el camino a Unduavi. Vado dep Rio Cedro.",NA,"2517234977","Botany","https://data.biodiversitydata.nl/naturalis/specimen/U.1443799","Plantae|Myrtales|Myrtaceae","Myrcia coumete (Aubl.) DC.",NA,NA,"0e919a55-08d3-4bd2-aec1-200858fafd92","0add23db-a8f7-4d15-95ad-4ed0c5c8a055",NA,NA,"Naturalis Biodiversity Center","Naturalis Biodiversity Center",NA,NA,NA,NA,NA,NA,NA,"ICN",NA,NA,NA,NA,NA,NA,NA,NA,NA,NA,NA,NA,NA,NA,NA,NA,NA,NA,NA,NA,NA,NA,NA,NA,NA,NA,NA,NA,NA,NA,NA,NA,NA,NA,NA,NA,NA,"https://medialib.naturalis.nl/file/id/U.1443799/format/large","http://creativecommons.org/licenses/by/4.0/"
"1258666106","Myrcia coumete (Aubl.) DC.",7.33333,-76.5,"gass84,colmano,inmafu","7bd65a7a-f762-11e1-a439-00145eb45e9a","90fd6680-349f-11d8-aa2d-b8a03c50a862",NA,"c4e134d3-c68f-406d-a116-6a37895602e0","90fd6680-349f-11d8-aa2d-b8a03c50a862","US","EML","2024-08-02T18:16:10.271+00:00","2024-08-02T20:16:10.207+00:00",340,"PRESERVED_SPECIMEN","PRESENT",3174096,6,7707728,220,690,5014,3173889,3174096,3174096,"Myrcia coumete (Aubl.) DC.","Plantae","Tracheophyta","Myrtales","Myrtaceae","Myrcia","Myrcia coumete","Myrcia","coumete","SPECIES","ACCEPTED","LC","1988-01-01T00:00:00",90,"SOUTH_AMERICA",NA,1987,11,19,"1987-11-19",323,323,"2024-08-02T20:16:10.207+00:00",FALSE,"urn:catalog:MO:Tropicos:1438700","none","none",TRUE,"Ricardo Callejas|et al.","M.L. Kawasaki","WGS84","Magnoliopsida","CO","none","none","LATIN_AMERICA","Colombia","NORTH_AMERICA","Callejas Posada 5660","urn:catalog:MO:Tropicos:1438700","1438700",NA,NA,NA,"Corregimiento Longani, bosques a margen derecha del río Longani, 2 km N de Mutatá, bmh/bmht.",NA,"1258666106","Tropicos","urn:catalog:MO:Tropicos:1438700",NA,"Myrcia coumete (Aubl.) DC.","Antioquia","2011-11-08T05:06:00.000+00:00","1be3aa67-8f90-4309-92f4-bd55426a8c09",NA,"Tropicos",NA,"Missouri Botanical Garden",NA,NA,"MO",NA,NA,NA,NA,NA,"ICNafp",NA,NA,NA,NA,"MOBOT",NA,NA,"http://biocol.org/urn:lsid:biocol.org:col:15859","No opinion",NA,"PhysicalObject","22102107","http://www.tropicos.org/Specimen/1438700","Mutatá",NA,NA,NA,10,NA,NA,NA,NA,NA,NA,NA,NA,NA,NA,NA,NA,NA,NA,NA,NA,NA,NA,NA,"http://images.mobot.org/tropicosimages3/detailimages/TropicosImages2/100336000/260EDE9D-39FC-4D9B-A0DE-1E2AC3A4DD5E.jpg","http://creativecommons.org/licenses/by/4.0/"
"1456006824","Myrcia coumete (Aubl.) DC.",3.81,-54.2,"gass84,osiic","821cc27a-e3bb-4bc5-ac34-89ada245069d","bc092ff0-02e4-11dc-991f-b8a03c50a862","99d66b6c-9087-452f-a9d4-f15f2c2d0e7e","b2ff19b5-d74f-40d2-82f1-ec5db01e8e31","bc092ff0-02e4-11dc-991f-b8a03c50a862","US","EML","2024-08-02T10:48:24.215+00:00","2024-08-02T12:40:58.721+00:00",403,"PRESERVED_SPECIMEN","PRESENT",3174096,6,7707728,220,690,5014,3173889,3174096,3174096,"Myrcia coumete (Aubl.) DC.","Plantae","Tracheophyta","Myrtales","Myrtaceae","Myrcia","Myrcia coumete","Myrcia","coumete","SPECIES","ACCEPTED","LC",NA,NA,"SOUTH_AMERICA","South America - Neotropics, French Guiana",1986,4,29,"1986-04-29",119,119,"2024-08-02T12:40:58.721+00:00",FALSE,"http://n2t.net/ark:/65665/32142092d-b145-4df7-8b0a-4a8ea1a90a28","none","none",TRUE,"M. Fleury","Sabatier, D.","WGS84","Magnoliopsida","GF","none","none","LATIN_AMERICA","French Guiana","NORTH_AMERICA","182","http://n2t.net/ark:/65665/32142092d-b145-4df7-8b0a-4a8ea1a90a28","US 3174413","Riverbank",NA,NA,"Assici, Bassin du Maroni",NA,"1456006824","US","http://n2t.net/ark:/65665/32142092d-b145-4df7-8b0a-4a8ea1a90a28","Plantae, Dicotyledonae, Myrtales, Myrtaceae, Myrtoideae","Myrcia coumete (Aubl.) DC.",NA,"2019-01-10T15:07:00.000+00:00","be5b9c72-e499-42b8-a5dc-c27505cf232e","151c91ba-a521-4735-8c11-5abf8db7fb67","NMNH Extant Biology",NA,NA,"urn:lsid:biocol.org:col:15463",NA,"US",NA,NA,NA,NA,NA,NA,"29-Apr-86",NA,NA,NA,NA,NA,1,"urn:uuid:60e28f81-e634-4869-aa3e-732caed713c8",NA,NA,NA,NA,NA,NA,NA,NA,NA,NA,NA,NA,NA,NA,NA,NA,NA,NA,NA,NA,NA,NA,NA,NA,NA,NA,NA,NA,NA,"http://n2t.net/ark:/65665/m3698c20d6-e5db-4cd6-8e85-457cba5164aa","http://creativecommons.org/licenses/by/4.0/"
"2517225042","Myrcia coumete (Aubl.) DC.",3.81667,-54.2,"txmatfuz,colmafu,inmafu","15f819bd-6612-4447-854b-14d12ee1022d","396d5f30-dea9-11db-8ab4-b8a03c50a862","17abcf75-2f1e-46dd-bf75-a5b21dd02655","65eb93af-41b8-4917-a5fc-cfe2a45aa4bf","396d5f30-dea9-11db-8ab4-b8a03c50a862","NL","DWC_ARCHIVE","2024-07-18T22:01:52.868+00:00","2024-07-18T23:54:58.634+00:00",270,"PRESERVED_SPECIMEN","PRESENT",3174096,6,7707728,220,690,5014,3173889,3174096,3174096,"Myrcia coumete (Aubl.) DC.","Plantae","Tracheophyta","Myrtales","Myrtaceae","Myrcia","Myrcia coumete","Myrcia","coumete","SPECIES","ACCEPTED","LC",NA,NA,"SOUTH_AMERICA",NA,1986,4,29,"1986-04-29",119,119,"2024-07-18T23:54:58.634+00:00",FALSE,"U.1450225@BRAHMS","none","none",FALSE,"Fleury M",NA,"WGS84","Magnoliopsida","GF","none","none","LATIN_AMERICA","French Guiana","EUROPE","Fleury, M 182","U.1450225@BRAHMS","U.1450225",NA,NA,NA,"Village Assici, Bassin du Maroni  ( sur le bord du Maroni)",NA,"2517225042","Botany","https://data.biodiversitydata.nl/naturalis/specimen/U.1450225","Plantae|Myrtales|Myrtaceae","Myrcia coumete (Aubl.) DC.","Saint-Laurent-du-Maroni",NA,"0e919a55-08d3-4bd2-aec1-200858fafd92","0add23db-a8f7-4d15-95ad-4ed0c5c8a055",NA,"U  0131328","Naturalis Biodiversity Center","Naturalis Biodiversity Center",NA,NA,NA,NA,NA,NA,NA,"ICN",NA,NA,NA,NA,NA,NA,NA,NA,NA,NA,NA,NA,NA,NA,NA,NA,NA,NA,NA,NA,NA,NA,NA,NA,NA,NA,NA,NA,NA,NA,NA,NA,NA,NA,NA,NA,NA,"https://medialib.naturalis.nl/file/id/U.1450225/format/large","http://creativecommons.org/licenses/by/4.0/"
"2270676806","Myrcia coumeta",-8.75,-54.95,"cdc,gass84,colmafu,inmafu","e05fd4c2-4d77-4c50-880e-1b22096af300","814cdfb5-d4f8-4453-815f-ea5df98e76bf",NA,"ac2ad091-91eb-482d-a73f-061744da5dbf","96710dc8-fecb-440d-ae3e-c34ae8a9616f","US","DWC_ARCHIVE","2024-08-01T19:50:53.747+00:00","2024-08-01T20:02:06.145+00:00",276,"PRESERVED_SPECIMEN","PRESENT",3717737,6,7707728,220,690,5014,3173889,3174096,3174096,"Myrcia coumete (Aubl.) DC.","Plantae","Tracheophyta","Myrtales","Myrtaceae","Myrcia","Myrcia coumete","Myrcia","coumeta","SPECIES","SYNONYM","NE",NA,NA,"SOUTH_AMERICA",NA,1983,5,6,"1983-05-06",126,126,"2024-08-01T20:02:06.145+00:00",FALSE,"765292","none","none",FALSE,"M. Silva","L.R. Landrum, 2005.","WGS84","Magnoliopsida","BR","none","none","LATIN_AMERICA","Brazil","NORTH_AMERICA","259","765292","ASU0054872","mata de terra firme, solo arenoso.",NA,NA,"Estrada Santarem-Cuiaba, BR-163, km 859 a 870, Serra do Cachimbo.",NA,"2270676806","Plants","c959dc1f-b254-4415-b8ab-6108755e198a","Plantae|Spermatophyta|Tracheophyta|Magnoliophyta|Eudicots|Core Eudicots|Malvids|Rosids|Myrtales|Myrtaceae|Myrcia","Myrcia coumeta","Para","2023-07-16T07:02:03.000+00:00","530c45d0-e0f7-401d-b3f6-34f58482c485","0bbd7d8f-706c-4e2a-9505-58b142356450",NA,"147090",NA,NA,NA,"ASU","Arvoreta de 6m de altura; flor crème.",NA,"https://swbiodiversity.org/seinet/collections/individual/index.php?occid=765292",NA,NA,NA,NA,NA,NA,NA,NA,"flowers",NA,"a2e32c87-d320-4a01-bafd-a9182ae2e191",NA,NA,NA,"48067",NA,"Itaituba","c959dc1f-b254-4415-b8ab-6108755e198a","http://creativecommons.org/licenses/by-nc/3.0/","marisin",NA,NA,"herbariumSpecimenDuplicate: https://swbiodiversity.org/seinet/collections/individual/index.php?guid=44b48939-6101-4976-a8ac-cb5b8e5670e4","cf.",NA,NA,NA,NA,NA,NA,NA,NA,NA,NA,NA,NA,NA,NA,NA,NA,"https://swbiodiversity.org/imglib/h_seinet/seinet/ASU/ASU0054/ASU0054872_lg.jpg","http://creativecommons.org/licenses/by/4.0/"
"1455949925","Myrcia coumete (Aubl.) DC.",4.56,-52.46,"gass84,osiic","821cc27a-e3bb-4bc5-ac34-89ada245069d","bc092ff0-02e4-11dc-991f-b8a03c50a862","99d66b6c-9087-452f-a9d4-f15f2c2d0e7e","b2ff19b5-d74f-40d2-82f1-ec5db01e8e31","bc092ff0-02e4-11dc-991f-b8a03c50a862","US","EML","2024-08-02T10:48:24.215+00:00","2024-08-02T12:38:24.829+00:00",403,"PRESERVED_SPECIMEN","PRESENT",3174096,6,7707728,220,690,5014,3173889,3174096,3174096,"Myrcia coumete (Aubl.) DC.","Plantae","Tracheophyta","Myrtales","Myrtaceae","Myrcia","Myrcia coumete","Myrcia","coumete","SPECIES","ACCEPTED","LC",NA,NA,"SOUTH_AMERICA","South America - Neotropics, French Guiana",1965,4,21,"1965-04-21",111,111,"2024-08-02T12:38:24.829+00:00",FALSE,"http://n2t.net/ark:/65665/306ac0aac-e02e-487d-bbd8-51de892c9fca","none","none",TRUE,"R. Oldeman","Granville, J. J. de, (CAY), Institut de Recherche pour le Developpement (IRD) (FRENCH GUIANA)","WGS84","Magnoliopsida","GF","none","none","LATIN_AMERICA","French Guiana","NORTH_AMERICA","1247","http://n2t.net/ark:/65665/306ac0aac-e02e-487d-bbd8-51de892c9fca","US 3285550","Riverine vegetation",NA,NA,"Rivière Comté, env. 65 km S de Cayenne",NA,"1455949925","US","http://n2t.net/ark:/65665/306ac0aac-e02e-487d-bbd8-51de892c9fca","Plantae, Dicotyledonae, Myrtales, Myrtaceae, Myrtoideae","Myrcia coumete (Aubl.) DC.",NA,"2019-01-10T11:56:00.000+00:00","be5b9c72-e499-42b8-a5dc-c27505cf232e","151c91ba-a521-4735-8c11-5abf8db7fb67","NMNH Extant Biology",NA,NA,"urn:lsid:biocol.org:col:15463",NA,"US",NA,NA,NA,NA,NA,NA,"21-Apr-65",NA,NA,NA,NA,NA,1,"urn:uuid:60e28f81-e634-4869-aa3e-732caed713c8",NA,NA,NA,NA,NA,NA,NA,NA,NA,NA,NA,NA,NA,NA,NA,NA,NA,NA,NA,NA,NA,NA,NA,NA,NA,NA,NA,NA,NA,"http://n2t.net/ark:/65665/m352a3b14b-20cb-4115-99b0-780b3917b076","http://creativecommons.org/licenses/by/4.0/"
"2242465006","Myrcia coumete (Aubl.) DC.",3.33333,-55.45,"cdc,gass84,txmatfuz,incomis","af1b4db0-c8ce-4a95-b700-8a6a02bed9d6","253fc67c-c7fb-4c85-88f5-43ac6d9dc8a9",NA,"40dee7df-00ee-4965-bcaf-5291dbab4b08","253fc67c-c7fb-4c85-88f5-43ac6d9dc8a9","US","EML","2024-01-26T19:01:55.931+00:00","2024-01-29T12:47:07.287+00:00",398,"PRESERVED_SPECIMEN","PRESENT",3174096,6,7707728,220,690,5014,3173889,3174096,3174096,"Myrcia coumete (Aubl.) DC.","Plantae","Tracheophyta","Myrtales","Myrtaceae","Myrcia","Myrcia coumete","Myrcia","coumete","SPECIES","ACCEPTED","LC","1964-01-01T00:00:00",NA,"SOUTH_AMERICA","Suriname",1963,4,13,"1963-04-13",103,103,"2024-01-29T12:47:07.287+00:00",FALSE,"0A761B0E-0790-4045-B46F-9D5A8D9DD493","none","none",TRUE,"J. G. Wessels Boer","J. C. Lindeman","WGS84","Magnoliopsida","SR","none","none","LATIN_AMERICA","Suriname","NORTH_AMERICA","1265","0A761B0E-0790-4045-B46F-9D5A8D9DD493","82328",NA,NA,NA,"Ad flum Paloemeu et Tapanahoni confluence; along bank of Tapanahoni River.",NA,"2242465006","Herb","0A761B0E-0790-4045-B46F-9D5A8D9DD493","Plantae | Dicots | Myrtaceae","Myrcia coumete (Aubl.) DC.",NA,NA,"efc9e42f-509d-47fe-a30a-1bbd7ac8ba31",NA,NA,NA,NA,"urn:lsid:biocol.org:col:15638","{""habit"":""Shrub, 2 m tall, fruit red.""}","USF",NA,NA,NA,NA,NA,"ICN",NA,"Ad flum Paloemeu et Tapanahoni confluence; along bank of Tapanahoni River.",NA,NA,NA,"Fruit",NA,NA,NA,NA,"PhysicalObject",NA,NA,NA,NA,NA,NA,NA,NA,NA,NA,NA,NA,NA,"en","323146",NA,NA,NA,NA,NA,NA,NA,NA,NA,NA,NA,"https://cdn.plantatlas.org/img/specimens/USF/82328.jpg","http://creativecommons.org/licenses/by/4.0/"
"1928493317","Myrcia coumete (Aubl.) DC.",0.881103,-52.01741,"cdround,mdativ","d415c253-4d61-4459-9d25-4015b9084fb0","ae447c50-b8a8-11d8-92a4-b8a03c50a862",NA,"17017c2c-036b-45d9-b045-606d21b00771","ae447c50-b8a8-11d8-92a4-b8a03c50a862","US","EML","2024-07-21T04:09:35.210+00:00","2024-07-21T05:13:31.856+00:00",415,"PRESERVED_SPECIMEN","PRESENT",3174096,6,7707728,220,690,5014,3173889,3174096,3174096,"Myrcia coumete (Aubl.) DC.","Plantae","Tracheophyta","Myrtales","Myrtaceae","Myrcia","Myrcia coumete","Myrcia","coumete","SPECIES","ACCEPTED","LC","1967-01-01T00:00:00",185,"SOUTH_AMERICA",NA,1954,11,24,"1954-11-24",328,328,"2024-07-21T05:13:31.856+00:00",FALSE,"334011cb-ee41-40c2-8c73-c0f4ed23be60","none","none",FALSE,"R. S. Cowan","R. McVaugh","WGS84","Magnoliopsida","BR","none","none","LATIN_AMERICA","Brazil","NORTH_AMERICA","385793","334011cb-ee41-40c2-8c73-c0f4ed23be60","01460504",NA,"Georeferencing Quick Reference Guide, Version 2012",NA,"Serra do Navio, Rio Amapari Along right bank of Rio Amapari above camp 2-3 miles.",NA,"1928493317","NY","334011cb-ee41-40c2-8c73-c0f4ed23be60",NA,"Myrcia coumete (Aubl.) DC.","Amapá",NA,"ab83e5ab-f4f7-4c9b-a1d5-eb779dfb9377","b2190553-4505-4fdd-8fff-065c8ca26f72","Vascular plants",NA,"The New York Botanical Garden","http://biocol.org/urn:lsid:biocol.org:col:15556",NA,"NY",NA,NA,"http://sweetgum.nybg.org/science/vh/specimen_details.php?irn=1702723","sheet",NA,"ICN","24 Nov 1954",NA,NA,NA,NA,NA,NA,"http://biocol.org/urn:lsid:biocol.org:col:15556",NA,NA,"PhysicalObject",NA,NA,NA,NA,NA,NA,115,NA,NA,NA,NA,NA,NA,"en",NA,NA,NA,NA,"230-984 ft",4738.7,"2013-06-04","Google Maps (map data 2013); MaNIS Georef. Calculator",NA,NA,NA,NA,"http://sweetgum.nybg.org/images3/482/698/v-247-01460504.jpg","http://creativecommons.org/licenses/by/4.0/"
"2270677645","Myrcia coumeta",-4.394018,-69.871002,"cdc,gass84,colmafu,inmafu","e05fd4c2-4d77-4c50-880e-1b22096af300","814cdfb5-d4f8-4453-815f-ea5df98e76bf",NA,"ac2ad091-91eb-482d-a73f-061744da5dbf","96710dc8-fecb-440d-ae3e-c34ae8a9616f","US","DWC_ARCHIVE","2024-08-01T19:50:53.747+00:00","2024-08-01T20:02:06.380+00:00",276,"PRESERVED_SPECIMEN","PRESENT",3717737,6,7707728,220,690,5014,3173889,3174096,3174096,"Myrcia coumete (Aubl.) DC.","Plantae","Tracheophyta","Myrtales","Myrtaceae","Myrcia","Myrcia coumete","Myrcia","coumeta","SPECIES","SYNONYM","NE",NA,NA,"SOUTH_AMERICA",NA,1945,12,8,"1945-12-08",342,342,"2024-08-01T20:02:06.380+00:00",FALSE,"765291","none","none",FALSE,"J.M. Pires; G.A. Black","L.R. Landrum, 2005.","WGS84","Magnoliopsida","BR","none","none","LATIN_AMERICA","Brazil","NORTH_AMERICA","1028","765291","ASU0054871",NA,NA,NA,"Esperanca. Boca do R. javari.",NA,"2270677645","Plants","faa30c24-5718-4e83-9878-4f96ad24ab99","Plantae|Spermatophyta|Tracheophyta|Magnoliophyta|Eudicots|Core Eudicots|Malvids|Rosids|Myrtales|Myrtaceae|Myrcia","Myrcia coumeta","Amazonas","2023-07-16T07:02:03.000+00:00","530c45d0-e0f7-401d-b3f6-34f58482c485","0bbd7d8f-706c-4e2a-9505-58b142356450",NA,"149557",NA,NA,NA,"ASU","Flores brancas com estames vistosos.",NA,"https://swbiodiversity.org/seinet/collections/individual/index.php?occid=765291",NA,NA,NA,NA,NA,NA,NA,NA,"flowers",NA,"a2e32c87-d320-4a01-bafd-a9182ae2e191",NA,NA,NA,"48067",NA,NA,"faa30c24-5718-4e83-9878-4f96ad24ab99","http://creativecommons.org/licenses/by-nc/3.0/","marisin",NA,NA,NA,"cf.",NA,NA,NA,NA,NA,NA,NA,NA,NA,7000,NA,"GoogleEarth","alorozco","reviewed - high confidence",NA,NA,"https://swbiodiversity.org/imglib/h_seinet/seinet/ASU/ASU0054/ASU0054871_lg.jpg","http://creativecommons.org/licenses/by/4.0/"
"2515357673","Myrcia coumete (Aubl.) DC.",-7.5,-70.25,"colmafu,inmafu","15f819bd-6612-4447-854b-14d12ee1022d","396d5f30-dea9-11db-8ab4-b8a03c50a862","17abcf75-2f1e-46dd-bf75-a5b21dd02655","65eb93af-41b8-4917-a5fc-cfe2a45aa4bf","396d5f30-dea9-11db-8ab4-b8a03c50a862","NL","DWC_ARCHIVE","2024-07-18T22:01:52.868+00:00","2024-07-18T23:56:26.208+00:00",270,"PRESERVED_SPECIMEN","PRESENT",3174096,6,7707728,220,690,5014,3173889,3174096,3174096,"Myrcia coumete (Aubl.) DC.","Plantae","Tracheophyta","Myrtales","Myrtaceae","Myrcia","Myrcia coumete","Myrcia","coumete","SPECIES","ACCEPTED","LC","2016-05-13T00:00:00",NA,"SOUTH_AMERICA",NA,1933,6,15,"1933-06-15",166,166,"2024-07-18T23:56:26.208+00:00",FALSE,"U.1444171@BRAHMS","none","none",FALSE,"Krukoff BA","Lima dos Santos L","WGS84","Magnoliopsida","BR","none","none","LATIN_AMERICA","Brazil","EUROPE","Krukoff, BA 4842","U.1444171@BRAHMS","U.1444171",NA,NA,NA,"Basin of Rio Jurua, State of Amazonas; near mouth of Rio Embira (tributary of Rio Tarauaca).",NA,"2515357673","Botany","https://data.biodiversitydata.nl/naturalis/specimen/U.1444171","Plantae|Myrtales|Myrtaceae","Myrcia coumete (Aubl.) DC.",NA,NA,"0e919a55-08d3-4bd2-aec1-200858fafd92","0add23db-a8f7-4d15-95ad-4ed0c5c8a055",NA,NA,"Naturalis Biodiversity Center","Naturalis Biodiversity Center",NA,NA,NA,NA,NA,NA,NA,"ICN",NA,NA,NA,NA,NA,NA,NA,NA,NA,NA,NA,NA,NA,NA,NA,NA,NA,NA,NA,NA,NA,NA,NA,NA,NA,NA,NA,NA,NA,NA,NA,NA,NA,NA,NA,NA,NA,"https://medialib.naturalis.nl/file/id/U.1444171/format/large","http://creativecommons.org/licenses/by/4.0/"
"1228208400","Myrcia coumete (Aubl.) DC.",9.6667,-84,"gass84,ambcol,inmafu","90c853e6-56bd-480b-8e8f-6285c3f8d42b","7b8aff00-a9f8-11d8-944b-b8a03c50a862",NA,"3b84ff5b-79ce-427c-acb7-b4004e160f66","7b8aff00-a9f8-11d8-944b-b8a03c50a862","US","EML","2023-09-22T16:42:30.311+00:00","2024-01-25T11:00:18.052+00:00",313,"PRESERVED_SPECIMEN","PRESENT",3174096,6,7707728,220,690,5014,3173889,3174096,3174096,"Myrcia coumete (Aubl.) DC.","Plantae","Tracheophyta","Myrtales","Myrtaceae","Myrcia","Myrcia coumete","Myrcia","coumete","SPECIES","ACCEPTED","LC","2004-01-01T00:00:00",NA,"NORTH_AMERICA","North America, Costa Rica, San José. [LL]",1898,9,10,"1898-09-10",253,253,"2024-01-25T11:00:18.052+00:00",FALSE,"f0a9a00e-e6cf-4cf8-ac69-5bd69798ee02","none","none",FALSE,"A. Tonduz","B. K. Holst","WGS84","Magnoliopsida","CR","none","none","LATIN_AMERICA","Costa Rica","NORTH_AMERICA","7375","f0a9a00e-e6cf-4cf8-ac69-5bd69798ee02",NA,NA,"TGN - Centroid",NA,"San José",NA,"1228208400","Botany","f0a9a00e-e6cf-4cf8-ac69-5bd69798ee02","Plantae Spermatophyta Dicotyledoneae Myrtaceae","Myrcia coumete (Aubl.) DC.","San José","2023-08-31T17:25:00.000+00:00","689b4219-8256-4c6e-890b-2e81405d4c58",NA,"seeds-22-sep-2023",NA,"The Field Museum of Natural History","F",NA,"F",NA,NA,NA,NA,NA,"ICBN",NA,NA,NA,NA,"F",NA,NA,"Botany",NA,"7375",NA,NA,NA,NA,NA,NA,NA,NA,NA,NA,NA,NA,NA,NA,NA,NA,"397254","e9742f8b-ecaf-4324-8ae2-6c8d1a74dc00","http://fieldmuseum.org/about/copyright-information",NA,NA,NA,"Getty Thesaurus of Geographic Names (TGN)",NA,NA,NA,NA,"http://fm-digital-assets.fieldmuseum.org/168/082/MYRT_myrc_coum_576476.jpg","http://creativecommons.org/licenses/by/4.0/"
"2270676236","Myrcia coumeta",4.33333,-54.25,"cdc,gass84,colmafu,inmafu","e05fd4c2-4d77-4c50-880e-1b22096af300","814cdfb5-d4f8-4453-815f-ea5df98e76bf",NA,"ac2ad091-91eb-482d-a73f-061744da5dbf","96710dc8-fecb-440d-ae3e-c34ae8a9616f","US","DWC_ARCHIVE","2024-08-01T19:50:53.747+00:00","2024-08-01T20:02:06.413+00:00",276,"PRESERVED_SPECIMEN","PRESENT",3717737,6,7707728,220,690,5014,3173889,3174096,3174096,"Myrcia coumete (Aubl.) DC.","Plantae","Tracheophyta","Myrtales","Myrtaceae","Myrcia","Myrcia coumete","Myrcia","coumeta","SPECIES","SYNONYM","NE",NA,NA,"SOUTH_AMERICA",NA,NA,NA,NA,NA,NA,NA,"2024-08-01T20:02:06.413+00:00",FALSE,"764882","none","none",FALSE,"M.T. Capegras",NA,"WGS84","Magnoliopsida","GF","none","none","LATIN_AMERICA","French Guiana","NORTH_AMERICA","8","764882","ASU0054874",NA,NA,NA,"Commune de Grand Santi- Bassin du Maroni",NA,"2270676236","Plants","f39dedc9-e993-437b-9d1b-3aea1ee992fe","Plantae|Spermatophyta|Tracheophyta|Magnoliophyta|Eudicots|Core Eudicots|Malvids|Rosids|Myrtales|Myrtaceae|Myrcia","Myrcia coumeta","Cayenne","2023-07-16T07:02:03.000+00:00","530c45d0-e0f7-401d-b3f6-34f58482c485","0bbd7d8f-706c-4e2a-9505-58b142356450",NA,"192035",NA,NA,NA,"ASU","N.V.: 'ndjuka: dondoku",NA,"https://swbiodiversity.org/seinet/collections/individual/index.php?occid=764882",NA,NA,NA,"1986",NA,NA,NA,NA,NA,NA,"a2e32c87-d320-4a01-bafd-a9182ae2e191",NA,NA,NA,"48067",NA,NA,"f39dedc9-e993-437b-9d1b-3aea1ee992fe","http://creativecommons.org/licenses/by-nc/3.0/","marisin",NA,NA,NA,NA,NA,NA,NA,NA,NA,NA,NA,NA,NA,NA,NA,NA,NA,NA,NA,NA,"https://swbiodiversity.org/imglib/h_seinet/seinet/ASU/ASU0054/ASU0054874_lg.jpg","http://creativecommons.org/licenses/by/4.0/"
