"key","scientificName","decimalLatitude","decimalLongitude","issues","datasetKey","publishingOrgKey","installationKey","hostingOrganizationKey","publishingCountry","protocol","lastCrawled","lastParsed","crawlId","basisOfRecord","occurrenceStatus","taxonKey","kingdomKey","phylumKey","classKey","orderKey","familyKey","genusKey","speciesKey","acceptedTaxonKey","acceptedScientificName","kingdom","phylum","order","family","genus","species","genericName","specificEpithet","taxonRank","taxonomicStatus","iucnRedListCategory","dateIdentified","coordinateUncertaintyInMeters","continent","stateProvince","year","month","day","eventDate","startDayOfYear","endDayOfYear","modified","lastInterpreted","references","license","isSequenced","identifier","facts","relations","isInCluster","datasetName","recordedBy","identifiedBy","geodeticDatum","class","countryCode","recordedByIDs","identifiedByIDs","gbifRegion","country","publishedByGbifRegion","rightsHolder","identifier.1","http...unknown.org.nick","verbatimEventDate","verbatimLocality","collectionCode","gbifID","occurrenceID","taxonID","catalogNumber","institutionCode","eventTime","http...unknown.org.captive","identificationID","name","informationWithheld","occurrenceRemarks","identificationRemarks","identifiedByIDs.type","identifiedByIDs.value","recordedByIDs.type","recordedByIDs.value","networkKeys","elevation","elevationAccuracy","higherGeography","institutionKey","collectionKey","recordNumber","habitat","institutionID","nomenclaturalCode","locality","county","http...unknown.org.license","type","http...unknown.org.rightsHolder","ownerInstitutionCode","http...unknown.org.CatalogNumberNumeric","verbatimElevation","collectionID","otherCatalogNumbers","http...unknown.org.recordID","associatedTaxa","rights","http...unknown.org.recordEnteredBy","higherClassification","reproductiveCondition","georeferenceProtocol","georeferenceRemarks","organismID","locationID","accessRights","georeferenceSources","individualCount","gadm","georeferencedBy","georeferenceVerificationStatus","preparations","georeferencedDate","language","locationRemarks","typeStatus","typifiedName","nomenclaturalStatus","bibliographicCitation","dynamicProperties","fieldNumber","infraspecificEpithet","disposition","eventID","footprintSRS","verbatimIdentification","municipality","media_url"
"1571263585","Myrceugenia lanceolata (Juss. ex J.St.-Hil.) Kausel",-36.653611,-71.350556,"cdc","bf2a4bf0-5f31-11de-b67e-b8a03c50a862","98e934b0-5f31-11de-b67e-b8a03c50a862","f6fe707e-cced-4efc-b5dc-be4c91b8180a","98e934b0-5f31-11de-b67e-b8a03c50a862","GB","DWC_ARCHIVE","2024-07-30T17:04:47.051+00:00","2024-07-30T17:32:11.669+00:00",347,"PRESERVED_SPECIMEN","PRESENT",3185515,6,7707728,220,690,5014,3185514,3185515,3185515,"Myrceugenia lanceolata (Juss. ex J.St.-Hil.) Kausel","Plantae","Tracheophyta","Myrtales","Myrtaceae","Myrceugenia","Myrceugenia lanceolata","Myrceugenia","lanceolata","SPECIES","ACCEPTED","NE",NA,NA,"SOUTH_AMERICA","Ñuble",2017,2,17,"2017-02-17",48,48,NA,"2024-07-30T17:32:11.669+00:00",NA,"http://creativecommons.org/licenses/by/4.0/",FALSE,"https://data.rbge.org.uk/herb/E00840450","none","none",FALSE,"Edinburgh (E) Herbarium Specimens (selected by filtering by barcode starts with E)",NA,NA,"WGS84","Magnoliopsida","CL","none","none","LATIN_AMERICA","Chile","EUROPE",NA,"https://data.rbge.org.uk/herb/E00840450",NA,"17th February 2017",NA,"E","1571263585","https://data.rbge.org.uk/herb/E00840450",NA,"E00840450","RBGE",NA,NA,NA,"Myrceugenia lanceolata (Juss. ex J.St.-Hil.) Kausel",NA,NA,NA,NA,NA,NA,NA,"17abcf75-2f1e-46dd-bf75-a5b21dd02655",593,0,"Temperate South America","0237598a-853a-492c-af74-a723fe251799","e2714a5f-7035-47ae-8dcd-f50e40067cdc","121","Riaprian forest dominated by Forest dominated by Nothofagus obliqua with Gevuina avellana, Myrceugenia lanceolata, Luma apiculata, Quillaja saponaria and Drimys winteri","https://scientific-collections.gbif.org/institution/0237598a-853a-492c-af74-a723fe251799","ICBN","Chile:Región VIII [Biobío]:Provincia de Ñuble:San Fabián de Alico:Marigin of the Ríio Ñuble","Provincia de Ñuble","CC0","PhysicalObject","Royal Botanic Garden Edinburgh","E","834701","593m","https://scientific-collections.gbif.org/collection/427c8cd7-4358-4a00-9ef3-2b2676d28d1e",NA,NA,NA,NA,NA,NA,NA,NA,NA,NA,NA,NA,NA,NA,NA,NA,NA,NA,NA,NA,NA,NA,NA,NA,NA,NA,NA,NA,NA,NA,NA,NA,NA,"https://iiif.rbge.org.uk/herb/iiif/E00840450/manifest"
"575130777","Myrceugenia lanceolata (Juss. ex J.St.-Hil.) Kausel",-36.653333,-71.368056,"cdc","bf2a4bf0-5f31-11de-b67e-b8a03c50a862","98e934b0-5f31-11de-b67e-b8a03c50a862","f6fe707e-cced-4efc-b5dc-be4c91b8180a","98e934b0-5f31-11de-b67e-b8a03c50a862","GB","DWC_ARCHIVE","2024-07-30T17:04:47.051+00:00","2024-07-30T17:32:04.304+00:00",347,"PRESERVED_SPECIMEN","PRESENT",3185515,6,7707728,220,690,5014,3185514,3185515,3185515,"Myrceugenia lanceolata (Juss. ex J.St.-Hil.) Kausel","Plantae","Tracheophyta","Myrtales","Myrtaceae","Myrceugenia","Myrceugenia lanceolata","Myrceugenia","lanceolata","SPECIES","ACCEPTED","NE",NA,NA,"SOUTH_AMERICA","Ñuble",2011,2,24,"2011-02-24",55,55,NA,"2024-07-30T17:32:04.304+00:00",NA,"http://creativecommons.org/licenses/by/4.0/",FALSE,"https://data.rbge.org.uk/herb/E00420409","none","none",FALSE,"Edinburgh (E) Herbarium Specimens (selected by filtering by barcode starts with E)",NA,NA,"WGS84","Magnoliopsida","CL","none","none","LATIN_AMERICA","Chile","EUROPE",NA,"https://data.rbge.org.uk/herb/E00420409",NA,"24th February 2011",NA,"E","575130777","https://data.rbge.org.uk/herb/E00420409",NA,"E00420409","RBGE",NA,NA,NA,"Myrceugenia lanceolata (Juss. ex J.St.-Hil.) Kausel",NA,NA,NA,NA,NA,NA,NA,"17abcf75-2f1e-46dd-bf75-a5b21dd02655",653,0,"Temperate South America","0237598a-853a-492c-af74-a723fe251799","e2714a5f-7035-47ae-8dcd-f50e40067cdc","66","Waterside margins","https://scientific-collections.gbif.org/institution/0237598a-853a-492c-af74-a723fe251799","ICBN","Chile:Región VIII [Biobío]:Provincia de Ñuble:San Fabián:After San Fabián de Alico at El Caracol","Punilla","CC0","PhysicalObject","Royal Botanic Garden Edinburgh","E","438476","653m","https://scientific-collections.gbif.org/collection/427c8cd7-4358-4a00-9ef3-2b2676d28d1e",NA,NA,NA,NA,NA,NA,NA,NA,NA,NA,NA,NA,NA,NA,NA,NA,NA,NA,NA,NA,NA,NA,NA,NA,NA,NA,NA,NA,NA,NA,NA,NA,NA,"https://iiif.rbge.org.uk/herb/iiif/E00420409/full/300,/0/default.jpg"
"574677730","Myrceugenia lanceolata (Juss. ex J.St.-Hil.) Kausel",-36.725278,-72.261944,"cdc","bf2a4bf0-5f31-11de-b67e-b8a03c50a862","98e934b0-5f31-11de-b67e-b8a03c50a862","f6fe707e-cced-4efc-b5dc-be4c91b8180a","98e934b0-5f31-11de-b67e-b8a03c50a862","GB","DWC_ARCHIVE","2024-07-30T17:04:47.051+00:00","2024-07-30T17:31:58.915+00:00",347,"PRESERVED_SPECIMEN","PRESENT",3185515,6,7707728,220,690,5014,3185514,3185515,3185515,"Myrceugenia lanceolata (Juss. ex J.St.-Hil.) Kausel","Plantae","Tracheophyta","Myrtales","Myrtaceae","Myrceugenia","Myrceugenia lanceolata","Myrceugenia","lanceolata","SPECIES","ACCEPTED","NE",NA,NA,"SOUTH_AMERICA","Ñuble",2004,1,18,"2004-01-18",18,18,NA,"2024-07-30T17:31:58.915+00:00",NA,"http://creativecommons.org/licenses/by/4.0/",FALSE,"https://data.rbge.org.uk/herb/E00182265","none","none",FALSE,"Edinburgh (E) Herbarium Specimens (selected by filtering by barcode starts with E)",NA,NA,"WGS84","Magnoliopsida","CL","none","none","LATIN_AMERICA","Chile","EUROPE",NA,"https://data.rbge.org.uk/herb/E00182265",NA,"18th January 2004",NA,"E","574677730","https://data.rbge.org.uk/herb/E00182265",NA,"E00182265","RBGE",NA,NA,NA,"Myrceugenia lanceolata (Juss. ex J.St.-Hil.) Kausel",NA,NA,NA,NA,NA,NA,NA,"17abcf75-2f1e-46dd-bf75-a5b21dd02655",63,0,"Temperate South America","0237598a-853a-492c-af74-a723fe251799","e2714a5f-7035-47ae-8dcd-f50e40067cdc","805","Margin of small river","https://scientific-collections.gbif.org/institution/0237598a-853a-492c-af74-a723fe251799","ICBN","Chile:Región VIII [Biobío]:Provincia de Ñuble:Chillán Viejo:Close to Ruta 5 near Bulnes. Road to Larqui Oriente at Río Larqui bridge.","Provincia de Ñuble","CC0","PhysicalObject","Royal Botanic Garden Edinburgh","E","180223","63m","https://scientific-collections.gbif.org/collection/427c8cd7-4358-4a00-9ef3-2b2676d28d1e",NA,NA,NA,NA,NA,NA,NA,NA,NA,NA,NA,NA,NA,NA,NA,NA,NA,NA,NA,NA,NA,NA,NA,NA,NA,NA,NA,NA,NA,NA,NA,NA,NA,"https://iiif.rbge.org.uk/herb/iiif/E00182265/full/300,/0/default.jpg"
"2270676836","Myrceugenia lanceolata (Juss. ex J.St.-Hil.) Kausel",-36.6293,-71.4358,"cdc,gass84,colmafu,inmafu","e05fd4c2-4d77-4c50-880e-1b22096af300","814cdfb5-d4f8-4453-815f-ea5df98e76bf","ac2ad091-91eb-482d-a73f-061744da5dbf","96710dc8-fecb-440d-ae3e-c34ae8a9616f","US","DWC_ARCHIVE","2024-08-01T19:50:53.747+00:00","2024-08-01T20:02:06.267+00:00",276,"PRESERVED_SPECIMEN","PRESENT",3185515,6,7707728,220,690,5014,3185514,3185515,3185515,"Myrceugenia lanceolata (Juss. ex J.St.-Hil.) Kausel","Plantae","Tracheophyta","Myrtales","Myrtaceae","Myrceugenia","Myrceugenia lanceolata","Myrceugenia","lanceolata","SPECIES","ACCEPTED","NE",NA,NA,"SOUTH_AMERICA","Biobio",2001,11,4,"2001-11-04",308,308,"2023-07-16T07:02:03.000+00:00","2024-08-01T20:02:06.267+00:00","https://swbiodiversity.org/seinet/collections/individual/index.php?occid=764215","http://creativecommons.org/licenses/by/4.0/",FALSE,"764215","none","none",TRUE,NA,"L. R. Landrum; S.S. Landrum",NA,"WGS84","Magnoliopsida","CL","none","none","LATIN_AMERICA","Chile","NORTH_AMERICA",NA,"764215",NA,NA,NA,"Plants","2270676836","9797e373-9e4a-4dd0-a206-c1557a67a959","48017","ASU0043317","ASU",NA,NA,NA,"Myrceugenia lanceolata (Juss. ex J.St.-Hil.) Kausel",NA,"Shrub along stream in sandy soil.",NA,NA,NA,NA,NA,NA,NA,NA,NA,"530c45d0-e0f7-401d-b3f6-34f58482c485","0bbd7d8f-706c-4e2a-9505-58b142356450","10078","Stream bed, sandy.",NA,NA,"Road from San Fabian to La Punilla, 5km above Puente Lara.","Nuble",NA,NA,NA,NA,NA,NA,"a2e32c87-d320-4a01-bafd-a9182ae2e191","238304","9797e373-9e4a-4dd0-a206-c1557a67a959","ecologicallyOccursWith: Quillaja|ecologicallyOccursWith: Cryptocarya|ecologicallyOccursWith: Luma","http://creativecommons.org/licenses/by-nc/3.0/","marisin","Plantae|Spermatophyta|Tracheophyta|Magnoliophyta|Eudicots|Core Eudicots|Malvids|Rosids|Myrtales|Myrtaceae|Myrceugenia",NA,NA,NA,NA,NA,NA,NA,NA,NA,NA,NA,NA,NA,NA,NA,NA,NA,NA,NA,NA,NA,NA,NA,NA,NA,NA,NA,"https://swbiodiversity.org/imglib/h_seinet/seinet/ASU/ASU0043/ASU0043317_lg.jpg"
"2270675819","Myrceugenia lanceolata (Juss. ex J.St.-Hil.) Kausel",-36.515,-71.6143,"cdc,gass84,colmafu,inmafu","e05fd4c2-4d77-4c50-880e-1b22096af300","814cdfb5-d4f8-4453-815f-ea5df98e76bf","ac2ad091-91eb-482d-a73f-061744da5dbf","96710dc8-fecb-440d-ae3e-c34ae8a9616f","US","DWC_ARCHIVE","2024-08-01T19:50:53.747+00:00","2024-08-01T20:02:06.123+00:00",276,"PRESERVED_SPECIMEN","PRESENT",3185515,6,7707728,220,690,5014,3185514,3185515,3185515,"Myrceugenia lanceolata (Juss. ex J.St.-Hil.) Kausel","Plantae","Tracheophyta","Myrtales","Myrtaceae","Myrceugenia","Myrceugenia lanceolata","Myrceugenia","lanceolata","SPECIES","ACCEPTED","NE",NA,NA,"SOUTH_AMERICA","Biobio",2001,11,3,"2001-11-03",307,307,"2023-07-16T07:02:03.000+00:00","2024-08-01T20:02:06.123+00:00","https://swbiodiversity.org/seinet/collections/individual/index.php?occid=764218","http://creativecommons.org/licenses/by/4.0/",FALSE,"764218","none","none",FALSE,NA,"L. R. Landrum; S.S. Landrum",NA,"WGS84","Magnoliopsida","CL","none","none","LATIN_AMERICA","Chile","NORTH_AMERICA",NA,"764218",NA,NA,NA,"Plants","2270675819","59ff809e-434e-4a14-b572-499d91330ac6","48017","ASU0043320","ASU",NA,NA,NA,"Myrceugenia lanceolata (Juss. ex J.St.-Hil.) Kausel",NA,"Shrub.",NA,NA,NA,NA,NA,NA,NA,NA,NA,"530c45d0-e0f7-401d-b3f6-34f58482c485","0bbd7d8f-706c-4e2a-9505-58b142356450","10074","Rocky stream bed.",NA,NA,"Road from San Carlos to San Fabian to Alico at Puente Estero.","Nuble",NA,NA,NA,NA,NA,NA,"a2e32c87-d320-4a01-bafd-a9182ae2e191","238319","59ff809e-434e-4a14-b572-499d91330ac6","ecologicallyOccursWith: Peumus|ecologicallyOccursWith: Lithrea|ecologicallyOccursWith: Retanilla","http://creativecommons.org/licenses/by-nc/3.0/","marisin","Plantae|Spermatophyta|Tracheophyta|Magnoliophyta|Eudicots|Core Eudicots|Malvids|Rosids|Myrtales|Myrtaceae|Myrceugenia",NA,NA,NA,NA,NA,NA,NA,NA,NA,NA,NA,NA,NA,NA,NA,NA,NA,NA,NA,NA,NA,NA,NA,NA,NA,NA,NA,"https://swbiodiversity.org/imglib/h_seinet/seinet/ASU/ASU0043/ASU0043320_lg.jpg"
"575327641","Myrceugenia lanceolata (Juss. ex J.St.-Hil.) Kausel",-35.565278,-71.242222,"cdc","bf2a4bf0-5f31-11de-b67e-b8a03c50a862","98e934b0-5f31-11de-b67e-b8a03c50a862","f6fe707e-cced-4efc-b5dc-be4c91b8180a","98e934b0-5f31-11de-b67e-b8a03c50a862","GB","DWC_ARCHIVE","2024-07-30T17:04:47.051+00:00","2024-07-30T17:31:57.478+00:00",347,"PRESERVED_SPECIMEN","PRESENT",3185515,6,7707728,220,690,5014,3185514,3185515,3185515,"Myrceugenia lanceolata (Juss. ex J.St.-Hil.) Kausel","Plantae","Tracheophyta","Myrtales","Myrtaceae","Myrceugenia","Myrceugenia lanceolata","Myrceugenia","lanceolata","SPECIES","ACCEPTED","NE",NA,NA,"SOUTH_AMERICA","Maule",1998,2,4,"1998-02-04",35,35,NA,"2024-07-30T17:31:57.478+00:00",NA,"http://creativecommons.org/licenses/by/4.0/",FALSE,"https://data.rbge.org.uk/herb/E00096218","none","none",FALSE,"Edinburgh (E) Herbarium Specimens (selected by filtering by barcode starts with E)",NA,NA,"WGS84","Magnoliopsida","CL","none","none","LATIN_AMERICA","Chile","EUROPE",NA,"https://data.rbge.org.uk/herb/E00096218",NA,"4th February 1998",NA,"E","575327641","https://data.rbge.org.uk/herb/E00096218",NA,"E00096218","RBGE",NA,NA,NA,"Myrceugenia lanceolata (Juss. ex J.St.-Hil.) Kausel",NA,NA,NA,NA,NA,NA,NA,"17abcf75-2f1e-46dd-bf75-a5b21dd02655",390,0,"Temperate South America","0237598a-853a-492c-af74-a723fe251799","e2714a5f-7035-47ae-8dcd-f50e40067cdc","11","Amongst large boulders along side fast flowing river.","https://scientific-collections.gbif.org/institution/0237598a-853a-492c-af74-a723fe251799","ICBN","Chile:Región VII [Maule]:Prov. de Talca:15 km on road towards Vilches, south bank of the Río Lircay.",NA,"CC0","PhysicalObject","Royal Botanic Garden Edinburgh","E","67236","390m","https://scientific-collections.gbif.org/collection/427c8cd7-4358-4a00-9ef3-2b2676d28d1e",NA,NA,NA,NA,NA,NA,NA,NA,NA,NA,NA,NA,NA,NA,NA,NA,NA,NA,NA,NA,NA,NA,NA,NA,NA,NA,NA,NA,NA,NA,NA,NA,NA,"https://iiif.rbge.org.uk/herb/iiif/E00096218/manifest"
"574801805","Myrceugenia lanceolata (Juss. ex J.St.-Hil.) Kausel",-38.249167,-72.51,"cdc","bf2a4bf0-5f31-11de-b67e-b8a03c50a862","98e934b0-5f31-11de-b67e-b8a03c50a862","f6fe707e-cced-4efc-b5dc-be4c91b8180a","98e934b0-5f31-11de-b67e-b8a03c50a862","GB","DWC_ARCHIVE","2024-07-30T17:04:47.051+00:00","2024-07-30T17:31:57.567+00:00",347,"PRESERVED_SPECIMEN","PRESENT",3185515,6,7707728,220,690,5014,3185514,3185515,3185515,"Myrceugenia lanceolata (Juss. ex J.St.-Hil.) Kausel","Plantae","Tracheophyta","Myrtales","Myrtaceae","Myrceugenia","Myrceugenia lanceolata","Myrceugenia","lanceolata","SPECIES","ACCEPTED","NE",NA,NA,"SOUTH_AMERICA","Araucanía",1998,3,9,"1998-03-09",68,68,NA,"2024-07-30T17:31:57.567+00:00",NA,"http://creativecommons.org/licenses/by/4.0/",FALSE,"https://data.rbge.org.uk/herb/E00096082","none","none",TRUE,"Edinburgh (E) Herbarium Specimens (selected by filtering by barcode starts with E)",NA,NA,"WGS84","Magnoliopsida","CL","none","none","LATIN_AMERICA","Chile","EUROPE",NA,"https://data.rbge.org.uk/herb/E00096082",NA,"9th March 1998",NA,"E","574801805","https://data.rbge.org.uk/herb/E00096082",NA,"E00096082","RBGE",NA,NA,NA,"Myrceugenia lanceolata (Juss. ex J.St.-Hil.) Kausel",NA,NA,NA,NA,NA,NA,NA,"17abcf75-2f1e-46dd-bf75-a5b21dd02655",100,0,"Temperate South America","0237598a-853a-492c-af74-a723fe251799","e2714a5f-7035-47ae-8dcd-f50e40067cdc","455","Well vegetated riverside bank with Austrocedrus chilensis","https://scientific-collections.gbif.org/institution/0237598a-853a-492c-af74-a723fe251799","ICBN","Chile:Región IX [Araucania]:Prov. de Malleco:Traiguén:Cerro Adencul; north bank of Río Traiguén","Malleco","CC0","PhysicalObject","Royal Botanic Garden Edinburgh","E","67596","100m","https://scientific-collections.gbif.org/collection/427c8cd7-4358-4a00-9ef3-2b2676d28d1e",NA,NA,NA,NA,NA,NA,NA,NA,NA,NA,NA,NA,NA,NA,NA,NA,NA,NA,NA,NA,NA,NA,NA,NA,NA,NA,NA,NA,NA,NA,NA,NA,NA,"https://iiif.rbge.org.uk/herb/iiif/E00096082/full/300,/0/default.jpg"
"2270676925","Myrceugenia lanceolata (Juss. ex J.St.-Hil.) Kausel",-35.8333,-71.1667,"cdc,gass84,colmafu,inmafu","e05fd4c2-4d77-4c50-880e-1b22096af300","814cdfb5-d4f8-4453-815f-ea5df98e76bf","ac2ad091-91eb-482d-a73f-061744da5dbf","96710dc8-fecb-440d-ae3e-c34ae8a9616f","US","DWC_ARCHIVE","2024-08-01T19:50:53.747+00:00","2024-08-01T20:02:06.118+00:00",276,"PRESERVED_SPECIMEN","PRESENT",3185515,6,7707728,220,690,5014,3185514,3185515,3185515,"Myrceugenia lanceolata (Juss. ex J.St.-Hil.) Kausel","Plantae","Tracheophyta","Myrtales","Myrtaceae","Myrceugenia","Myrceugenia lanceolata","Myrceugenia","lanceolata","SPECIES","ACCEPTED","NE",NA,NA,"SOUTH_AMERICA","Maule",1993,1,21,"1993-01-21",21,21,"2023-07-16T07:02:03.000+00:00","2024-08-01T20:02:06.118+00:00","https://swbiodiversity.org/seinet/collections/individual/index.php?occid=764217","http://creativecommons.org/licenses/by/4.0/",FALSE,"764217","none","none",FALSE,NA,"C. M. Taylor; R. E. Gereau",NA,"WGS84","Magnoliopsida","CL","none","none","LATIN_AMERICA","Chile","NORTH_AMERICA",NA,"764217",NA,NA,NA,"Plants","2270676925","ab48320a-97ce-4f25-af41-ed0c1334c6a6","48017","ASU0043316","ASU",NA,NA,NA,"Myrceugenia lanceolata (Juss. ex J.St.-Hil.) Kausel",NA,"Frequent shrubs to 1m tall on river bank. Buds green.",NA,NA,NA,NA,NA,NA,825,75,NA,"530c45d0-e0f7-401d-b3f6-34f58482c485","0bbd7d8f-706c-4e2a-9505-58b142356450","10976","Nothofagus, Lithraea.",NA,NA,"East and a little south of Linares along the Rio Ancoa, along the road to Melado and Medina 38.2km upstream from the intersection with open woodlands.","Linares",NA,NA,NA,NA,NA,NA,"a2e32c87-d320-4a01-bafd-a9182ae2e191","192580","ab48320a-97ce-4f25-af41-ed0c1334c6a6",NA,"http://creativecommons.org/licenses/by-nc/3.0/","marisin","Plantae|Spermatophyta|Tracheophyta|Magnoliophyta|Eudicots|Core Eudicots|Malvids|Rosids|Myrtales|Myrtaceae|Myrceugenia","flowers",NA,NA,NA,NA,NA,NA,NA,NA,NA,NA,NA,NA,NA,NA,NA,NA,NA,NA,NA,NA,NA,NA,NA,NA,NA,NA,"https://swbiodiversity.org/imglib/h_seinet/seinet/ASU/ASU0043/ASU0043316_lg.jpg"
"575157559","Myrceugenia lanceolata (Juss. ex J.St.-Hil.) Kausel",-35.833333,-72.483333,"cdc","bf2a4bf0-5f31-11de-b67e-b8a03c50a862","98e934b0-5f31-11de-b67e-b8a03c50a862","f6fe707e-cced-4efc-b5dc-be4c91b8180a","98e934b0-5f31-11de-b67e-b8a03c50a862","GB","DWC_ARCHIVE","2024-07-30T17:04:47.051+00:00","2024-07-30T17:31:55.703+00:00",347,"PRESERVED_SPECIMEN","PRESENT",3185515,6,7707728,220,690,5014,3185514,3185515,3185515,"Myrceugenia lanceolata (Juss. ex J.St.-Hil.) Kausel","Plantae","Tracheophyta","Myrtales","Myrtaceae","Myrceugenia","Myrceugenia lanceolata","Myrceugenia","lanceolata","SPECIES","ACCEPTED","NE",NA,NA,"SOUTH_AMERICA","Maule",1993,2,13,"1993-02-13",44,44,NA,"2024-07-30T17:31:55.703+00:00",NA,"http://creativecommons.org/licenses/by/4.0/",FALSE,"https://data.rbge.org.uk/herb/E00005931","none","none",FALSE,"Edinburgh (E) Herbarium Specimens (selected by filtering by barcode starts with E)",NA,NA,"WGS84","Magnoliopsida","CL","none","none","LATIN_AMERICA","Chile","EUROPE",NA,"https://data.rbge.org.uk/herb/E00005931",NA,"13th February 1993",NA,"E","575157559","https://data.rbge.org.uk/herb/E00005931",NA,"E00005931","RBGE",NA,NA,NA,"Myrceugenia lanceolata (Juss. ex J.St.-Hil.) Kausel",NA,NA,NA,NA,NA,NA,NA,"17abcf75-2f1e-46dd-bf75-a5b21dd02655",240,0,"Temperate South America","0237598a-853a-492c-af74-a723fe251799","e2714a5f-7035-47ae-8dcd-f50e40067cdc","5517","Gravel bed above river surrounded by lush temperate rainforest.","https://scientific-collections.gbif.org/institution/0237598a-853a-492c-af74-a723fe251799","ICBN","Chile:Región VII [Maule]:Prov. de Talca:Cauquenes; road from Chanco to Cauquenes.",NA,"CC0","PhysicalObject","Royal Botanic Garden Edinburgh","E","67235","240m","https://scientific-collections.gbif.org/collection/427c8cd7-4358-4a00-9ef3-2b2676d28d1e",NA,NA,NA,NA,NA,NA,NA,NA,NA,NA,NA,NA,NA,NA,NA,NA,NA,NA,NA,NA,NA,NA,NA,NA,NA,NA,NA,NA,NA,NA,NA,NA,NA,"https://iiif.rbge.org.uk/herb/iiif/E00005931/full/300,/0/default.jpg"
"2270677073","Myrceugenia lanceolata (Juss. ex J.St.-Hil.) Kausel",-36.79892,-73.16261,"cdc,colmafu,inmafu","e05fd4c2-4d77-4c50-880e-1b22096af300","814cdfb5-d4f8-4453-815f-ea5df98e76bf","ac2ad091-91eb-482d-a73f-061744da5dbf","96710dc8-fecb-440d-ae3e-c34ae8a9616f","US","DWC_ARCHIVE","2024-08-01T19:50:53.747+00:00","2024-08-01T20:02:06.023+00:00",276,"PRESERVED_SPECIMEN","PRESENT",3185515,6,7707728,220,690,5014,3185514,3185515,3185515,"Myrceugenia lanceolata (Juss. ex J.St.-Hil.) Kausel","Plantae","Tracheophyta","Myrtales","Myrtaceae","Myrceugenia","Myrceugenia lanceolata","Myrceugenia","lanceolata","SPECIES","ACCEPTED","NE",NA,NA,"SOUTH_AMERICA","Biobio",1988,1,24,"1988-01-24",24,24,"2023-07-16T07:02:03.000+00:00","2024-08-01T20:02:06.023+00:00","https://swbiodiversity.org/seinet/collections/individual/index.php?occid=764219","http://creativecommons.org/licenses/by/4.0/",FALSE,"764219","none","none",FALSE,NA,"L. R. Landrum; S.S. Landrum",NA,"WGS84","Magnoliopsida","CL","none","none","LATIN_AMERICA","Chile","NORTH_AMERICA",NA,"764219",NA,NA,NA,"Plants","2270677073","5ff69689-1d99-4b81-a59b-7898936f02e4","48017","ASU0043318","ASU",NA,NA,NA,"Myrceugenia lanceolata (Juss. ex J.St.-Hil.) Kausel",NA,"No glands/ anther. Coor from www.fallingrain.com/world; Shrub, ca. 15.m high at edge of river, ca. 0.3km E of road along coast.",NA,NA,NA,NA,NA,NA,NA,NA,NA,"530c45d0-e0f7-401d-b3f6-34f58482c485","0bbd7d8f-706c-4e2a-9505-58b142356450","5921","Sclerophyllous forest. Myrtaceous  thickets in wet areas and open grassy areas.",NA,NA,"N side of desembocadura of Rio Biobio, ca. 15km W of Concepcion.","Concepcion",NA,NA,NA,NA,NA,NA,"a2e32c87-d320-4a01-bafd-a9182ae2e191","153494","5ff69689-1d99-4b81-a59b-7898936f02e4","ecologicallyOccursWith: Peumus|ecologicallyOccursWith: Lithraea","http://creativecommons.org/licenses/by-nc/3.0/","marisin","Plantae|Spermatophyta|Tracheophyta|Magnoliophyta|Eudicots|Core Eudicots|Malvids|Rosids|Myrtales|Myrtaceae|Myrceugenia",NA,NA,NA,NA,NA,NA,NA,NA,NA,NA,NA,NA,NA,NA,NA,NA,NA,NA,NA,NA,NA,NA,NA,NA,NA,NA,NA,"https://swbiodiversity.org/imglib/h_seinet/seinet/ASU/ASU0043/ASU0043318blg.jpg"
"2270676667","Eugenia dombeyana DC.",9.0096,-79.6032,"cdc,gass84,colmafu,inmafu","e05fd4c2-4d77-4c50-880e-1b22096af300","814cdfb5-d4f8-4453-815f-ea5df98e76bf","ac2ad091-91eb-482d-a73f-061744da5dbf","96710dc8-fecb-440d-ae3e-c34ae8a9616f","US","DWC_ARCHIVE","2024-08-01T19:50:53.747+00:00","2024-08-01T20:02:05.674+00:00",276,"PRESERVED_SPECIMEN","PRESENT",5419696,6,7707728,220,690,5014,3185514,3185515,3185515,"Myrceugenia lanceolata (Juss. ex J.St.-Hil.) Kausel","Plantae","Tracheophyta","Myrtales","Myrtaceae","Myrceugenia","Myrceugenia lanceolata","Eugenia","dombeyana","SPECIES","SYNONYM","NE",NA,2000,"NORTH_AMERICA","Panama",1970,5,19,"1970-05-19",139,139,"2023-07-16T07:02:03.000+00:00","2024-08-01T20:02:05.674+00:00","https://swbiodiversity.org/seinet/collections/individual/index.php?occid=762863","http://creativecommons.org/licenses/by/4.0/",FALSE,"762863","none","none",FALSE,NA,"Thomas B. Croat","Pablo Sanchez, 1986.","WGS84","Magnoliopsida","PA","none","none","LATIN_AMERICA","Panama","NORTH_AMERICA",NA,"762863",NA,NA,NA,"Plants","2270676667","c66da9d4-9353-4dac-96fc-07c75b73e00f","47810","ASU0009962","ASU",NA,NA,NA,"Eugenia dombeyana DC.",NA,NA,NA,NA,NA,NA,NA,NA,NA,NA,NA,"530c45d0-e0f7-401d-b3f6-34f58482c485","0bbd7d8f-706c-4e2a-9505-58b142356450","10280",NA,NA,NA,"Canal Zone. Summit Garden near railroad tracks.",NA,NA,NA,NA,NA,NA,NA,"a2e32c87-d320-4a01-bafd-a9182ae2e191","150765","c66da9d4-9353-4dac-96fc-07c75b73e00f",NA,"http://creativecommons.org/licenses/by-nc/3.0/","marisin","Plantae|Spermatophyta|Tracheophyta|Magnoliophyta|Eudicots|Core Eudicots|Malvids|Rosids|Myrtales|Myrtaceae|Eugenia",NA,NA,NA,NA,NA,NA,"georef batch tool 2012-07-09",NA,NA,"jssharpe","reviewed - high confidence",NA,NA,NA,NA,NA,NA,NA,NA,NA,NA,NA,NA,NA,NA,NA,NA,"https://swbiodiversity.org/imglib/h_seinet/seinet/ASU/ASU0009/ASU0009962a_lg.jpg"
"1228296084","Myrceugenia lanceolata (Juss. ex J.St.-Hil.) Kausel",-35.8156,-70.8906,"gass84,ambcol,inmafu","90c853e6-56bd-480b-8e8f-6285c3f8d42b","7b8aff00-a9f8-11d8-944b-b8a03c50a862","3b84ff5b-79ce-427c-acb7-b4004e160f66","7b8aff00-a9f8-11d8-944b-b8a03c50a862","US","EML","2023-09-22T16:42:30.311+00:00","2024-01-25T11:00:10.879+00:00",313,"PRESERVED_SPECIMEN","PRESENT",3185515,6,7707728,220,690,5014,3185514,3185515,3185515,"Myrceugenia lanceolata (Juss. ex J.St.-Hil.) Kausel","Plantae","Tracheophyta","Myrtales","Myrtaceae","Myrceugenia","Myrceugenia lanceolata","Myrceugenia","lanceolata","SPECIES","ACCEPTED","NE",NA,NA,"SOUTH_AMERICA",NA,1957,2,4,"1957-02-04",35,35,"2023-07-20T21:19:00.000+00:00","2024-01-25T11:00:10.879+00:00",NA,"http://creativecommons.org/licenses/by/4.0/",FALSE,"442c2a91-8f6d-460c-821a-3fc9cc171960","none","none",FALSE,"seeds-22-sep-2023","E. M. L. Kausel",NA,"WGS84","Magnoliopsida","CL","none","none","LATIN_AMERICA","Chile","NORTH_AMERICA","The Field Museum of Natural History","442c2a91-8f6d-460c-821a-3fc9cc171960",NA,NA,NA,"Botany","1228296084","442c2a91-8f6d-460c-821a-3fc9cc171960",NA,"V0105973F","F",NA,NA,NA,"Myrceugenia lanceolata (Juss. ex J.St.-Hil.) Kausel",NA,NA,NA,NA,NA,NA,NA,NA,NA,NA,"South America, Chile. [LL]","689b4219-8256-4c6e-890b-2e81405d4c58",NA,"4327",NA,"F","ICBN","Chile",NA,NA,NA,NA,"F",NA,NA,"Botany",NA,NA,NA,NA,NA,"Plantae Spermatophyta Dicotyledoneae Myrtaceae",NA,"TGN - Country Centroid","Generalised COUNTRY centroid","2479539","284bdf46-51b8-4340-a10c-05da276a14bc","http://fieldmuseum.org/about/copyright-information","Getty Thesaurus of Geographic Names (TGN)",NA,NA,NA,NA,NA,NA,NA,NA,NA,NA,NA,NA,NA,NA,NA,NA,NA,NA,NA,NA,"http://fm-digital-assets.fieldmuseum.org/519/944/V0105973F.jpg"
"1228545370","Myrceugenia lanceolata (Juss. ex J.St.-Hil.) Kausel",-35.8156,-70.8906,"gass84,ambcol,inmafu","90c853e6-56bd-480b-8e8f-6285c3f8d42b","7b8aff00-a9f8-11d8-944b-b8a03c50a862","3b84ff5b-79ce-427c-acb7-b4004e160f66","7b8aff00-a9f8-11d8-944b-b8a03c50a862","US","EML","2023-09-22T16:42:30.311+00:00","2024-01-25T11:00:16.338+00:00",313,"PRESERVED_SPECIMEN","PRESENT",3185515,6,7707728,220,690,5014,3185514,3185515,3185515,"Myrceugenia lanceolata (Juss. ex J.St.-Hil.) Kausel","Plantae","Tracheophyta","Myrtales","Myrtaceae","Myrceugenia","Myrceugenia lanceolata","Myrceugenia","lanceolata","SPECIES","ACCEPTED","NE",NA,NA,"SOUTH_AMERICA",NA,1955,3,5,"1955-03-05",64,64,"2023-07-20T21:19:00.000+00:00","2024-01-25T11:00:16.338+00:00",NA,"http://creativecommons.org/licenses/by/4.0/",FALSE,"cab8288d-765f-47d5-9630-ece08ff204ab","none","none",FALSE,"seeds-22-sep-2023","E. M. L. Kausel",NA,"WGS84","Magnoliopsida","CL","none","none","LATIN_AMERICA","Chile","NORTH_AMERICA","The Field Museum of Natural History","cab8288d-765f-47d5-9630-ece08ff204ab",NA,NA,NA,"Botany","1228545370","cab8288d-765f-47d5-9630-ece08ff204ab",NA,"V0105980F","F",NA,NA,NA,"Myrceugenia lanceolata (Juss. ex J.St.-Hil.) Kausel",NA,NA,NA,NA,NA,NA,NA,NA,NA,NA,"South America, Chile. [LL]","689b4219-8256-4c6e-890b-2e81405d4c58",NA,"4182",NA,"F","ICBN","Chile",NA,NA,NA,NA,"F",NA,NA,"Botany",NA,NA,NA,NA,NA,"Plantae Spermatophyta Dicotyledoneae Myrtaceae",NA,"TGN - Country Centroid","Generalised COUNTRY centroid","2479546","284bdf46-51b8-4340-a10c-05da276a14bc","http://fieldmuseum.org/about/copyright-information","Getty Thesaurus of Geographic Names (TGN)",NA,NA,NA,NA,NA,NA,NA,NA,NA,NA,NA,NA,NA,NA,NA,NA,NA,NA,NA,NA,"http://fm-digital-assets.fieldmuseum.org/519/951/V0105980F.jpg"
"1228571187","Myrceugenia lanceolata (Juss. ex J.St.-Hil.) Kausel",-35.8156,-70.8906,"gass84,ambcol,inmafu","90c853e6-56bd-480b-8e8f-6285c3f8d42b","7b8aff00-a9f8-11d8-944b-b8a03c50a862","3b84ff5b-79ce-427c-acb7-b4004e160f66","7b8aff00-a9f8-11d8-944b-b8a03c50a862","US","EML","2023-09-22T16:42:30.311+00:00","2024-01-25T11:00:01.280+00:00",313,"PRESERVED_SPECIMEN","PRESENT",3185515,6,7707728,220,690,5014,3185514,3185515,3185515,"Myrceugenia lanceolata (Juss. ex J.St.-Hil.) Kausel","Plantae","Tracheophyta","Myrtales","Myrtaceae","Myrceugenia","Myrceugenia lanceolata","Myrceugenia","lanceolata","SPECIES","ACCEPTED","NE",NA,NA,"SOUTH_AMERICA",NA,1955,10,NA,"1955-10",NA,NA,"2023-07-20T21:19:00.000+00:00","2024-01-25T11:00:01.280+00:00",NA,"http://creativecommons.org/licenses/by/4.0/",FALSE,"dcbc4773-9563-470e-8dce-7db4a833cc3a","none","none",FALSE,"seeds-22-sep-2023","E. M. L. Kausel",NA,"WGS84","Magnoliopsida","CL","none","none","LATIN_AMERICA","Chile","NORTH_AMERICA","The Field Museum of Natural History","dcbc4773-9563-470e-8dce-7db4a833cc3a",NA,NA,NA,"Botany","1228571187","dcbc4773-9563-470e-8dce-7db4a833cc3a",NA,"V0105975F","F",NA,NA,NA,"Myrceugenia lanceolata (Juss. ex J.St.-Hil.) Kausel",NA,NA,NA,NA,NA,NA,NA,NA,NA,NA,"South America, Chile. [LL]","689b4219-8256-4c6e-890b-2e81405d4c58",NA,"4258",NA,"F","ICBN","Chile",NA,NA,NA,NA,"F",NA,NA,"Botany",NA,NA,NA,NA,NA,"Plantae Spermatophyta Dicotyledoneae Myrtaceae",NA,"TGN - Country Centroid","Generalised COUNTRY centroid","2479541","284bdf46-51b8-4340-a10c-05da276a14bc","http://fieldmuseum.org/about/copyright-information","Getty Thesaurus of Geographic Names (TGN)",NA,NA,NA,NA,NA,NA,NA,NA,NA,NA,NA,NA,NA,NA,NA,NA,NA,NA,NA,NA,"http://fm-digital-assets.fieldmuseum.org/519/946/V0105975F.jpg"
"1228623031","Myrceugenia lanceolata (Juss. ex J.St.-Hil.) Kausel",-35.8156,-70.8906,"gass84,ambcol,inmafu","90c853e6-56bd-480b-8e8f-6285c3f8d42b","7b8aff00-a9f8-11d8-944b-b8a03c50a862","3b84ff5b-79ce-427c-acb7-b4004e160f66","7b8aff00-a9f8-11d8-944b-b8a03c50a862","US","EML","2023-09-22T16:42:30.311+00:00","2024-01-25T11:00:03.228+00:00",313,"PRESERVED_SPECIMEN","PRESENT",3185515,6,7707728,220,690,5014,3185514,3185515,3185515,"Myrceugenia lanceolata (Juss. ex J.St.-Hil.) Kausel","Plantae","Tracheophyta","Myrtales","Myrtaceae","Myrceugenia","Myrceugenia lanceolata","Myrceugenia","lanceolata","SPECIES","ACCEPTED","NE",NA,NA,"SOUTH_AMERICA",NA,1955,NA,NA,"1955",NA,NA,"2023-07-20T21:19:00.000+00:00","2024-01-25T11:00:03.228+00:00",NA,"http://creativecommons.org/licenses/by/4.0/",FALSE,"ed4015d1-f262-4e20-87b4-cf6eae966808","none","none",FALSE,"seeds-22-sep-2023","E. M. L. Kausel",NA,"WGS84","Magnoliopsida","CL","none","none","LATIN_AMERICA","Chile","NORTH_AMERICA","The Field Museum of Natural History","ed4015d1-f262-4e20-87b4-cf6eae966808",NA,NA,NA,"Botany","1228623031","ed4015d1-f262-4e20-87b4-cf6eae966808",NA,"V0105957F","F",NA,NA,NA,"Myrceugenia lanceolata (Juss. ex J.St.-Hil.) Kausel",NA,NA,NA,NA,NA,NA,NA,NA,NA,NA,"South America, Chile. [LL]","689b4219-8256-4c6e-890b-2e81405d4c58",NA,"25",NA,"F","ICBN","Chile",NA,NA,NA,NA,"F",NA,NA,"Botany",NA,NA,NA,NA,NA,"Plantae Spermatophyta Dicotyledoneae Myrtaceae",NA,"TGN - Country Centroid","Generalised COUNTRY centroid","2479560","284bdf46-51b8-4340-a10c-05da276a14bc","http://fieldmuseum.org/about/copyright-information","Getty Thesaurus of Geographic Names (TGN)",NA,NA,NA,NA,NA,NA,NA,NA,NA,NA,NA,NA,NA,NA,NA,NA,NA,NA,NA,NA,"http://fm-digital-assets.fieldmuseum.org/519/928/V0105957F.jpg"
"1228423115","Myrceugenia lanceolata (Juss. ex J.St.-Hil.) Kausel",-35.8156,-70.8906,"gass84,ambcol,inmafu","90c853e6-56bd-480b-8e8f-6285c3f8d42b","7b8aff00-a9f8-11d8-944b-b8a03c50a862","3b84ff5b-79ce-427c-acb7-b4004e160f66","7b8aff00-a9f8-11d8-944b-b8a03c50a862","US","EML","2023-09-22T16:42:30.311+00:00","2024-01-25T11:00:01.645+00:00",313,"PRESERVED_SPECIMEN","PRESENT",3185515,6,7707728,220,690,5014,3185514,3185515,3185515,"Myrceugenia lanceolata (Juss. ex J.St.-Hil.) Kausel","Plantae","Tracheophyta","Myrtales","Myrtaceae","Myrceugenia","Myrceugenia lanceolata","Myrceugenia","lanceolata","SPECIES","ACCEPTED","NE",NA,NA,"SOUTH_AMERICA",NA,1954,10,31,"1954-10-31",304,304,"2023-07-20T21:19:00.000+00:00","2024-01-25T11:00:01.645+00:00",NA,"http://creativecommons.org/licenses/by/4.0/",FALSE,"ec4f176b-943a-4dd1-8fc5-620b7bc6316b","none","none",FALSE,"seeds-22-sep-2023","E. M. L. Kausel",NA,"WGS84","Magnoliopsida","CL","none","none","LATIN_AMERICA","Chile","NORTH_AMERICA","The Field Museum of Natural History","ec4f176b-943a-4dd1-8fc5-620b7bc6316b",NA,NA,NA,"Botany","1228423115","ec4f176b-943a-4dd1-8fc5-620b7bc6316b",NA,"V0105970F","F",NA,NA,NA,"Myrceugenia lanceolata (Juss. ex J.St.-Hil.) Kausel",NA,NA,NA,NA,NA,NA,NA,NA,NA,NA,"South America, Chile. [LL]","689b4219-8256-4c6e-890b-2e81405d4c58",NA,"4055",NA,"F","ICBN","Chile",NA,NA,NA,NA,"F",NA,NA,"Botany",NA,NA,NA,NA,NA,"Plantae Spermatophyta Dicotyledoneae Myrtaceae",NA,"TGN - Country Centroid","Generalised COUNTRY centroid","2479536","284bdf46-51b8-4340-a10c-05da276a14bc","http://fieldmuseum.org/about/copyright-information","Getty Thesaurus of Geographic Names (TGN)",NA,NA,NA,NA,NA,NA,NA,NA,NA,NA,NA,NA,NA,NA,NA,NA,NA,NA,NA,NA,"http://fm-digital-assets.fieldmuseum.org/519/941/V0105970F.jpg"
"1228402348","Myrceugenia lanceolata (Juss. ex J.St.-Hil.) Kausel",-35.8156,-70.8906,"gass84,ambcol,inmafu","90c853e6-56bd-480b-8e8f-6285c3f8d42b","7b8aff00-a9f8-11d8-944b-b8a03c50a862","3b84ff5b-79ce-427c-acb7-b4004e160f66","7b8aff00-a9f8-11d8-944b-b8a03c50a862","US","EML","2023-09-22T16:42:30.311+00:00","2024-01-25T10:59:52.697+00:00",313,"PRESERVED_SPECIMEN","PRESENT",3185515,6,7707728,220,690,5014,3185514,3185515,3185515,"Myrceugenia lanceolata (Juss. ex J.St.-Hil.) Kausel","Plantae","Tracheophyta","Myrtales","Myrtaceae","Myrceugenia","Myrceugenia lanceolata","Myrceugenia","lanceolata","SPECIES","ACCEPTED","NE",NA,NA,"SOUTH_AMERICA",NA,1952,3,7,"1952-03-07",67,67,"2023-07-20T21:19:00.000+00:00","2024-01-25T10:59:52.697+00:00",NA,"http://creativecommons.org/licenses/by/4.0/",FALSE,"8b2800de-eceb-499e-8501-220ff61f6697","none","none",FALSE,"seeds-22-sep-2023","O. Boelcke",NA,"WGS84","Magnoliopsida","CL","none","none","LATIN_AMERICA","Chile","NORTH_AMERICA","The Field Museum of Natural History","8b2800de-eceb-499e-8501-220ff61f6697",NA,NA,NA,"Botany","1228402348","8b2800de-eceb-499e-8501-220ff61f6697",NA,"V0105979F","F",NA,NA,NA,"Myrceugenia lanceolata (Juss. ex J.St.-Hil.) Kausel",NA,NA,NA,NA,NA,NA,NA,NA,NA,NA,"South America, Chile. [LL]","689b4219-8256-4c6e-890b-2e81405d4c58",NA,"6529",NA,"F","ICBN","Chile",NA,NA,NA,NA,"F",NA,NA,"Botany",NA,NA,NA,NA,NA,"Plantae Spermatophyta Dicotyledoneae Myrtaceae",NA,"TGN - Country Centroid","Generalised COUNTRY centroid","2479545","284bdf46-51b8-4340-a10c-05da276a14bc","http://fieldmuseum.org/about/copyright-information","Getty Thesaurus of Geographic Names (TGN)",NA,NA,NA,NA,NA,NA,NA,NA,NA,NA,NA,NA,NA,NA,NA,NA,NA,NA,NA,NA,"http://fm-digital-assets.fieldmuseum.org/519/950/V0105979F.jpg"
"1228169118","Myrceugenia lanceolata (Juss. ex J.St.-Hil.) Kausel",-35.8156,-70.8906,"gass84,ambcol,inmafu","90c853e6-56bd-480b-8e8f-6285c3f8d42b","7b8aff00-a9f8-11d8-944b-b8a03c50a862","3b84ff5b-79ce-427c-acb7-b4004e160f66","7b8aff00-a9f8-11d8-944b-b8a03c50a862","US","EML","2023-09-22T16:42:30.311+00:00","2024-01-25T10:59:55.670+00:00",313,"PRESERVED_SPECIMEN","PRESENT",3185515,6,7707728,220,690,5014,3185514,3185515,3185515,"Myrceugenia lanceolata (Juss. ex J.St.-Hil.) Kausel","Plantae","Tracheophyta","Myrtales","Myrtaceae","Myrceugenia","Myrceugenia lanceolata","Myrceugenia","lanceolata","SPECIES","ACCEPTED","NE",NA,NA,"SOUTH_AMERICA",NA,1952,3,7,"1952-03-07",67,67,"2023-07-20T21:19:00.000+00:00","2024-01-25T10:59:55.670+00:00",NA,"http://creativecommons.org/licenses/by/4.0/",FALSE,"cac5c76e-fb8f-49a1-b342-1cdd168dab45","none","none",FALSE,"seeds-22-sep-2023","O. Boelcke",NA,"WGS84","Magnoliopsida","CL","none","none","LATIN_AMERICA","Chile","NORTH_AMERICA","The Field Museum of Natural History","cac5c76e-fb8f-49a1-b342-1cdd168dab45",NA,NA,NA,"Botany","1228169118","cac5c76e-fb8f-49a1-b342-1cdd168dab45",NA,"V0105978F","F",NA,NA,NA,"Myrceugenia lanceolata (Juss. ex J.St.-Hil.) Kausel",NA,NA,NA,NA,NA,NA,NA,NA,NA,NA,"South America, Chile. [LL]","689b4219-8256-4c6e-890b-2e81405d4c58",NA,"6538",NA,"F","ICBN","Chile",NA,NA,NA,NA,"F",NA,NA,"Botany",NA,NA,NA,NA,NA,"Plantae Spermatophyta Dicotyledoneae Myrtaceae",NA,"TGN - Country Centroid","Generalised COUNTRY centroid","2479544","284bdf46-51b8-4340-a10c-05da276a14bc","http://fieldmuseum.org/about/copyright-information","Getty Thesaurus of Geographic Names (TGN)",NA,NA,NA,NA,NA,NA,NA,NA,NA,NA,NA,NA,NA,NA,NA,NA,NA,NA,NA,NA,"http://fm-digital-assets.fieldmuseum.org/519/949/V0105978F.jpg"
"1228499325","Myrceugenia lanceolata (Juss. ex J.St.-Hil.) Kausel",-35.8156,-70.8906,"gass84,ambcol,inmafu","90c853e6-56bd-480b-8e8f-6285c3f8d42b","7b8aff00-a9f8-11d8-944b-b8a03c50a862","3b84ff5b-79ce-427c-acb7-b4004e160f66","7b8aff00-a9f8-11d8-944b-b8a03c50a862","US","EML","2023-09-22T16:42:30.311+00:00","2024-01-25T10:59:54.190+00:00",313,"PRESERVED_SPECIMEN","PRESENT",3185515,6,7707728,220,690,5014,3185514,3185515,3185515,"Myrceugenia lanceolata (Juss. ex J.St.-Hil.) Kausel","Plantae","Tracheophyta","Myrtales","Myrtaceae","Myrceugenia","Myrceugenia lanceolata","Myrceugenia","lanceolata","SPECIES","ACCEPTED","NE",NA,NA,"SOUTH_AMERICA",NA,1949,2,7,"1949-02-07",38,38,"2023-07-20T21:19:00.000+00:00","2024-01-25T10:59:54.190+00:00",NA,"http://creativecommons.org/licenses/by/4.0/",FALSE,"bc9ecc4b-56f4-4eb2-8d32-d5b5c5fbe927","none","none",FALSE,"seeds-22-sep-2023","E. M. L. Kausel",NA,"WGS84","Magnoliopsida","CL","none","none","LATIN_AMERICA","Chile","NORTH_AMERICA","The Field Museum of Natural History","bc9ecc4b-56f4-4eb2-8d32-d5b5c5fbe927",NA,NA,NA,"Botany","1228499325","bc9ecc4b-56f4-4eb2-8d32-d5b5c5fbe927",NA,"V0105963F","F",NA,NA,NA,"Myrceugenia lanceolata (Juss. ex J.St.-Hil.) Kausel",NA,NA,NA,NA,NA,NA,NA,NA,NA,NA,"South America, Chile. [LL]","689b4219-8256-4c6e-890b-2e81405d4c58",NA,"2729",NA,"F","ICBN","Chile",NA,NA,NA,NA,"F",NA,NA,"Botany",NA,NA,NA,NA,NA,"Plantae Spermatophyta Dicotyledoneae Myrtaceae",NA,"TGN - Country Centroid","Generalised COUNTRY centroid","2479551","284bdf46-51b8-4340-a10c-05da276a14bc","http://fieldmuseum.org/about/copyright-information","Getty Thesaurus of Geographic Names (TGN)",NA,NA,NA,NA,NA,NA,NA,NA,NA,NA,NA,NA,NA,NA,NA,NA,NA,NA,NA,NA,"http://fm-digital-assets.fieldmuseum.org/519/935/V0105963F.jpg"
"1228402315","Myrceugenia lanceolata (Juss. ex J.St.-Hil.) Kausel",-35.8156,-70.8906,"gass84,ambcol,inmafu","90c853e6-56bd-480b-8e8f-6285c3f8d42b","7b8aff00-a9f8-11d8-944b-b8a03c50a862","3b84ff5b-79ce-427c-acb7-b4004e160f66","7b8aff00-a9f8-11d8-944b-b8a03c50a862","US","EML","2023-09-22T16:42:30.311+00:00","2024-01-25T11:00:05.289+00:00",313,"PRESERVED_SPECIMEN","PRESENT",3185515,6,7707728,220,690,5014,3185514,3185515,3185515,"Myrceugenia lanceolata (Juss. ex J.St.-Hil.) Kausel","Plantae","Tracheophyta","Myrtales","Myrtaceae","Myrceugenia","Myrceugenia lanceolata","Myrceugenia","lanceolata","SPECIES","ACCEPTED","NE",NA,NA,"SOUTH_AMERICA",NA,1949,2,4,"1949-02-04",35,35,"2023-07-20T21:19:00.000+00:00","2024-01-25T11:00:05.289+00:00",NA,"http://creativecommons.org/licenses/by/4.0/",FALSE,"c01e6e93-8506-4191-b355-211e5215ad8a","none","none",FALSE,"seeds-22-sep-2023","E. M. L. Kausel",NA,"WGS84","Magnoliopsida","CL","none","none","LATIN_AMERICA","Chile","NORTH_AMERICA","The Field Museum of Natural History","c01e6e93-8506-4191-b355-211e5215ad8a",NA,NA,NA,"Botany","1228402315","c01e6e93-8506-4191-b355-211e5215ad8a",NA,"V0105962F","F",NA,NA,NA,"Myrceugenia lanceolata (Juss. ex J.St.-Hil.) Kausel",NA,NA,NA,NA,NA,NA,NA,NA,NA,NA,"South America, Chile. [LL]","689b4219-8256-4c6e-890b-2e81405d4c58",NA,"2703",NA,"F","ICBN","Chile",NA,NA,NA,NA,"F",NA,NA,"Botany",NA,NA,NA,NA,NA,"Plantae Spermatophyta Dicotyledoneae Myrtaceae",NA,"TGN - Country Centroid","Generalised COUNTRY centroid","2479550","284bdf46-51b8-4340-a10c-05da276a14bc","http://fieldmuseum.org/about/copyright-information","Getty Thesaurus of Geographic Names (TGN)",NA,NA,NA,NA,NA,NA,NA,NA,NA,NA,NA,NA,NA,NA,NA,NA,NA,NA,NA,NA,"http://fm-digital-assets.fieldmuseum.org/519/934/V0105962F.jpg"
"1228190167","Myrceugenia lanceolata (Juss. ex J.St.-Hil.) Kausel",-35.8156,-70.8906,"gass84,ambcol,inmafu","90c853e6-56bd-480b-8e8f-6285c3f8d42b","7b8aff00-a9f8-11d8-944b-b8a03c50a862","3b84ff5b-79ce-427c-acb7-b4004e160f66","7b8aff00-a9f8-11d8-944b-b8a03c50a862","US","EML","2023-09-22T16:42:30.311+00:00","2024-01-25T11:00:01.226+00:00",313,"PRESERVED_SPECIMEN","PRESENT",3185515,6,7707728,220,690,5014,3185514,3185515,3185515,"Myrceugenia lanceolata (Juss. ex J.St.-Hil.) Kausel","Plantae","Tracheophyta","Myrtales","Myrtaceae","Myrceugenia","Myrceugenia lanceolata","Myrceugenia","lanceolata","SPECIES","ACCEPTED","NE",NA,NA,"SOUTH_AMERICA",NA,1949,2,7,"1949-02-07",38,38,"2023-07-20T21:19:00.000+00:00","2024-01-25T11:00:01.226+00:00",NA,"http://creativecommons.org/licenses/by/4.0/",FALSE,"e0d9bf8a-c66c-40b7-bb90-e623d7893138","none","none",TRUE,"seeds-22-sep-2023","E. M. L. Kausel",NA,"WGS84","Magnoliopsida","CL","none","none","LATIN_AMERICA","Chile","NORTH_AMERICA","The Field Museum of Natural History","e0d9bf8a-c66c-40b7-bb90-e623d7893138",NA,NA,NA,"Botany","1228190167","e0d9bf8a-c66c-40b7-bb90-e623d7893138",NA,"V0105964F","F",NA,NA,NA,"Myrceugenia lanceolata (Juss. ex J.St.-Hil.) Kausel",NA,NA,NA,NA,NA,NA,NA,NA,NA,NA,"South America, Chile. [LL]","689b4219-8256-4c6e-890b-2e81405d4c58",NA,"2728",NA,"F","ICBN","Chile",NA,NA,NA,NA,"F",NA,NA,"Botany",NA,NA,NA,NA,NA,"Plantae Spermatophyta Dicotyledoneae Myrtaceae",NA,"TGN - Country Centroid","Generalised COUNTRY centroid","2479553","284bdf46-51b8-4340-a10c-05da276a14bc","http://fieldmuseum.org/about/copyright-information","Getty Thesaurus of Geographic Names (TGN)",NA,NA,NA,NA,NA,NA,NA,NA,NA,NA,NA,NA,NA,NA,NA,NA,NA,NA,NA,NA,"http://fm-digital-assets.fieldmuseum.org/519/936/V0105964F.jpg"
"1228219977","Myrceugenia lanceolata (Juss. ex J.St.-Hil.) Kausel",-35.8156,-70.8906,"gass84,ambcol,inmafu","90c853e6-56bd-480b-8e8f-6285c3f8d42b","7b8aff00-a9f8-11d8-944b-b8a03c50a862","3b84ff5b-79ce-427c-acb7-b4004e160f66","7b8aff00-a9f8-11d8-944b-b8a03c50a862","US","EML","2023-09-22T16:42:30.311+00:00","2024-01-25T11:00:12.914+00:00",313,"PRESERVED_SPECIMEN","PRESENT",3185515,6,7707728,220,690,5014,3185514,3185515,3185515,"Myrceugenia lanceolata (Juss. ex J.St.-Hil.) Kausel","Plantae","Tracheophyta","Myrtales","Myrtaceae","Myrceugenia","Myrceugenia lanceolata","Myrceugenia","lanceolata","SPECIES","ACCEPTED","NE",NA,NA,"SOUTH_AMERICA",NA,1940,3,19,"1940-03-19",79,79,"2023-07-20T21:19:00.000+00:00","2024-01-25T11:00:12.914+00:00",NA,"http://creativecommons.org/licenses/by/4.0/",FALSE,"20f35f64-1da1-4634-99da-fa6e53566457","none","none",FALSE,"seeds-22-sep-2023","E. M. L. Kausel",NA,"WGS84","Magnoliopsida","CL","none","none","LATIN_AMERICA","Chile","NORTH_AMERICA","The Field Museum of Natural History","20f35f64-1da1-4634-99da-fa6e53566457",NA,NA,NA,"Botany","1228219977","20f35f64-1da1-4634-99da-fa6e53566457",NA,"V0105961F","F",NA,NA,NA,"Myrceugenia lanceolata (Juss. ex J.St.-Hil.) Kausel",NA,NA,NA,NA,NA,NA,NA,NA,NA,NA,"South America, Chile. [LL]","689b4219-8256-4c6e-890b-2e81405d4c58",NA,"721",NA,"F","ICBN","Chile",NA,NA,NA,NA,"F",NA,NA,"Botany",NA,NA,NA,NA,NA,"Plantae Spermatophyta Dicotyledoneae Myrtaceae",NA,"TGN - Country Centroid","Generalised COUNTRY centroid","2479549","284bdf46-51b8-4340-a10c-05da276a14bc","http://fieldmuseum.org/about/copyright-information","Getty Thesaurus of Geographic Names (TGN)",NA,NA,NA,NA,NA,NA,NA,NA,NA,NA,NA,NA,NA,NA,NA,NA,NA,NA,NA,NA,"http://fm-digital-assets.fieldmuseum.org/519/933/V0105961F.jpg"
"1228287768","Myrceugenia lanceolata (Juss. ex J.St.-Hil.) Kausel",-35.8156,-70.8906,"gass84,ambcol,inmafu","90c853e6-56bd-480b-8e8f-6285c3f8d42b","7b8aff00-a9f8-11d8-944b-b8a03c50a862","3b84ff5b-79ce-427c-acb7-b4004e160f66","7b8aff00-a9f8-11d8-944b-b8a03c50a862","US","EML","2023-09-22T16:42:30.311+00:00","2024-01-25T11:00:04.395+00:00",313,"PRESERVED_SPECIMEN","PRESENT",3185515,6,7707728,220,690,5014,3185514,3185515,3185515,"Myrceugenia lanceolata (Juss. ex J.St.-Hil.) Kausel","Plantae","Tracheophyta","Myrtales","Myrtaceae","Myrceugenia","Myrceugenia lanceolata","Myrceugenia","lanceolata","SPECIES","ACCEPTED","NE",NA,NA,"SOUTH_AMERICA",NA,1940,5,17,"1940-05-17",138,138,"2023-07-20T21:19:00.000+00:00","2024-01-25T11:00:04.395+00:00",NA,"http://creativecommons.org/licenses/by/4.0/",FALSE,"2075ba7b-bad7-47c1-ba32-d67b7d1bc7b2","none","none",FALSE,"seeds-22-sep-2023","E. M. L. Kausel",NA,"WGS84","Magnoliopsida","CL","none","none","LATIN_AMERICA","Chile","NORTH_AMERICA","The Field Museum of Natural History","2075ba7b-bad7-47c1-ba32-d67b7d1bc7b2",NA,NA,NA,"Botany","1228287768","2075ba7b-bad7-47c1-ba32-d67b7d1bc7b2",NA,"V0105971F","F",NA,NA,NA,"Myrceugenia lanceolata (Juss. ex J.St.-Hil.) Kausel",NA,NA,NA,NA,NA,NA,NA,NA,NA,NA,"South America, Chile. [LL]","689b4219-8256-4c6e-890b-2e81405d4c58",NA,"699",NA,"F","ICBN","Chile",NA,NA,NA,NA,"F",NA,NA,"Botany",NA,NA,NA,NA,NA,"Plantae Spermatophyta Dicotyledoneae Myrtaceae",NA,"TGN - Country Centroid","Generalised COUNTRY centroid","2479537","284bdf46-51b8-4340-a10c-05da276a14bc","http://fieldmuseum.org/about/copyright-information","Getty Thesaurus of Geographic Names (TGN)",NA,NA,NA,NA,NA,NA,NA,NA,NA,NA,NA,NA,NA,NA,NA,NA,NA,NA,NA,NA,"http://fm-digital-assets.fieldmuseum.org/519/942/V0105971F.jpg"
"1228608110","Myrceugenia lanceolata (Juss. ex J.St.-Hil.) Kausel",-35.8156,-70.8906,"gass84,ambcol,inmafu","90c853e6-56bd-480b-8e8f-6285c3f8d42b","7b8aff00-a9f8-11d8-944b-b8a03c50a862","3b84ff5b-79ce-427c-acb7-b4004e160f66","7b8aff00-a9f8-11d8-944b-b8a03c50a862","US","EML","2023-09-22T16:42:30.311+00:00","2024-01-25T11:00:07.351+00:00",313,"PRESERVED_SPECIMEN","PRESENT",3185515,6,7707728,220,690,5014,3185514,3185515,3185515,"Myrceugenia lanceolata (Juss. ex J.St.-Hil.) Kausel","Plantae","Tracheophyta","Myrtales","Myrtaceae","Myrceugenia","Myrceugenia lanceolata","Myrceugenia","lanceolata","SPECIES","ACCEPTED","NE",NA,NA,"SOUTH_AMERICA",NA,1940,8,18,"1940-08-18",231,231,"2023-07-20T21:19:00.000+00:00","2024-01-25T11:00:07.351+00:00",NA,"http://creativecommons.org/licenses/by/4.0/",FALSE,"019a8f01-4b27-4dd6-9d55-650ab12bdbe5","none","none",FALSE,"seeds-22-sep-2023","E. M. L. Kausel",NA,"WGS84","Magnoliopsida","CL","none","none","LATIN_AMERICA","Chile","NORTH_AMERICA","The Field Museum of Natural History","019a8f01-4b27-4dd6-9d55-650ab12bdbe5",NA,NA,NA,"Botany","1228608110","019a8f01-4b27-4dd6-9d55-650ab12bdbe5",NA,"V0105959F","F",NA,NA,NA,"Myrceugenia lanceolata (Juss. ex J.St.-Hil.) Kausel",NA,NA,NA,NA,NA,NA,NA,NA,NA,NA,"South America, Chile. [LL]","689b4219-8256-4c6e-890b-2e81405d4c58",NA,"779",NA,"F","ICBN","Chile",NA,NA,NA,NA,"F",NA,NA,"Botany",NA,NA,NA,NA,NA,"Plantae Spermatophyta Dicotyledoneae Myrtaceae",NA,"TGN - Country Centroid","Generalised COUNTRY centroid","2479563","284bdf46-51b8-4340-a10c-05da276a14bc","http://fieldmuseum.org/about/copyright-information","Getty Thesaurus of Geographic Names (TGN)",NA,NA,NA,NA,NA,NA,NA,NA,NA,NA,NA,NA,NA,NA,NA,NA,NA,NA,NA,NA,"http://fm-digital-assets.fieldmuseum.org/519/931/V0105959F.jpg"
"1228209068","Myrceugenia lanceolata (Juss. ex J.St.-Hil.) Kausel",-35.8156,-70.8906,"gass84,ambcol,inmafu","90c853e6-56bd-480b-8e8f-6285c3f8d42b","7b8aff00-a9f8-11d8-944b-b8a03c50a862","3b84ff5b-79ce-427c-acb7-b4004e160f66","7b8aff00-a9f8-11d8-944b-b8a03c50a862","US","EML","2023-09-22T16:42:30.311+00:00","2024-01-25T11:00:09.709+00:00",313,"PRESERVED_SPECIMEN","PRESENT",3185515,6,7707728,220,690,5014,3185514,3185515,3185515,"Myrceugenia lanceolata (Juss. ex J.St.-Hil.) Kausel","Plantae","Tracheophyta","Myrtales","Myrtaceae","Myrceugenia","Myrceugenia lanceolata","Myrceugenia","lanceolata","SPECIES","ACCEPTED","NE",NA,NA,"SOUTH_AMERICA",NA,1940,8,18,"1940-08-18",231,231,"2023-07-20T21:19:00.000+00:00","2024-01-25T11:00:09.709+00:00",NA,"http://creativecommons.org/licenses/by/4.0/",FALSE,"295c6517-30d5-41f9-ba8e-bcaa81f27699","none","none",FALSE,"seeds-22-sep-2023","E. M. L. Kausel",NA,"WGS84","Magnoliopsida","CL","none","none","LATIN_AMERICA","Chile","NORTH_AMERICA","The Field Museum of Natural History","295c6517-30d5-41f9-ba8e-bcaa81f27699",NA,NA,NA,"Botany","1228209068","295c6517-30d5-41f9-ba8e-bcaa81f27699",NA,"V0105974F","F",NA,NA,NA,"Myrceugenia lanceolata (Juss. ex J.St.-Hil.) Kausel",NA,NA,NA,NA,NA,NA,NA,NA,NA,NA,"South America, Chile. [LL]","689b4219-8256-4c6e-890b-2e81405d4c58",NA,"782",NA,"F","ICBN","Chile",NA,NA,NA,NA,"F",NA,NA,"Botany",NA,NA,NA,NA,NA,"Plantae Spermatophyta Dicotyledoneae Myrtaceae",NA,"TGN - Country Centroid","Generalised COUNTRY centroid","2479540","284bdf46-51b8-4340-a10c-05da276a14bc","http://fieldmuseum.org/about/copyright-information","Getty Thesaurus of Geographic Names (TGN)",NA,NA,NA,NA,NA,NA,NA,NA,NA,NA,NA,NA,NA,NA,NA,NA,NA,NA,NA,NA,"http://fm-digital-assets.fieldmuseum.org/519/945/V0105974F.jpg"
"1228622195","Myrceugenia lanceolata (Juss. ex J.St.-Hil.) Kausel",-35.8156,-70.8906,"gass84,ambcol,inmafu","90c853e6-56bd-480b-8e8f-6285c3f8d42b","7b8aff00-a9f8-11d8-944b-b8a03c50a862","3b84ff5b-79ce-427c-acb7-b4004e160f66","7b8aff00-a9f8-11d8-944b-b8a03c50a862","US","EML","2023-09-22T16:42:30.311+00:00","2024-01-25T11:00:14.545+00:00",313,"PRESERVED_SPECIMEN","PRESENT",3185515,6,7707728,220,690,5014,3185514,3185515,3185515,"Myrceugenia lanceolata (Juss. ex J.St.-Hil.) Kausel","Plantae","Tracheophyta","Myrtales","Myrtaceae","Myrceugenia","Myrceugenia lanceolata","Myrceugenia","lanceolata","SPECIES","ACCEPTED","NE",NA,NA,"SOUTH_AMERICA",NA,1940,8,18,"1940-08-18",231,231,"2023-07-20T21:19:00.000+00:00","2024-01-25T11:00:14.545+00:00",NA,"http://creativecommons.org/licenses/by/4.0/",FALSE,"7e857721-28ce-45f6-ab82-144049eaa625","none","none",FALSE,"seeds-22-sep-2023","E. M. L. Kausel",NA,"WGS84","Magnoliopsida","CL","none","none","LATIN_AMERICA","Chile","NORTH_AMERICA","The Field Museum of Natural History","7e857721-28ce-45f6-ab82-144049eaa625",NA,NA,NA,"Botany","1228622195","7e857721-28ce-45f6-ab82-144049eaa625",NA,"V0105958F","F",NA,NA,NA,"Myrceugenia lanceolata (Juss. ex J.St.-Hil.) Kausel",NA,NA,NA,NA,NA,NA,NA,NA,NA,NA,"South America, Chile. [LL]","689b4219-8256-4c6e-890b-2e81405d4c58",NA,"780",NA,"F","ICBN","Chile",NA,NA,NA,NA,"F",NA,NA,"Botany",NA,NA,NA,NA,NA,"Plantae Spermatophyta Dicotyledoneae Myrtaceae",NA,"TGN - Country Centroid","Generalised COUNTRY centroid","2479561","284bdf46-51b8-4340-a10c-05da276a14bc","http://fieldmuseum.org/about/copyright-information","Getty Thesaurus of Geographic Names (TGN)",NA,NA,NA,NA,NA,NA,NA,NA,NA,NA,NA,NA,NA,NA,NA,NA,NA,NA,NA,NA,"http://fm-digital-assets.fieldmuseum.org/519/930/V0105958F.jpg"
"1228585302","Myrceugenia lanceolata (Juss. ex J.St.-Hil.) Kausel",-35.8156,-70.8906,"gass84,ambcol,inmafu","90c853e6-56bd-480b-8e8f-6285c3f8d42b","7b8aff00-a9f8-11d8-944b-b8a03c50a862","3b84ff5b-79ce-427c-acb7-b4004e160f66","7b8aff00-a9f8-11d8-944b-b8a03c50a862","US","EML","2023-09-22T16:42:30.311+00:00","2024-01-25T11:00:08.933+00:00",313,"PRESERVED_SPECIMEN","PRESENT",3185515,6,7707728,220,690,5014,3185514,3185515,3185515,"Myrceugenia lanceolata (Juss. ex J.St.-Hil.) Kausel","Plantae","Tracheophyta","Myrtales","Myrtaceae","Myrceugenia","Myrceugenia lanceolata","Myrceugenia","lanceolata","SPECIES","ACCEPTED","NE",NA,NA,"SOUTH_AMERICA",NA,1938,12,8,"1938-12-08",342,342,"2023-07-20T21:19:00.000+00:00","2024-01-25T11:00:08.933+00:00",NA,"http://creativecommons.org/licenses/by/4.0/",FALSE,"84ac32e5-7df4-4941-be46-dcb402a71bd1","none","none",FALSE,"seeds-22-sep-2023","E. M. L. Kausel",NA,"WGS84","Magnoliopsida","CL","none","none","LATIN_AMERICA","Chile","NORTH_AMERICA","The Field Museum of Natural History","84ac32e5-7df4-4941-be46-dcb402a71bd1",NA,NA,NA,"Botany","1228585302","84ac32e5-7df4-4941-be46-dcb402a71bd1",NA,"V0105960F","F",NA,NA,NA,"Myrceugenia lanceolata (Juss. ex J.St.-Hil.) Kausel",NA,NA,NA,NA,NA,NA,NA,NA,NA,NA,"South America, Chile. [LL]","689b4219-8256-4c6e-890b-2e81405d4c58",NA,"488",NA,"F","ICBN","Chile",NA,NA,NA,NA,"F",NA,NA,"Botany",NA,NA,NA,NA,NA,"Plantae Spermatophyta Dicotyledoneae Myrtaceae",NA,"TGN - Country Centroid","Generalised COUNTRY centroid","2479548","284bdf46-51b8-4340-a10c-05da276a14bc","http://fieldmuseum.org/about/copyright-information","Getty Thesaurus of Geographic Names (TGN)",NA,NA,NA,NA,NA,NA,NA,NA,NA,NA,NA,NA,NA,NA,NA,NA,NA,NA,NA,NA,"http://fm-digital-assets.fieldmuseum.org/519/932/V0105960F.jpg"
"1928357911","Myrceugenia lanceolata (Juss. ex J.St.-Hil.) Kausel",22.130781,-80.339315,"mdativ","d415c253-4d61-4459-9d25-4015b9084fb0","ae447c50-b8a8-11d8-92a4-b8a03c50a862","17017c2c-036b-45d9-b045-606d21b00771","ae447c50-b8a8-11d8-92a4-b8a03c50a862","US","EML","2024-07-21T04:09:35.210+00:00","2024-07-21T05:13:26.658+00:00",415,"PRESERVED_SPECIMEN","PRESENT",3185515,6,7707728,220,690,5014,3185514,3185515,3185515,"Myrceugenia lanceolata (Juss. ex J.St.-Hil.) Kausel","Plantae","Tracheophyta","Myrtales","Myrtaceae","Myrceugenia","Myrceugenia lanceolata","Myrceugenia","lanceolata","SPECIES","ACCEPTED","NE",NA,NA,"NORTH_AMERICA","Villa Clara",1929,4,24,"1929-04-24",114,114,NA,"2024-07-21T05:13:26.658+00:00","http://sweetgum.nybg.org/science/vh/specimen_details.php?irn=1684016","http://creativecommons.org/licenses/by/4.0/",FALSE,"29a0bd6c-7ad6-4acd-90cd-ae8757bcc097","none","none",FALSE,"Vascular plants","J. G. Jack",NA,"WGS84","Magnoliopsida","CU","none","none","LATIN_AMERICA","Cuba","NORTH_AMERICA","The New York Botanical Garden","29a0bd6c-7ad6-4acd-90cd-ae8757bcc097",NA,"24 Apr 1929",NA,"NY","1928357911","29a0bd6c-7ad6-4acd-90cd-ae8757bcc097",NA,"01437101","NY",NA,NA,NA,"Myrceugenia lanceolata (Juss. ex J.St.-Hil.) Kausel",NA,NA,NA,NA,NA,NA,NA,NA,NA,NA,NA,"ab83e5ab-f4f7-4c9b-a1d5-eb779dfb9377","b2190553-4505-4fdd-8fff-065c8ca26f72","7305",NA,"http://biocol.org/urn:lsid:biocol.org:col:15556","ICN","Santa Clara. Soledad, Cienfuegos.",NA,NA,"PhysicalObject",NA,NA,NA,NA,"http://biocol.org/urn:lsid:biocol.org:col:15556",NA,NA,NA,NA,NA,NA,NA,"Georeferencing Quick Reference Guide, Version 2012",NA,NA,NA,NA,"Google Maps (map data 2018); MaNIS Georef. Calculator",NA,NA,NA,NA,"sheet","2018-04-19","en",NA,NA,NA,NA,NA,NA,NA,NA,NA,NA,NA,NA,NA,"http://sweetgum.nybg.org/images3/485/839/01437101.jpg"
"1228288781","Myrceugenia lanceolata (Juss. ex J.St.-Hil.) Kausel",-35.8156,-70.8906,"gass84,ambcol,inmafu","90c853e6-56bd-480b-8e8f-6285c3f8d42b","7b8aff00-a9f8-11d8-944b-b8a03c50a862","3b84ff5b-79ce-427c-acb7-b4004e160f66","7b8aff00-a9f8-11d8-944b-b8a03c50a862","US","EML","2023-09-22T16:42:30.311+00:00","2024-01-25T11:00:10.402+00:00",313,"PRESERVED_SPECIMEN","PRESENT",3185515,6,7707728,220,690,5014,3185514,3185515,3185515,"Myrceugenia lanceolata (Juss. ex J.St.-Hil.) Kausel","Plantae","Tracheophyta","Myrtales","Myrtaceae","Myrceugenia","Myrceugenia lanceolata","Myrceugenia","lanceolata","SPECIES","ACCEPTED","NE",NA,NA,"SOUTH_AMERICA",NA,1923,2,4,"1923-02-04",35,35,"2023-07-20T21:19:00.000+00:00","2024-01-25T11:00:10.402+00:00",NA,"http://creativecommons.org/licenses/by/4.0/",FALSE,"a7895198-c19a-4213-afbe-aaa1105d1805","none","none",FALSE,"seeds-22-sep-2023","Dr. K. Behn",NA,"WGS84","Magnoliopsida","CL","none","none","LATIN_AMERICA","Chile","NORTH_AMERICA","The Field Museum of Natural History","a7895198-c19a-4213-afbe-aaa1105d1805",NA,NA,NA,"Botany","1228288781","a7895198-c19a-4213-afbe-aaa1105d1805",NA,"V0105955F","F",NA,NA,NA,"Myrceugenia lanceolata (Juss. ex J.St.-Hil.) Kausel",NA,NA,NA,NA,NA,NA,NA,NA,NA,NA,"South America, Chile. [LL]","689b4219-8256-4c6e-890b-2e81405d4c58",NA,NA,NA,"F","ICBN","Chile",NA,NA,NA,NA,"F",NA,NA,"Botany",NA,NA,NA,NA,NA,"Plantae Spermatophyta Dicotyledoneae Myrtaceae",NA,"TGN - Country Centroid","Generalised COUNTRY centroid","2479556","284bdf46-51b8-4340-a10c-05da276a14bc","http://fieldmuseum.org/about/copyright-information","Getty Thesaurus of Geographic Names (TGN)",NA,NA,NA,NA,NA,NA,NA,NA,NA,NA,NA,NA,NA,NA,NA,NA,NA,NA,NA,NA,"http://fm-digital-assets.fieldmuseum.org/519/926/V0105955F.jpg"
"1228394885","Myrceugenia lanceolata (Juss. ex J.St.-Hil.) Kausel",-35.8156,-70.8906,"gass84,ambcol,inmafu","90c853e6-56bd-480b-8e8f-6285c3f8d42b","7b8aff00-a9f8-11d8-944b-b8a03c50a862","3b84ff5b-79ce-427c-acb7-b4004e160f66","7b8aff00-a9f8-11d8-944b-b8a03c50a862","US","EML","2023-09-22T16:42:30.311+00:00","2024-01-25T10:59:43.755+00:00",313,"PRESERVED_SPECIMEN","PRESENT",3185515,6,7707728,220,690,5014,3185514,3185515,3185515,"Myrceugenia lanceolata (Juss. ex J.St.-Hil.) Kausel","Plantae","Tracheophyta","Myrtales","Myrtaceae","Myrceugenia","Myrceugenia lanceolata","Myrceugenia","lanceolata","SPECIES","ACCEPTED","NE",NA,NA,"SOUTH_AMERICA",NA,1885,6,NA,"1885-06",NA,NA,"2023-07-20T21:20:00.000+00:00","2024-01-25T10:59:43.755+00:00",NA,"http://creativecommons.org/licenses/by/4.0/",FALSE,"04d7299f-304a-4cd7-8f3b-841de53b01fc","none","none",TRUE,"seeds-22-sep-2023","H. H. Rusby",NA,"WGS84","Magnoliopsida","CL","none","none","LATIN_AMERICA","Chile","NORTH_AMERICA","The Field Museum of Natural History","04d7299f-304a-4cd7-8f3b-841de53b01fc",NA,NA,NA,"Botany","1228394885","04d7299f-304a-4cd7-8f3b-841de53b01fc",NA,"V0109576F","F",NA,NA,NA,"Myrceugenia lanceolata (Juss. ex J.St.-Hil.) Kausel",NA,NA,NA,NA,NA,NA,NA,NA,NA,NA,"South America, Chile. [LL]","689b4219-8256-4c6e-890b-2e81405d4c58",NA,"582",NA,"F","ICBN","Chile",NA,NA,NA,NA,"F",NA,NA,"Botany",NA,NA,NA,NA,NA,"Plantae Spermatophyta Dicotyledoneae Myrtaceae",NA,"TGN - Country Centroid","Generalised COUNTRY centroid","2430781","284bdf46-51b8-4340-a10c-05da276a14bc","http://fieldmuseum.org/about/copyright-information","Getty Thesaurus of Geographic Names (TGN)",NA,NA,NA,NA,NA,NA,NA,NA,NA,NA,NA,NA,NA,NA,NA,NA,NA,NA,NA,NA,"http://fm-digital-assets.fieldmuseum.org/520/286/V0109576F.jpg"
"1228323224","Myrceugenia lanceolata (Juss. ex J.St.-Hil.) Kausel",-35.8156,-70.8906,"gass84,ambcol,inmafu","90c853e6-56bd-480b-8e8f-6285c3f8d42b","7b8aff00-a9f8-11d8-944b-b8a03c50a862","3b84ff5b-79ce-427c-acb7-b4004e160f66","7b8aff00-a9f8-11d8-944b-b8a03c50a862","US","EML","2023-09-22T16:42:30.311+00:00","2024-01-25T10:59:51.654+00:00",313,"PRESERVED_SPECIMEN","PRESENT",3185515,6,7707728,220,690,5014,3185514,3185515,3185515,"Myrceugenia lanceolata (Juss. ex J.St.-Hil.) Kausel","Plantae","Tracheophyta","Myrtales","Myrtaceae","Myrceugenia","Myrceugenia lanceolata","Myrceugenia","lanceolata","SPECIES","ACCEPTED","NE",NA,NA,"SOUTH_AMERICA",NA,1885,6,NA,"1885-06",NA,NA,"2023-07-20T21:20:00.000+00:00","2024-01-25T10:59:51.654+00:00",NA,"http://creativecommons.org/licenses/by/4.0/",FALSE,"6eb235ce-a5ef-4267-924a-3bebe10f721f","none","none",TRUE,"seeds-22-sep-2023","H. H. Rusby",NA,"WGS84","Magnoliopsida","CL","none","none","LATIN_AMERICA","Chile","NORTH_AMERICA","The Field Museum of Natural History","6eb235ce-a5ef-4267-924a-3bebe10f721f",NA,NA,NA,"Botany","1228323224","6eb235ce-a5ef-4267-924a-3bebe10f721f",NA,"V0109575F","F",NA,NA,NA,"Myrceugenia lanceolata (Juss. ex J.St.-Hil.) Kausel",NA,NA,NA,NA,NA,NA,NA,NA,NA,NA,"South America, Chile. [LL]","689b4219-8256-4c6e-890b-2e81405d4c58",NA,"584",NA,"F","ICBN","Chile",NA,NA,NA,NA,"F",NA,NA,"Botany",NA,NA,NA,NA,NA,"Plantae Spermatophyta Dicotyledoneae Myrtaceae",NA,"TGN - Country Centroid","Generalised COUNTRY centroid","2430720","284bdf46-51b8-4340-a10c-05da276a14bc","http://fieldmuseum.org/about/copyright-information","Getty Thesaurus of Geographic Names (TGN)",NA,NA,NA,NA,NA,NA,NA,NA,NA,NA,NA,NA,NA,NA,NA,NA,NA,NA,NA,NA,"http://fm-digital-assets.fieldmuseum.org/520/285/V0109575F.jpg"
"1228247895","Myrceugenia lanceolata (Juss. ex J.St.-Hil.) Kausel",-35.8156,-70.8906,"gass84,ambcol,inmafu","90c853e6-56bd-480b-8e8f-6285c3f8d42b","7b8aff00-a9f8-11d8-944b-b8a03c50a862","3b84ff5b-79ce-427c-acb7-b4004e160f66","7b8aff00-a9f8-11d8-944b-b8a03c50a862","US","EML","2023-09-22T16:42:30.311+00:00","2024-01-25T11:00:18.250+00:00",313,"PRESERVED_SPECIMEN","PRESENT",3185515,6,7707728,220,690,5014,3185514,3185515,3185515,"Myrceugenia lanceolata (Juss. ex J.St.-Hil.) Kausel","Plantae","Tracheophyta","Myrtales","Myrtaceae","Myrceugenia","Myrceugenia lanceolata","Myrceugenia","lanceolata","SPECIES","ACCEPTED","NE",NA,NA,"SOUTH_AMERICA",NA,1830,1,NA,"1830-01",NA,NA,"2023-07-20T21:19:00.000+00:00","2024-01-25T11:00:18.250+00:00",NA,"http://creativecommons.org/licenses/by/4.0/",FALSE,"f60c689e-a9e5-4936-afc6-f6dc74321b8c","none","none",FALSE,"seeds-22-sep-2023","C. G. Bertero",NA,"WGS84","Magnoliopsida","CL","none","none","LATIN_AMERICA","Chile","NORTH_AMERICA","The Field Museum of Natural History","f60c689e-a9e5-4936-afc6-f6dc74321b8c",NA,NA,NA,"Botany","1228247895","f60c689e-a9e5-4936-afc6-f6dc74321b8c",NA,"V0105977F","F",NA,NA,NA,"Myrceugenia lanceolata (Juss. ex J.St.-Hil.) Kausel",NA,NA,NA,NA,NA,NA,NA,NA,NA,NA,"South America, Chile. [LL]","689b4219-8256-4c6e-890b-2e81405d4c58",NA,"1164",NA,"F","ICBN","Chile",NA,NA,NA,NA,"F",NA,NA,"Botany",NA,NA,NA,NA,NA,"Plantae Spermatophyta Dicotyledoneae Myrtaceae",NA,"TGN - Country Centroid","Generalised COUNTRY centroid","2479543","284bdf46-51b8-4340-a10c-05da276a14bc","http://fieldmuseum.org/about/copyright-information","Getty Thesaurus of Geographic Names (TGN)",NA,NA,NA,NA,NA,NA,NA,NA,NA,NA,NA,NA,NA,NA,NA,NA,NA,NA,NA,NA,"http://fm-digital-assets.fieldmuseum.org/519/948/V0105977F.jpg"
"2270682660","Myrceugenia lanceolata (Juss. ex J.St.-Hil.) Kausel",-33.857845,-71.530697,"cdc,gass84,colmafu,inmafu","e05fd4c2-4d77-4c50-880e-1b22096af300","814cdfb5-d4f8-4453-815f-ea5df98e76bf","ac2ad091-91eb-482d-a73f-061744da5dbf","96710dc8-fecb-440d-ae3e-c34ae8a9616f","US","DWC_ARCHIVE","2024-08-01T19:50:53.747+00:00","2024-08-01T20:02:07.178+00:00",276,"PRESERVED_SPECIMEN","PRESENT",3185515,6,7707728,220,690,5014,3185514,3185515,3185515,"Myrceugenia lanceolata (Juss. ex J.St.-Hil.) Kausel","Plantae","Tracheophyta","Myrtales","Myrtaceae","Myrceugenia","Myrceugenia lanceolata","Myrceugenia","lanceolata","SPECIES","ACCEPTED","NE",NA,4000,"SOUTH_AMERICA","Biobio",NA,NA,NA,NA,NA,NA,"2023-07-16T07:02:03.000+00:00","2024-08-01T20:02:07.178+00:00","https://swbiodiversity.org/seinet/collections/individual/index.php?occid=771558","http://creativecommons.org/licenses/by/4.0/",FALSE,"771558","none","none",FALSE,NA,"Gay, C.",NA,"WGS84","Magnoliopsida","CL","none","none","LATIN_AMERICA","Chile","NORTH_AMERICA",NA,"771558",NA,"Jan 1839",NA,"Plants","2270682660","6954bcd8-4842-43fd-ab46-20f5ae1f5a66","48017","ASU0043319","ASU",NA,NA,NA,"Myrceugenia lanceolata (Juss. ex J.St.-Hil.) Kausel",NA,NA,NA,NA,NA,NA,NA,NA,NA,NA,NA,"530c45d0-e0f7-401d-b3f6-34f58482c485","0bbd7d8f-706c-4e2a-9505-58b142356450","1871","humido",NA,NA,"Concepcion, Florida","Concepcion",NA,NA,NA,NA,NA,NA,"a2e32c87-d320-4a01-bafd-a9182ae2e191","259868","6954bcd8-4842-43fd-ab46-20f5ae1f5a66",NA,"http://creativecommons.org/licenses/by-nc/3.0/","Les","Plantae|Spermatophyta|Tracheophyta|Magnoliophyta|Eudicots|Core Eudicots|Malvids|Rosids|Myrtales|Myrtaceae|Myrceugenia","flowers",NA,NA,NA,NA,NA,"georef batch tool 2012-04-17; GeoLocate",NA,NA,"Landrum","reviewed - high confidence",NA,NA,NA,NA,NA,NA,NA,NA,NA,NA,NA,NA,NA,NA,NA,NA,"https://swbiodiversity.org/imglib/h_seinet/seinet/ASU/ASU0043/ASU0043319_lg.jpg"
"1228612466","Myrceugenia lanceolata (Juss. ex J.St.-Hil.) Kausel",-35.8156,-70.8906,"gass84,ambcol,inmafu","90c853e6-56bd-480b-8e8f-6285c3f8d42b","7b8aff00-a9f8-11d8-944b-b8a03c50a862","3b84ff5b-79ce-427c-acb7-b4004e160f66","7b8aff00-a9f8-11d8-944b-b8a03c50a862","US","EML","2023-09-22T16:42:30.311+00:00","2024-01-25T11:00:15.117+00:00",313,"PRESERVED_SPECIMEN","PRESENT",3185515,6,7707728,220,690,5014,3185514,3185515,3185515,"Myrceugenia lanceolata (Juss. ex J.St.-Hil.) Kausel","Plantae","Tracheophyta","Myrtales","Myrtaceae","Myrceugenia","Myrceugenia lanceolata","Myrceugenia","lanceolata","SPECIES","ACCEPTED","NE",NA,NA,"SOUTH_AMERICA",NA,NA,NA,NA,NA,NA,NA,"2023-07-20T21:19:00.000+00:00","2024-01-25T11:00:15.117+00:00",NA,"http://creativecommons.org/licenses/by/4.0/",FALSE,"9e54948d-d722-4913-a74a-249c65977804","none","none",FALSE,"seeds-22-sep-2023","T. Haenke",NA,"WGS84","Magnoliopsida","CL","none","none","LATIN_AMERICA","Chile","NORTH_AMERICA","The Field Museum of Natural History","9e54948d-d722-4913-a74a-249c65977804",NA,NA,NA,"Botany","1228612466","9e54948d-d722-4913-a74a-249c65977804",NA,"V0105954F","F",NA,NA,NA,"Myrceugenia lanceolata (Juss. ex J.St.-Hil.) Kausel",NA,NA,NA,NA,NA,NA,NA,NA,NA,NA,"South America, Chile. [LL]","689b4219-8256-4c6e-890b-2e81405d4c58",NA,"2147",NA,"F","ICBN","Chile",NA,NA,NA,NA,"F",NA,NA,"Botany",NA,NA,NA,NA,NA,"Plantae Spermatophyta Dicotyledoneae Myrtaceae",NA,"TGN - Country Centroid","Generalised COUNTRY centroid","2479555","284bdf46-51b8-4340-a10c-05da276a14bc","http://fieldmuseum.org/about/copyright-information","Getty Thesaurus of Geographic Names (TGN)",NA,NA,NA,NA,NA,NA,NA,NA,NA,NA,NA,NA,NA,NA,NA,NA,NA,NA,NA,NA,"http://fm-digital-assets.fieldmuseum.org/519/925/V0105954F.jpg"
"1228226230","Myrceugenia lanceolata (Juss. ex J.St.-Hil.) Kausel",-35.8156,-70.8906,"gass84,ambcol,inmafu","90c853e6-56bd-480b-8e8f-6285c3f8d42b","7b8aff00-a9f8-11d8-944b-b8a03c50a862","3b84ff5b-79ce-427c-acb7-b4004e160f66","7b8aff00-a9f8-11d8-944b-b8a03c50a862","US","EML","2023-09-22T16:42:30.311+00:00","2024-01-25T11:00:21.280+00:00",313,"PRESERVED_SPECIMEN","PRESENT",3185515,6,7707728,220,690,5014,3185514,3185515,3185515,"Myrceugenia lanceolata (Juss. ex J.St.-Hil.) Kausel","Plantae","Tracheophyta","Myrtales","Myrtaceae","Myrceugenia","Myrceugenia lanceolata","Myrceugenia","lanceolata","SPECIES","ACCEPTED","NE",NA,NA,"SOUTH_AMERICA",NA,NA,NA,NA,NA,NA,NA,"2023-07-20T21:19:00.000+00:00","2024-01-25T11:00:21.280+00:00",NA,"http://creativecommons.org/licenses/by/4.0/",FALSE,"fd534fbf-9056-4c8a-8875-a585bb61f98f","none","none",FALSE,"seeds-22-sep-2023",NA,NA,"WGS84","Magnoliopsida","CL","none","none","LATIN_AMERICA","Chile","NORTH_AMERICA","The Field Museum of Natural History","fd534fbf-9056-4c8a-8875-a585bb61f98f",NA,NA,NA,"Botany","1228226230","fd534fbf-9056-4c8a-8875-a585bb61f98f",NA,"V0105972F","F",NA,NA,NA,"Myrceugenia lanceolata (Juss. ex J.St.-Hil.) Kausel",NA,NA,NA,NA,NA,NA,NA,NA,NA,NA,"South America, Chile. [LL]","689b4219-8256-4c6e-890b-2e81405d4c58",NA,"144",NA,"F","ICBN","Chile",NA,NA,NA,NA,"F",NA,NA,"Botany",NA,NA,NA,NA,NA,"Plantae Spermatophyta Dicotyledoneae Myrtaceae",NA,"TGN - Country Centroid","Generalised COUNTRY centroid","2479538","284bdf46-51b8-4340-a10c-05da276a14bc","http://fieldmuseum.org/about/copyright-information","Getty Thesaurus of Geographic Names (TGN)",NA,NA,NA,NA,NA,NA,NA,NA,NA,NA,NA,NA,NA,NA,NA,NA,NA,NA,NA,NA,"http://fm-digital-assets.fieldmuseum.org/519/943/V0105972F.jpg"
