"key","scientificName","issues","datasetKey","publishingOrgKey","installationKey","hostingOrganizationKey","publishingCountry","protocol","lastCrawled","lastParsed","crawlId","basisOfRecord","occurrenceStatus","taxonKey","kingdomKey","phylumKey","classKey","orderKey","familyKey","genusKey","speciesKey","acceptedTaxonKey","acceptedScientificName","kingdom","phylum","order","family","genus","species","genericName","specificEpithet","taxonRank","taxonomicStatus","iucnRedListCategory","continent","stateProvince","gadm","higherGeography","year","month","day","eventDate","startDayOfYear","endDayOfYear","modified","lastInterpreted","references","license","isSequenced","identifier","facts","relations","institutionKey","collectionKey","isInCluster","datasetName","recordedBy","preparations","class","countryCode","recordedByIDs","identifiedByIDs","gbifRegion","country","publishedByGbifRegion","rightsHolder","recordNumber","identifier.1","habitat","institutionID","dynamicProperties","locality","fieldNumber","verbatimLocality","collectionCode","gbifID","language","occurrenceID","type","disposition","catalogNumber","institutionCode","accessRights","verbatimElevation","collectionID","reproductiveCondition","name","networkKeys","elevation","higherClassification","decimalLatitude","decimalLongitude","identifiedBy","geodeticDatum","nomenclaturalCode","occurrenceRemarks","elevationAccuracy","verbatimEventDate","locationRemarks","otherCatalogNumbers","county","individualCount","island","identificationRemarks","islandGroup","municipality","georeferenceProtocol","eventRemarks","projectId","programmeAcronym","typeStatus","eventID","footprintSRS","bibliographicCitation","verbatimIdentification","media_url"
"2515700742","Octamyrtus pleiopetala Diels","colmafu,inmafu","15f819bd-6612-4447-854b-14d12ee1022d","396d5f30-dea9-11db-8ab4-b8a03c50a862","65eb93af-41b8-4917-a5fc-cfe2a45aa4bf","396d5f30-dea9-11db-8ab4-b8a03c50a862","NL","DWC_ARCHIVE","2024-07-18T22:01:52.868+00:00","2024-07-18T23:54:11.505+00:00",270,"PRESERVED_SPECIMEN","PRESENT",3188439,6,7707728,220,690,5014,3188438,3188439,3188439,"Octamyrtus pleiopetala Diels","Plantae","Tracheophyta","Myrtales","Myrtaceae","Octamyrtus","Octamyrtus pleiopetala","Octamyrtus","pleiopetala","SPECIES","ACCEPTED","NE","OCEANIA","New Guinea",NA,NA,2009,9,17,"2009-09-17",260,260,NA,"2024-07-18T23:54:11.505+00:00",NA,"http://creativecommons.org/publicdomain/zero/1.0/",FALSE,"L.2068379@BRAHMS","none","none","0e919a55-08d3-4bd2-aec1-200858fafd92","0add23db-a8f7-4d15-95ad-4ed0c5c8a055",FALSE,NA,"Takeuchi WN; Ama D; Gamui B",NA,"Magnoliopsida","PG","none","none","OCEANIA","Papua New Guinea","EUROPE","Naturalis Biodiversity Center","Takeuchi, WN; Ama, D; Gamui, B 24711","L.2068379@BRAHMS","Nothofagus-emergent montane forest on doline karst.","Naturalis Biodiversity Center",NA,"Muller Range, Expedition Camp 2.",NA,NA,"Botany","2515700742",NA,"https://data.biodiversitydata.nl/naturalis/specimen/L.2068379",NA,NA,"L.2068379",NA,NA,"1450.0 m",NA,NA,"Octamyrtus pleiopetala Diels","17abcf75-2f1e-46dd-bf75-a5b21dd02655",NA,"Plantae|Myrtales|Myrtaceae",-5.66017,142.3003,"Takeuchi WN","WGS84","ICN",NA,NA,NA,NA,NA,NA,NA,NA,NA,NA,NA,NA,NA,NA,NA,NA,NA,NA,NA,NA,"https://medialib.naturalis.nl/file/id/L.2068379/format/large"
"2517070005","Octamyrtus pleiopetala Diels","colmafu,inmafu","15f819bd-6612-4447-854b-14d12ee1022d","396d5f30-dea9-11db-8ab4-b8a03c50a862","65eb93af-41b8-4917-a5fc-cfe2a45aa4bf","396d5f30-dea9-11db-8ab4-b8a03c50a862","NL","DWC_ARCHIVE","2024-07-18T22:01:52.868+00:00","2024-07-18T23:56:15.621+00:00",270,"PRESERVED_SPECIMEN","PRESENT",3188439,6,7707728,220,690,5014,3188438,3188439,3188439,"Octamyrtus pleiopetala Diels","Plantae","Tracheophyta","Myrtales","Myrtaceae","Octamyrtus","Octamyrtus pleiopetala","Octamyrtus","pleiopetala","SPECIES","ACCEPTED","NE","OCEANIA","New Guinea",NA,NA,2006,6,NA,"2006-06-01/2006-06-30",152,181,NA,"2024-07-18T23:56:15.621+00:00",NA,"http://creativecommons.org/publicdomain/zero/1.0/",FALSE,"L.3957198@BRAHMS","none","none","0e919a55-08d3-4bd2-aec1-200858fafd92","0add23db-a8f7-4d15-95ad-4ed0c5c8a055",FALSE,NA,"Ama D; Takeuchi WN",NA,"Magnoliopsida","PG","none","none","OCEANIA","Papua New Guinea","EUROPE","Naturalis Biodiversity Center","Ama, D; Takeuchi, WN s.n.","L.3957198@BRAHMS","Lowland foothill forest.","Naturalis Biodiversity Center",NA,"Josephstaal District.",NA,NA,"Botany","2517070005",NA,"https://data.biodiversitydata.nl/naturalis/specimen/L.3957198",NA,NA,"L.3957198",NA,NA,"160.0 m",NA,NA,"Octamyrtus pleiopetala Diels","17abcf75-2f1e-46dd-bf75-a5b21dd02655",NA,"Plantae|Myrtales|Myrtaceae",-4.5,145.03333,"Balgooy MMJ van","WGS84","ICN",NA,NA,NA,NA,NA,NA,NA,NA,NA,NA,NA,NA,NA,NA,NA,NA,NA,NA,NA,NA,"https://medialib.naturalis.nl/file/id/L.3957198/format/large"
"2515195514","Octamyrtus pleiopetala Diels","colmafu,inmafu","15f819bd-6612-4447-854b-14d12ee1022d","396d5f30-dea9-11db-8ab4-b8a03c50a862","65eb93af-41b8-4917-a5fc-cfe2a45aa4bf","396d5f30-dea9-11db-8ab4-b8a03c50a862","NL","DWC_ARCHIVE","2024-07-18T22:01:52.868+00:00","2024-07-18T23:54:49.695+00:00",270,"PRESERVED_SPECIMEN","PRESENT",3188439,6,7707728,220,690,5014,3188438,3188439,3188439,"Octamyrtus pleiopetala Diels","Plantae","Tracheophyta","Myrtales","Myrtaceae","Octamyrtus","Octamyrtus pleiopetala","Octamyrtus","pleiopetala","SPECIES","ACCEPTED","NE","OCEANIA",NA,NA,NA,2005,8,30,"2005-08-30",242,242,NA,"2024-07-18T23:54:49.695+00:00",NA,"http://creativecommons.org/publicdomain/zero/1.0/",FALSE,"L.4165406@BRAHMS","none","none","0e919a55-08d3-4bd2-aec1-200858fafd92","0add23db-a8f7-4d15-95ad-4ed0c5c8a055",FALSE,NA,"Takeuchi WN; Towati A; Ama D",NA,"Magnoliopsida","PG","none","none","OCEANIA","Papua New Guinea","EUROPE","Naturalis Biodiversity Center","Takeuchi, WN; Towati, A; Ama, D 19941","L.4165406@BRAHMS",NA,"Naturalis Biodiversity Center",NA,"Flora of Papua New Guinea. Enga Province; Paiela area, expedition Camp 2, subcrest of limetone ridge near bivouac, mossy montane forest.",NA,NA,"Botany","2515195514",NA,"https://data.biodiversitydata.nl/naturalis/specimen/L.4165406",NA,NA,"L.4165406",NA,NA,NA,NA,NA,"Octamyrtus pleiopetala Diels","17abcf75-2f1e-46dd-bf75-a5b21dd02655",NA,"Plantae|Myrtales|Myrtaceae",-5.59333,142.83528,NA,"WGS84","ICN",NA,NA,NA,NA,NA,NA,NA,NA,NA,NA,NA,NA,NA,NA,NA,NA,NA,NA,NA,NA,"https://medialib.naturalis.nl/file/id/L.4165406/format/large"
"2517164138","Octamyrtus pleiopetala Diels","colmafu,inmafu","15f819bd-6612-4447-854b-14d12ee1022d","396d5f30-dea9-11db-8ab4-b8a03c50a862","65eb93af-41b8-4917-a5fc-cfe2a45aa4bf","396d5f30-dea9-11db-8ab4-b8a03c50a862","NL","DWC_ARCHIVE","2024-07-18T22:01:52.868+00:00","2024-07-18T23:54:49.695+00:00",270,"PRESERVED_SPECIMEN","PRESENT",3188439,6,7707728,220,690,5014,3188438,3188439,3188439,"Octamyrtus pleiopetala Diels","Plantae","Tracheophyta","Myrtales","Myrtaceae","Octamyrtus","Octamyrtus pleiopetala","Octamyrtus","pleiopetala","SPECIES","ACCEPTED","NE","OCEANIA",NA,NA,NA,2005,8,30,"2005-08-30",242,242,NA,"2024-07-18T23:54:49.695+00:00",NA,"http://creativecommons.org/publicdomain/zero/1.0/",FALSE,"L.4165408@BRAHMS","none","none","0e919a55-08d3-4bd2-aec1-200858fafd92","0add23db-a8f7-4d15-95ad-4ed0c5c8a055",FALSE,NA,"Takeuchi WN; Towati A; Ama D",NA,"Magnoliopsida","PG","none","none","OCEANIA","Papua New Guinea","EUROPE","Naturalis Biodiversity Center","Takeuchi, WN; Towati, A; Ama, D 19951","L.4165408@BRAHMS",NA,"Naturalis Biodiversity Center",NA,"Flora of Papua New Guinea. Enga Province; Paiela area, expedition Camp 2, mossy montane forest about halfway to summit of limestone ridge near bivouac.",NA,NA,"Botany","2517164138",NA,"https://data.biodiversitydata.nl/naturalis/specimen/L.4165408",NA,NA,"L.4165408",NA,NA,NA,NA,NA,"Octamyrtus pleiopetala Diels","17abcf75-2f1e-46dd-bf75-a5b21dd02655",NA,"Plantae|Myrtales|Myrtaceae",-5.59833,142.83528,NA,"WGS84","ICN",NA,NA,NA,NA,NA,NA,NA,NA,NA,NA,NA,NA,NA,NA,NA,NA,NA,NA,NA,NA,"https://medialib.naturalis.nl/file/id/L.4165408/format/large"
"2516800393","Octamyrtus pleiopetala Diels","txmathi,colmafu,inmafu","15f819bd-6612-4447-854b-14d12ee1022d","396d5f30-dea9-11db-8ab4-b8a03c50a862","65eb93af-41b8-4917-a5fc-cfe2a45aa4bf","396d5f30-dea9-11db-8ab4-b8a03c50a862","NL","DWC_ARCHIVE","2024-07-18T22:01:52.868+00:00","2024-07-18T23:54:48.657+00:00",270,"PRESERVED_SPECIMEN","PRESENT",3188439,6,7707728,220,690,5014,3188438,3188439,3188439,"Octamyrtus pleiopetala Diels","Plantae","Tracheophyta","Myrtales","Myrtaceae","Octamyrtus","Octamyrtus pleiopetala","Octamyrtus","pleiopetala","SPECIES","ACCEPTED","NE","OCEANIA",NA,NA,NA,1998,7,27,"1998-07-27",208,208,NA,"2024-07-18T23:54:48.657+00:00",NA,"http://creativecommons.org/publicdomain/zero/1.0/",FALSE,"L.4158649@BRAHMS","none","none","0e919a55-08d3-4bd2-aec1-200858fafd92","0add23db-a8f7-4d15-95ad-4ed0c5c8a055",FALSE,NA,"Takeuchi WN",NA,"Magnoliopsida","PG","none","none","OCEANIA","Papua New Guinea","EUROPE","Naturalis Biodiversity Center","Takeuchi, WN 12617","L.4158649@BRAHMS",NA,"Naturalis Biodiversity Center",NA,"Eastern Highlands Province; Crater Mt. Wildlife Management Area, Kusare, GPS 9282779 N, 284262 E.",NA,NA,"Botany","2516800393",NA,"https://data.biodiversitydata.nl/naturalis/specimen/L.4158649",NA,NA,"L.4158649",NA,NA,NA,NA,NA,"Octamyrtus pleiopetala Diels","17abcf75-2f1e-46dd-bf75-a5b21dd02655",NA,"Plantae|Myrtales|Myrtaceae",-6.71667,145,NA,"WGS84","ICN",NA,NA,NA,NA,NA,NA,NA,NA,NA,NA,NA,NA,NA,NA,NA,NA,NA,NA,NA,NA,"https://medialib.naturalis.nl/file/id/L.4158649/format/large"
"4072523902","Octamyrtus pleiopetala Diels","cdc,gass84","b740eaa0-0679-41dc-acb7-990d562dfa37","a344ee9f-f1b7-4761-be2c-58ee6d741395","4c5fccfd-c052-42ec-97ab-a4657ec27751","a344ee9f-f1b7-4761-be2c-58ee6d741395","BE","EML","2024-06-18T08:41:46.137+00:00","2024-06-18T09:35:28.798+00:00",308,"PRESERVED_SPECIMEN","PRESENT",3188439,6,7707728,220,690,5014,3188438,3188439,3188439,"Octamyrtus pleiopetala Diels","Plantae","Tracheophyta","Myrtales","Myrtaceae","Octamyrtus","Octamyrtus pleiopetala","Octamyrtus","pleiopetala","SPECIES","ACCEPTED","NE","OCEANIA",NA,NA,NA,1998,8,14,"1998-08-14",226,226,"2022-12-25T00:00:00.000+00:00","2024-06-18T09:35:28.798+00:00",NA,"http://creativecommons.org/publicdomain/zero/1.0/",FALSE,"http://www.botanicalcollections.be/specimen/BR0000009325241","none","none","3b896e03-901d-4cc7-ac2b-61e0469521b0","6416a67f-3c3e-495c-8998-568f64249178",TRUE,"Meise Botanic Garden Herbarium","Sands M.","HerbariumSheet","Magnoliopsida","ID","none","none","ASIA","Indonesia","EUROPE","Meise Botanic Garden","7178","http://www.botanicalcollections.be/specimen/BR0000009325241",NA,"http://biocol.org/urn:lsid:biocol.org:col:15605",NA,"Mount Jaya, Papua (New Guinea); Mimika Regency. PT-Freeport Indonesia Concession Area: Near Mile Post 54 on Main Road, 22.2 km S of Tembagapura",NA,NA,"BR","4072523902",NA,"http://www.botanicalcollections.be/specimen/BR0000009325241","PhysicalObject",NA,"BR0000009325241","MeiseBG",NA,NA,"gbif:ih:irn:124997",NA,"Octamyrtus pleiopetala Diels","17abcf75-2f1e-46dd-bf75-a5b21dd02655",NA,NA,-4.25,137.016667,NA,"WGS84","ICBN",NA,NA,"[14/8/1998]","Country: Indonesia",NA,NA,NA,NA,NA,NA,NA,NA,NA,NA,NA,NA,NA,NA,NA,NA,"https://oxalis.br.fgov.be/images/BR0/000/009/325/241/BR0000009325241.jpg"
"2517217957","Octamyrtus pleiopetala Diels","colmafu,inmafu","15f819bd-6612-4447-854b-14d12ee1022d","396d5f30-dea9-11db-8ab4-b8a03c50a862","65eb93af-41b8-4917-a5fc-cfe2a45aa4bf","396d5f30-dea9-11db-8ab4-b8a03c50a862","NL","DWC_ARCHIVE","2024-07-18T22:01:52.868+00:00","2024-07-18T23:54:47.631+00:00",270,"PRESERVED_SPECIMEN","PRESENT",3188439,6,7707728,220,690,5014,3188438,3188439,3188439,"Octamyrtus pleiopetala Diels","Plantae","Tracheophyta","Myrtales","Myrtaceae","Octamyrtus","Octamyrtus pleiopetala","Octamyrtus","pleiopetala","SPECIES","ACCEPTED","NE","ASIA","New Guinea",NA,NA,1998,8,14,"1998-08-14",226,226,NA,"2024-07-18T23:54:47.631+00:00",NA,"http://creativecommons.org/publicdomain/zero/1.0/",FALSE,"L.4158584@BRAHMS","none","none","0e919a55-08d3-4bd2-aec1-200858fafd92","0add23db-a8f7-4d15-95ad-4ed0c5c8a055",TRUE,NA,"Sands MJS",NA,"Magnoliopsida","ID","none","none","ASIA","Indonesia","EUROPE","Naturalis Biodiversity Center","Sands, MJS 7178","L.4158584@BRAHMS",NA,"Naturalis Biodiversity Center",NA,"Flora of Mount Jaya, Papua, Indonesia (New Guinea). Mimika Regency, PT-Freeport Indonesia Concession Area: Near Mile Post 54 on Main Road, 22.2 km S of Tembagapura.",NA,NA,"Botany","2517217957",NA,"https://data.biodiversitydata.nl/naturalis/specimen/L.4158584",NA,NA,"L.4158584",NA,NA,"0.0 m",NA,NA,"Octamyrtus pleiopetala Diels","17abcf75-2f1e-46dd-bf75-a5b21dd02655",NA,"Plantae|Myrtales|Myrtaceae",-4.25,137.01667,NA,"WGS84","ICN",NA,NA,NA,NA,NA,NA,NA,NA,NA,NA,NA,NA,NA,NA,NA,NA,NA,NA,NA,NA,"https://medialib.naturalis.nl/file/id/L.4158584/format/large"
"2516476763","Octamyrtus pleiopetala Diels","colmafu,inmafu","15f819bd-6612-4447-854b-14d12ee1022d","396d5f30-dea9-11db-8ab4-b8a03c50a862","65eb93af-41b8-4917-a5fc-cfe2a45aa4bf","396d5f30-dea9-11db-8ab4-b8a03c50a862","NL","DWC_ARCHIVE","2024-07-18T22:01:52.868+00:00","2024-07-18T23:54:19.214+00:00",270,"PRESERVED_SPECIMEN","PRESENT",3188439,6,7707728,220,690,5014,3188438,3188439,3188439,"Octamyrtus pleiopetala Diels","Plantae","Tracheophyta","Myrtales","Myrtaceae","Octamyrtus","Octamyrtus pleiopetala","Octamyrtus","pleiopetala","SPECIES","ACCEPTED","NE","ASIA","Moluccas",NA,NA,1994,11,8,"1994-11-08",312,312,NA,"2024-07-18T23:54:19.214+00:00",NA,"http://creativecommons.org/publicdomain/zero/1.0/",FALSE,"L.2518873@BRAHMS","none","none","0e919a55-08d3-4bd2-aec1-200858fafd92","0add23db-a8f7-4d15-95ad-4ed0c5c8a055",FALSE,NA,"Balgooy MMJ van",NA,"Magnoliopsida","ID","none","none","ASIA","Indonesia","EUROPE","Naturalis Biodiversity Center","Balgooy, MMJ van 6903","L.2518873@BRAHMS",NA,"Naturalis Biodiversity Center",NA,NA,NA,NA,"Botany","2516476763",NA,"https://data.biodiversitydata.nl/naturalis/specimen/L.2518873",NA,NA,"L.2518873",NA,NA,NA,NA,NA,"Octamyrtus pleiopetala Diels","17abcf75-2f1e-46dd-bf75-a5b21dd02655",NA,"Plantae|Myrtales|Myrtaceae",-6.26667,134.26666,NA,"WGS84","ICN",NA,NA,NA,NA,"L  0367814",NA,NA,NA,NA,NA,NA,NA,NA,NA,NA,NA,NA,NA,NA,NA,"https://medialib.naturalis.nl/file/id/L.2518873/format/large"
"2515171467","Octamyrtus pleiopetala Diels","colmafu,inmafu","15f819bd-6612-4447-854b-14d12ee1022d","396d5f30-dea9-11db-8ab4-b8a03c50a862","65eb93af-41b8-4917-a5fc-cfe2a45aa4bf","396d5f30-dea9-11db-8ab4-b8a03c50a862","NL","DWC_ARCHIVE","2024-07-18T22:01:52.868+00:00","2024-07-18T23:54:44.394+00:00",270,"PRESERVED_SPECIMEN","PRESENT",3188439,6,7707728,220,690,5014,3188438,3188439,3188439,"Octamyrtus pleiopetala Diels","Plantae","Tracheophyta","Myrtales","Myrtaceae","Octamyrtus","Octamyrtus pleiopetala","Octamyrtus","pleiopetala","SPECIES","ACCEPTED","NE","ASIA",NA,NA,NA,1992,10,NA,"1992-10-01/1992-10-31",275,305,NA,"2024-07-18T23:54:44.394+00:00",NA,"http://creativecommons.org/publicdomain/zero/1.0/",FALSE,"L.3927763@BRAHMS","none","none","0e919a55-08d3-4bd2-aec1-200858fafd92","0add23db-a8f7-4d15-95ad-4ed0c5c8a055",FALSE,NA,"Milliken W",NA,"Magnoliopsida","ID","none","none","ASIA","Indonesia","EUROPE","Naturalis Biodiversity Center","Milliken, W 1290","L.3927763@BRAHMS",NA,"Naturalis Biodiversity Center",NA,"FLORA OF WEST IRIAN. Snow Mountains region, E of the Baliem valley. Kab. Jayawijaya, Kec. Kurima, Vicinity of Ilamik village (1hr walk east of Pronggoli).",NA,NA,"Botany","2515171467",NA,"https://data.biodiversitydata.nl/naturalis/specimen/L.3927763",NA,NA,"L.3927763",NA,NA,NA,NA,NA,"Octamyrtus pleiopetala Diels","17abcf75-2f1e-46dd-bf75-a5b21dd02655",NA,"Plantae|Myrtales|Myrtaceae",-4.23333,139.33333,NA,"WGS84","ICN",NA,NA,NA,NA,NA,NA,NA,NA,NA,NA,NA,NA,NA,NA,NA,NA,NA,NA,NA,NA,"https://medialib.naturalis.nl/file/id/L.3927763/format/large"
"2516211599","Octamyrtus pleiopetala Diels","colmafu,inmafu","15f819bd-6612-4447-854b-14d12ee1022d","396d5f30-dea9-11db-8ab4-b8a03c50a862","65eb93af-41b8-4917-a5fc-cfe2a45aa4bf","396d5f30-dea9-11db-8ab4-b8a03c50a862","NL","DWC_ARCHIVE","2024-07-18T22:01:52.868+00:00","2024-07-18T23:54:19.214+00:00",270,"PRESERVED_SPECIMEN","PRESENT",3188439,6,7707728,220,690,5014,3188438,3188439,3188439,"Octamyrtus pleiopetala Diels","Plantae","Tracheophyta","Myrtales","Myrtaceae","Octamyrtus","Octamyrtus pleiopetala","Octamyrtus","pleiopetala","SPECIES","ACCEPTED","NE","ASIA","New Guinea",NA,NA,1991,5,15,"1991-05-15",135,135,NA,"2024-07-18T23:54:19.214+00:00",NA,"http://creativecommons.org/publicdomain/zero/1.0/",FALSE,"L.2518839@BRAHMS","none","none","0e919a55-08d3-4bd2-aec1-200858fafd92","0add23db-a8f7-4d15-95ad-4ed0c5c8a055",TRUE,NA,"Burley JS; Ismail",NA,"Magnoliopsida","ID","none","none","ASIA","Indonesia","EUROPE","Naturalis Biodiversity Center","Burley, JS; Ismail 4504","L.2518839@BRAHMS",NA,"Naturalis Biodiversity Center",NA,"Plants of New Guinea. Irian Jaya: Baliem valley; North of km 39 on Warnena- Passvalley road/path.",NA,NA,"Botany","2516211599",NA,"https://data.biodiversitydata.nl/naturalis/specimen/L.2518839",NA,NA,"L.2518839",NA,NA,NA,NA,NA,"Octamyrtus pleiopetala Diels","17abcf75-2f1e-46dd-bf75-a5b21dd02655",NA,"Plantae|Myrtales|Myrtaceae",-3.66667,139,NA,"WGS84","ICN",NA,NA,NA,NA,NA,NA,NA,NA,NA,NA,NA,NA,NA,NA,NA,NA,NA,NA,NA,NA,"https://medialib.naturalis.nl/file/id/L.2518839/format/large"
"2515263903","Octamyrtus pleiopetala Diels","colmafu,inmafu","15f819bd-6612-4447-854b-14d12ee1022d","396d5f30-dea9-11db-8ab4-b8a03c50a862","65eb93af-41b8-4917-a5fc-cfe2a45aa4bf","396d5f30-dea9-11db-8ab4-b8a03c50a862","NL","DWC_ARCHIVE","2024-07-18T22:01:52.868+00:00","2024-07-18T23:54:47.462+00:00",270,"PRESERVED_SPECIMEN","PRESENT",3188439,6,7707728,220,690,5014,3188438,3188439,3188439,"Octamyrtus pleiopetala Diels","Plantae","Tracheophyta","Myrtales","Myrtaceae","Octamyrtus","Octamyrtus pleiopetala","Octamyrtus","pleiopetala","SPECIES","ACCEPTED","NE","OCEANIA",NA,NA,NA,1991,7,31,"1991-07-31",212,212,NA,"2024-07-18T23:54:47.462+00:00",NA,"http://creativecommons.org/publicdomain/zero/1.0/",FALSE,"L.4147413@BRAHMS","none","none","0e919a55-08d3-4bd2-aec1-200858fafd92","0add23db-a8f7-4d15-95ad-4ed0c5c8a055",FALSE,NA,"Takeuchi WN",NA,"Magnoliopsida","PG","none","none","OCEANIA","Papua New Guinea","EUROPE","Naturalis Biodiversity Center","Takeuchi, WN 7223","L.4147413@BRAHMS",NA,"Naturalis Biodiversity Center",NA,"Plants of Papua New Guinea. Southern Highlands Province: ridge complex c. 20 km NW of Mendi.",NA,NA,"Botany","2515263903",NA,"https://data.biodiversitydata.nl/naturalis/specimen/L.4147413",NA,NA,"L.4147413",NA,NA,NA,NA,NA,"Octamyrtus pleiopetala Diels","17abcf75-2f1e-46dd-bf75-a5b21dd02655",NA,"Plantae|Myrtales|Myrtaceae",-6.11667,143.6,NA,"WGS84","ICN",NA,NA,NA,NA,NA,NA,NA,NA,NA,NA,NA,NA,NA,NA,NA,NA,NA,NA,NA,NA,"https://medialib.naturalis.nl/file/id/L.4147413/format/large"
"2516439754","Octamyrtus pleiopetala Diels","colmafu,inmafu","15f819bd-6612-4447-854b-14d12ee1022d","396d5f30-dea9-11db-8ab4-b8a03c50a862","65eb93af-41b8-4917-a5fc-cfe2a45aa4bf","396d5f30-dea9-11db-8ab4-b8a03c50a862","NL","DWC_ARCHIVE","2024-07-18T22:01:52.868+00:00","2024-07-18T23:54:19.245+00:00",270,"PRESERVED_SPECIMEN","PRESENT",3188439,6,7707728,220,690,5014,3188438,3188439,3188439,"Octamyrtus pleiopetala Diels","Plantae","Tracheophyta","Myrtales","Myrtaceae","Octamyrtus","Octamyrtus pleiopetala","Octamyrtus","pleiopetala","SPECIES","ACCEPTED","NE","OCEANIA","New Guinea",NA,NA,1989,3,11,"1989-03-11",70,70,NA,"2024-07-18T23:54:19.245+00:00",NA,"http://creativecommons.org/publicdomain/zero/1.0/",FALSE,"L.2518843@BRAHMS","none","none","0e919a55-08d3-4bd2-aec1-200858fafd92","0add23db-a8f7-4d15-95ad-4ed0c5c8a055",TRUE,NA,"Takeuchi WN",NA,"Magnoliopsida","PG","none","none","OCEANIA","Papua New Guinea","EUROPE","Naturalis Biodiversity Center","Takeuchi, WN 4502","L.2518843@BRAHMS",NA,"Naturalis Biodiversity Center",NA,"Plants of Papua New Gu8inea. Morobe Province; Manki range.",NA,NA,"Botany","2516439754",NA,"https://data.biodiversitydata.nl/naturalis/specimen/L.2518843",NA,NA,"L.2518843",NA,NA,NA,NA,NA,"Octamyrtus pleiopetala Diels","17abcf75-2f1e-46dd-bf75-a5b21dd02655",NA,"Plantae|Myrtales|Myrtaceae",-7.26667,146.6,NA,"WGS84","ICN",NA,NA,NA,NA,NA,NA,NA,NA,NA,NA,NA,NA,NA,NA,NA,NA,NA,NA,NA,NA,"https://medialib.naturalis.nl/file/id/L.2518843/format/large"
"2236092405","Octamyrtus pleiopetala Diels","ccm,gass84,osiic","821cc27a-e3bb-4bc5-ac34-89ada245069d","bc092ff0-02e4-11dc-991f-b8a03c50a862","b2ff19b5-d74f-40d2-82f1-ec5db01e8e31","bc092ff0-02e4-11dc-991f-b8a03c50a862","US","EML","2024-08-02T10:48:24.215+00:00","2024-08-02T12:40:01.742+00:00",403,"PRESERVED_SPECIMEN","PRESENT",3188439,6,7707728,220,690,5014,3188438,3188439,3188439,"Octamyrtus pleiopetala Diels","Plantae","Tracheophyta","Myrtales","Myrtaceae","Octamyrtus","Octamyrtus pleiopetala","Octamyrtus","pleiopetala","SPECIES","ACCEPTED","NE","ASIA",NA,NA,"Asia-Tropical, Papua New Guinea",1989,10,3,"1989-10-03",276,276,"2019-02-04T13:27:00.000+00:00","2024-08-02T12:40:01.742+00:00",NA,"http://creativecommons.org/publicdomain/zero/1.0/",FALSE,"http://n2t.net/ark:/65665/3c77140c7-86d1-4dcd-9532-66f3c2888aae","none","none","be5b9c72-e499-42b8-a5dc-c27505cf232e","151c91ba-a521-4735-8c11-5abf8db7fb67",FALSE,"NMNH Extant Biology","P. Katik & A. Kairo",NA,"Magnoliopsida","PG","none","none","OCEANIA","Papua New Guinea","NORTH_AMERICA",NA,"LAE64384","http://n2t.net/ark:/65665/3c77140c7-86d1-4dcd-9532-66f3c2888aae",NA,"urn:lsid:biocol.org:col:15463",NA,"[Hunstein Range]. East Sepik.",NA,NA,"US","2236092405",NA,"http://n2t.net/ark:/65665/3c77140c7-86d1-4dcd-9532-66f3c2888aae",NA,NA,"US 3338358","US",NA,NA,"urn:uuid:60e28f81-e634-4869-aa3e-732caed713c8",NA,"Octamyrtus pleiopetala Diels","99d66b6c-9087-452f-a9d4-f15f2c2d0e7e",1500,"Plantae, Dicotyledonae, Myrtales, Myrtaceae, Myrtoideae",-4.5,142.67,NA,"WGS84",NA,NA,NA,NA,NA,NA,NA,1,NA,NA,NA,NA,NA,NA,NA,NA,NA,NA,NA,NA,NA,"http://n2t.net/ark:/65665/m3433590c1-d19c-4f3b-839d-ca03454afe8a"
"2514449834","Octamyrtus pleiopetala Diels","colmafu,inmafu","15f819bd-6612-4447-854b-14d12ee1022d","396d5f30-dea9-11db-8ab4-b8a03c50a862","65eb93af-41b8-4917-a5fc-cfe2a45aa4bf","396d5f30-dea9-11db-8ab4-b8a03c50a862","NL","DWC_ARCHIVE","2024-07-18T22:01:52.868+00:00","2024-07-18T23:54:19.557+00:00",270,"PRESERVED_SPECIMEN","PRESENT",3188439,6,7707728,220,690,5014,3188438,3188439,3188439,"Octamyrtus pleiopetala Diels","Plantae","Tracheophyta","Myrtales","Myrtaceae","Octamyrtus","Octamyrtus pleiopetala","Octamyrtus","pleiopetala","SPECIES","ACCEPTED","NE","OCEANIA","New Guinea",NA,NA,1989,10,3,"1989-10-03",276,276,NA,"2024-07-18T23:54:19.557+00:00",NA,"http://creativecommons.org/publicdomain/zero/1.0/",FALSE,"L.2518840@BRAHMS","none","none","0e919a55-08d3-4bd2-aec1-200858fafd92","0add23db-a8f7-4d15-95ad-4ed0c5c8a055",TRUE,NA,"Katik P; Kairo A",NA,"Magnoliopsida","PG","none","none","OCEANIA","Papua New Guinea","EUROPE","Naturalis Biodiversity Center","Katik, P; Kairo, A LAE 64384","L.2518840@BRAHMS",NA,"Naturalis Biodiversity Center",NA,"Papua New Guinea East Sepik.",NA,NA,"Botany","2514449834",NA,"https://data.biodiversitydata.nl/naturalis/specimen/L.2518840",NA,NA,"L.2518840",NA,NA,NA,NA,NA,"Octamyrtus pleiopetala Diels","17abcf75-2f1e-46dd-bf75-a5b21dd02655",NA,"Plantae|Myrtales|Myrtaceae",-4.5,142.66667,NA,"WGS84","ICN",NA,NA,NA,NA,NA,NA,NA,NA,NA,NA,NA,NA,NA,NA,NA,NA,NA,NA,NA,NA,"https://medialib.naturalis.nl/file/id/L.2518840/format/large"
"2515171517","Octamyrtus pleiopetala Diels","txmathi,colmafu,inmafu","15f819bd-6612-4447-854b-14d12ee1022d","396d5f30-dea9-11db-8ab4-b8a03c50a862","65eb93af-41b8-4917-a5fc-cfe2a45aa4bf","396d5f30-dea9-11db-8ab4-b8a03c50a862","NL","DWC_ARCHIVE","2024-07-18T22:01:52.868+00:00","2024-07-18T23:54:43.507+00:00",270,"PRESERVED_SPECIMEN","PRESENT",3188439,6,7707728,220,690,5014,3188438,3188439,3188439,"Octamyrtus pleiopetala Diels","Plantae","Tracheophyta","Myrtales","Myrtaceae","Octamyrtus","Octamyrtus pleiopetala","Octamyrtus","pleiopetala","SPECIES","ACCEPTED","NE","OCEANIA",NA,NA,NA,1987,6,25,"1987-06-25",176,176,NA,"2024-07-18T23:54:43.507+00:00",NA,"http://creativecommons.org/publicdomain/zero/1.0/",FALSE,"L.3931827@BRAHMS","none","none","0e919a55-08d3-4bd2-aec1-200858fafd92","0add23db-a8f7-4d15-95ad-4ed0c5c8a055",FALSE,NA,"Wiakabu J; Gideon OG",NA,"Magnoliopsida","PG","none","none","OCEANIA","Papua New Guinea","EUROPE","Naturalis Biodiversity Center","Wiakabu, J; Gideon, OG LAE 50620","L.3931827@BRAHMS",NA,"Naturalis Biodiversity Center",NA,"near Hama range west of Aseki, Menyamya District, Morobe Province.",NA,NA,"Botany","2515171517",NA,"https://data.biodiversitydata.nl/naturalis/specimen/L.3931827",NA,NA,"L.3931827",NA,NA,NA,NA,NA,"Octamyrtus pleiopetala Diels","17abcf75-2f1e-46dd-bf75-a5b21dd02655",NA,"Plantae|Myrtales|Myrtaceae",-7.36667,146.18333,NA,"WGS84","ICN",NA,NA,NA,NA,NA,NA,NA,NA,NA,NA,NA,NA,NA,NA,NA,NA,NA,NA,NA,NA,"https://medialib.naturalis.nl/file/id/L.3931827/format/large"
"2514429880","Octamyrtus pleiopetala Diels","colmafu,inmafu","15f819bd-6612-4447-854b-14d12ee1022d","396d5f30-dea9-11db-8ab4-b8a03c50a862","65eb93af-41b8-4917-a5fc-cfe2a45aa4bf","396d5f30-dea9-11db-8ab4-b8a03c50a862","NL","DWC_ARCHIVE","2024-07-18T22:01:52.868+00:00","2024-07-18T23:54:19.558+00:00",270,"PRESERVED_SPECIMEN","PRESENT",3188439,6,7707728,220,690,5014,3188438,3188439,3188439,"Octamyrtus pleiopetala Diels","Plantae","Tracheophyta","Myrtales","Myrtaceae","Octamyrtus","Octamyrtus pleiopetala","Octamyrtus","pleiopetala","SPECIES","ACCEPTED","NE","OCEANIA","New Guinea",NA,NA,1986,9,2,"1986-09-02",245,245,NA,"2024-07-18T23:54:19.558+00:00",NA,"http://creativecommons.org/publicdomain/zero/1.0/",FALSE,"L.2518844@BRAHMS","none","none","0e919a55-08d3-4bd2-aec1-200858fafd92","0add23db-a8f7-4d15-95ad-4ed0c5c8a055",FALSE,NA,"Gideon OG",NA,"Magnoliopsida","PG","none","none","OCEANIA","Papua New Guinea","EUROPE","Naturalis Biodiversity Center","Gideon, OG LAE 57462","L.2518844@BRAHMS",NA,"Naturalis Biodiversity Center",NA,"Flora of Papua. Bosavi Mission-Mulimia Govt. Stn. track, Tari Subprovince, Southern Highlands Province.",NA,NA,"Botany","2514429880",NA,"https://data.biodiversitydata.nl/naturalis/specimen/L.2518844",NA,NA,"L.2518844",NA,NA,NA,NA,NA,"Octamyrtus pleiopetala Diels","17abcf75-2f1e-46dd-bf75-a5b21dd02655",NA,"Plantae|Myrtales|Myrtaceae",-6.46667,142.83333,NA,"WGS84","ICN",NA,NA,NA,NA,NA,NA,NA,NA,NA,NA,NA,NA,NA,NA,NA,NA,NA,NA,NA,NA,"https://medialib.naturalis.nl/file/id/L.2518844/format/large"
"2516453770","Octamyrtus pleiopetala Diels","txmathi,colmafu,inmafu","15f819bd-6612-4447-854b-14d12ee1022d","396d5f30-dea9-11db-8ab4-b8a03c50a862","65eb93af-41b8-4917-a5fc-cfe2a45aa4bf","396d5f30-dea9-11db-8ab4-b8a03c50a862","NL","DWC_ARCHIVE","2024-07-18T22:01:52.868+00:00","2024-07-18T23:55:56.986+00:00",270,"PRESERVED_SPECIMEN","PRESENT",3188439,6,7707728,220,690,5014,3188438,3188439,3188439,"Octamyrtus pleiopetala Diels","Plantae","Tracheophyta","Myrtales","Myrtaceae","Octamyrtus","Octamyrtus pleiopetala","Octamyrtus","pleiopetala","SPECIES","ACCEPTED","NE","OCEANIA","New Guinea",NA,NA,1981,5,30,"1981-05-30",150,150,NA,"2024-07-18T23:55:56.986+00:00",NA,"http://creativecommons.org/publicdomain/zero/1.0/",FALSE,"L.2518799@BRAHMS","none","none","0e919a55-08d3-4bd2-aec1-200858fafd92","0add23db-a8f7-4d15-95ad-4ed0c5c8a055",FALSE,NA,"Kerenga K",NA,"Magnoliopsida","PG","none","none","OCEANIA","Papua New Guinea","EUROPE","Naturalis Biodiversity Center","Kerenga, K 77606","L.2518799@BRAHMS",NA,"Naturalis Biodiversity Center",NA,"Flora of New Guinea. Wambanguiak, Wantoat Sub-province. Morobe Province.",NA,NA,"Botany","2516453770",NA,"https://data.biodiversitydata.nl/naturalis/specimen/L.2518799",NA,NA,"L.2518799",NA,NA,NA,NA,NA,"Octamyrtus pleiopetala Diels","17abcf75-2f1e-46dd-bf75-a5b21dd02655",NA,"Plantae|Myrtales|Myrtaceae",-6.16667,146.5,NA,"WGS84","ICN",NA,NA,NA,NA,NA,NA,NA,NA,NA,NA,NA,NA,NA,NA,NA,NA,NA,NA,NA,NA,"https://medialib.naturalis.nl/file/id/L.2518799/format/large"
"2516296591","Octamyrtus pleiopetala Diels","colmafu,inmafu","15f819bd-6612-4447-854b-14d12ee1022d","396d5f30-dea9-11db-8ab4-b8a03c50a862","65eb93af-41b8-4917-a5fc-cfe2a45aa4bf","396d5f30-dea9-11db-8ab4-b8a03c50a862","NL","DWC_ARCHIVE","2024-07-18T22:01:52.868+00:00","2024-07-18T23:54:19.466+00:00",270,"PRESERVED_SPECIMEN","PRESENT",3188439,6,7707728,220,690,5014,3188438,3188439,3188439,"Octamyrtus pleiopetala Diels","Plantae","Tracheophyta","Myrtales","Myrtaceae","Octamyrtus","Octamyrtus pleiopetala","Octamyrtus","pleiopetala","SPECIES","ACCEPTED","NE","ASIA","New Guinea",NA,NA,1976,3,11,"1976-03-11",71,71,NA,"2024-07-18T23:54:19.466+00:00",NA,"http://creativecommons.org/publicdomain/zero/1.0/",FALSE,"L.2518827@BRAHMS","none","none","0e919a55-08d3-4bd2-aec1-200858fafd92","0add23db-a8f7-4d15-95ad-4ed0c5c8a055",FALSE,NA,"Hiepko PH; Schultze-Motel W",NA,"Magnoliopsida","ID","none","none","ASIA","Indonesia","EUROPE","Naturalis Biodiversity Center","Hiepko, PH; Schultze-Motel, W 1378","L.2518827@BRAHMS",NA,"Naturalis Biodiversity Center",NA,"Flora von West-Irian. Eipomek-Tal: Bergwald östlich des oberen Eipomek, am Weg in Richtung Larye Strauch. Petalen weisslich.",NA,NA,"Botany","2516296591",NA,"https://data.biodiversitydata.nl/naturalis/specimen/L.2518827",NA,NA,"L.2518827",NA,NA,NA,NA,NA,"Octamyrtus pleiopetala Diels","17abcf75-2f1e-46dd-bf75-a5b21dd02655",NA,"Plantae|Myrtales|Myrtaceae",-4.41667,140.01667,NA,"WGS84","ICN",NA,NA,NA,NA,NA,NA,NA,NA,NA,NA,NA,NA,NA,NA,NA,NA,NA,NA,NA,NA,"https://medialib.naturalis.nl/file/id/L.2518827/format/large"
"1319504162","Octamyrtus pleiopetala Diels","gass84,rdativ,rdatm,osiic","821cc27a-e3bb-4bc5-ac34-89ada245069d","bc092ff0-02e4-11dc-991f-b8a03c50a862","b2ff19b5-d74f-40d2-82f1-ec5db01e8e31","bc092ff0-02e4-11dc-991f-b8a03c50a862","US","EML","2024-08-02T10:48:24.215+00:00","2024-08-02T12:41:16.326+00:00",403,"PRESERVED_SPECIMEN","PRESENT",3188439,6,7707728,220,690,5014,3188438,3188439,3188439,"Octamyrtus pleiopetala Diels","Plantae","Tracheophyta","Myrtales","Myrtaceae","Octamyrtus","Octamyrtus pleiopetala","Octamyrtus","pleiopetala","SPECIES","ACCEPTED","NE","ASIA","Papua",NA,"Asia-Tropical, Indonesia, Papua, New Guinea I.",1976,NA,NA,"1976",NA,NA,"2021-11-18T11:48:00.000+00:00","2024-08-02T12:41:16.326+00:00",NA,"http://creativecommons.org/publicdomain/zero/1.0/",FALSE,"http://n2t.net/ark:/65665/365d09f75-5ad0-4fd1-939b-5e8fe5f348c1","none","none","be5b9c72-e499-42b8-a5dc-c27505cf232e","151c91ba-a521-4735-8c11-5abf8db7fb67",FALSE,"NMNH Extant Biology","P. H. Hiepko & W. Schultze-Motel",NA,"Magnoliopsida","ID","none","none","ASIA","Indonesia","NORTH_AMERICA",NA,"1378","http://n2t.net/ark:/65665/365d09f75-5ad0-4fd1-939b-5e8fe5f348c1",NA,"urn:lsid:biocol.org:col:15463",NA,"Irian Barat, Irian Jaya.",NA,NA,"US","1319504162",NA,"http://n2t.net/ark:/65665/365d09f75-5ad0-4fd1-939b-5e8fe5f348c1",NA,NA,"US 3038697","US",NA,NA,"urn:uuid:60e28f81-e634-4869-aa3e-732caed713c8",NA,"Octamyrtus pleiopetala Diels","99d66b6c-9087-452f-a9d4-f15f2c2d0e7e",2000,"Plantae, Dicotyledonae, Myrtales, Myrtaceae, Myrtoideae",-4.4167,140.017,NA,"WGS84",NA,NA,100,"11 Mar 1976 or 03 Nov 1976",NA,NA,NA,1,"New Guinea I.",NA,NA,NA,NA,NA,NA,NA,NA,NA,NA,NA,NA,"http://n2t.net/ark:/65665/m30b9ddc33-e2cc-4c03-a1d3-cca641fef78b"
"2514445832","Octamyrtus pleiopetala Diels","colmafu,inmafu","15f819bd-6612-4447-854b-14d12ee1022d","396d5f30-dea9-11db-8ab4-b8a03c50a862","65eb93af-41b8-4917-a5fc-cfe2a45aa4bf","396d5f30-dea9-11db-8ab4-b8a03c50a862","NL","DWC_ARCHIVE","2024-07-18T22:01:52.868+00:00","2024-07-18T23:54:19.484+00:00",270,"PRESERVED_SPECIMEN","PRESENT",3188439,6,7707728,220,690,5014,3188438,3188439,3188439,"Octamyrtus pleiopetala Diels","Plantae","Tracheophyta","Myrtales","Myrtaceae","Octamyrtus","Octamyrtus pleiopetala","Octamyrtus","pleiopetala","SPECIES","ACCEPTED","NE","OCEANIA","New Guinea",NA,NA,1975,3,27,"1975-03-27",86,86,NA,"2024-07-18T23:54:19.484+00:00",NA,"http://creativecommons.org/publicdomain/zero/1.0/",FALSE,"L.2518826@BRAHMS","none","none","0e919a55-08d3-4bd2-aec1-200858fafd92","0add23db-a8f7-4d15-95ad-4ed0c5c8a055",TRUE,NA,"Veldkamp JF",NA,"Magnoliopsida","PG","none","none","OCEANIA","Papua New Guinea","EUROPE","Naturalis Biodiversity Center","Veldkamp, JF 6180","L.2518826@BRAHMS",NA,"Naturalis Biodiversity Center",NA,"Plants of New Guinea. Star Mts., W. Sepik. Busilmin. Slopes above and banks o of OK Din R.",NA,NA,"Botany","2514445832",NA,"https://data.biodiversitydata.nl/naturalis/specimen/L.2518826",NA,NA,"L.2518826",NA,NA,"0.0 m",NA,NA,"Octamyrtus pleiopetala Diels","17abcf75-2f1e-46dd-bf75-a5b21dd02655",NA,"Plantae|Myrtales|Myrtaceae",-5,141.08333,NA,"WGS84","ICN",NA,NA,NA,NA,NA,NA,NA,NA,NA,NA,NA,NA,NA,NA,NA,NA,NA,NA,NA,NA,"https://medialib.naturalis.nl/file/id/L.2518826/format/large"
"2516322663","Octamyrtus pleiopetala Diels","colmafu,inmafu","15f819bd-6612-4447-854b-14d12ee1022d","396d5f30-dea9-11db-8ab4-b8a03c50a862","65eb93af-41b8-4917-a5fc-cfe2a45aa4bf","396d5f30-dea9-11db-8ab4-b8a03c50a862","NL","DWC_ARCHIVE","2024-07-18T22:01:52.868+00:00","2024-07-18T23:54:19.501+00:00",270,"PRESERVED_SPECIMEN","PRESENT",3188439,6,7707728,220,690,5014,3188438,3188439,3188439,"Octamyrtus pleiopetala Diels","Plantae","Tracheophyta","Myrtales","Myrtaceae","Octamyrtus","Octamyrtus pleiopetala","Octamyrtus","pleiopetala","SPECIES","ACCEPTED","NE","OCEANIA","New Guinea",NA,NA,1968,10,16,"1968-10-16",290,290,NA,"2024-07-18T23:54:19.501+00:00",NA,"http://creativecommons.org/publicdomain/zero/1.0/",FALSE,"L.2518822@BRAHMS","none","none","0e919a55-08d3-4bd2-aec1-200858fafd92","0add23db-a8f7-4d15-95ad-4ed0c5c8a055",FALSE,NA,"Henty EE; Isgar R; Galore M",NA,"Magnoliopsida","PG","none","none","OCEANIA","Papua New Guinea","EUROPE","Naturalis Biodiversity Center","Henty, EE; Isgar, R; Galore, M NGF 41583","L.2518822@BRAHMS",NA,"Naturalis Biodiversity Center",NA,"Flora of New Guinea. oksapmin, Telefomin subdist., West Sepik District, T.N.G.",NA,NA,"Botany","2516322663",NA,"https://data.biodiversitydata.nl/naturalis/specimen/L.2518822",NA,NA,"L.2518822",NA,NA,NA,NA,NA,"Octamyrtus pleiopetala Diels","17abcf75-2f1e-46dd-bf75-a5b21dd02655",NA,"Plantae|Myrtales|Myrtaceae",-5.33333,142.25,NA,"WGS84","ICN",NA,NA,NA,NA,NA,NA,NA,NA,NA,NA,NA,NA,NA,NA,NA,NA,NA,NA,NA,NA,"https://medialib.naturalis.nl/file/id/L.2518822/format/large"
"2516305677","Octamyrtus pleiopetala Diels","cucdmis,colmafu,inmafu","15f819bd-6612-4447-854b-14d12ee1022d","396d5f30-dea9-11db-8ab4-b8a03c50a862","65eb93af-41b8-4917-a5fc-cfe2a45aa4bf","396d5f30-dea9-11db-8ab4-b8a03c50a862","NL","DWC_ARCHIVE","2024-07-18T22:01:52.868+00:00","2024-07-18T23:54:19.466+00:00",270,"PRESERVED_SPECIMEN","PRESENT",3188439,6,7707728,220,690,5014,3188438,3188439,3188439,"Octamyrtus pleiopetala Diels","Plantae","Tracheophyta","Myrtales","Myrtaceae","Octamyrtus","Octamyrtus pleiopetala","Octamyrtus","pleiopetala","SPECIES","ACCEPTED","NE","OCEANIA","New Guinea",NA,NA,1967,6,20,"1967-06-20",171,171,NA,"2024-07-18T23:54:19.466+00:00",NA,"http://creativecommons.org/publicdomain/zero/1.0/",FALSE,"L.2518823@BRAHMS","none","none","0e919a55-08d3-4bd2-aec1-200858fafd92","0add23db-a8f7-4d15-95ad-4ed0c5c8a055",FALSE,NA,"Ridsdale CE; Henty EE; Galore M",NA,"Magnoliopsida","PG","none","none","OCEANIA","Papua New Guinea","EUROPE","Naturalis Biodiversity Center","Ridsdale, CE; Henty, EE; Galore, M NGF 33140","L.2518823@BRAHMS",NA,"Naturalis Biodiversity Center",NA,"Flora of New Guinea. Okwalimkan river headwaters, West Irian.",NA,NA,"Botany","2516305677",NA,"https://data.biodiversitydata.nl/naturalis/specimen/L.2518823",NA,NA,"L.2518823",NA,NA,NA,NA,NA,"Octamyrtus pleiopetala Diels","17abcf75-2f1e-46dd-bf75-a5b21dd02655",NA,"Plantae|Myrtales|Myrtaceae",-5.03333,140.91667,NA,"WGS84","ICN",NA,NA,NA,NA,NA,NA,NA,NA,NA,NA,NA,NA,NA,NA,NA,NA,NA,NA,NA,NA,"https://medialib.naturalis.nl/file/id/L.2518823/format/large"
"2516450752","Octamyrtus pleiopetala Diels","colmafu,inmafu","15f819bd-6612-4447-854b-14d12ee1022d","396d5f30-dea9-11db-8ab4-b8a03c50a862","65eb93af-41b8-4917-a5fc-cfe2a45aa4bf","396d5f30-dea9-11db-8ab4-b8a03c50a862","NL","DWC_ARCHIVE","2024-07-18T22:01:52.868+00:00","2024-07-18T23:55:59.798+00:00",270,"PRESERVED_SPECIMEN","PRESENT",3188439,6,7707728,220,690,5014,3188438,3188439,3188439,"Octamyrtus pleiopetala Diels","Plantae","Tracheophyta","Myrtales","Myrtaceae","Octamyrtus","Octamyrtus pleiopetala","Octamyrtus","pleiopetala","SPECIES","ACCEPTED","NE","OCEANIA","New Guinea",NA,NA,1967,11,1,"1967-11-01",305,305,NA,"2024-07-18T23:55:59.798+00:00",NA,"http://creativecommons.org/publicdomain/zero/1.0/",FALSE,"L.2518852@BRAHMS","none","none","0e919a55-08d3-4bd2-aec1-200858fafd92","0add23db-a8f7-4d15-95ad-4ed0c5c8a055",FALSE,NA,"Millar AN",NA,"Magnoliopsida","PG","none","none","OCEANIA","Papua New Guinea","EUROPE","Naturalis Biodiversity Center","Millar, AN NGF 12027","L.2518852@BRAHMS",NA,"Naturalis Biodiversity Center",NA,"Flora of New Guinea. McAdam Park, Wau Subdistrict. Morobe District.",NA,NA,"Botany","2516450752",NA,"https://data.biodiversitydata.nl/naturalis/specimen/L.2518852",NA,NA,"L.2518852",NA,NA,NA,NA,NA,"Octamyrtus pleiopetala Diels","17abcf75-2f1e-46dd-bf75-a5b21dd02655",NA,"Plantae|Myrtales|Myrtaceae",-7.33333,146.75,NA,"WGS84","ICN",NA,NA,NA,NA,NA,NA,NA,NA,NA,NA,NA,NA,NA,NA,NA,NA,NA,NA,NA,NA,"https://medialib.naturalis.nl/file/id/L.2518852/format/large"
"2516314688","Octamyrtus pleiopetala Diels","colmafu,inmafu","15f819bd-6612-4447-854b-14d12ee1022d","396d5f30-dea9-11db-8ab4-b8a03c50a862","65eb93af-41b8-4917-a5fc-cfe2a45aa4bf","396d5f30-dea9-11db-8ab4-b8a03c50a862","NL","DWC_ARCHIVE","2024-07-18T22:01:52.868+00:00","2024-07-18T23:54:19.485+00:00",270,"PRESERVED_SPECIMEN","PRESENT",3188439,6,7707728,220,690,5014,3188438,3188439,3188439,"Octamyrtus pleiopetala Diels","Plantae","Tracheophyta","Myrtales","Myrtaceae","Octamyrtus","Octamyrtus pleiopetala","Octamyrtus","pleiopetala","SPECIES","ACCEPTED","NE","OCEANIA","New Guinea",NA,NA,1966,6,15,"1966-06-15",166,166,NA,"2024-07-18T23:54:19.485+00:00",NA,"http://creativecommons.org/publicdomain/zero/1.0/",FALSE,"L.2518828@BRAHMS","none","none","0e919a55-08d3-4bd2-aec1-200858fafd92","0add23db-a8f7-4d15-95ad-4ed0c5c8a055",TRUE,NA,"Streimann H; Kairo A",NA,"Magnoliopsida","PG","none","none","OCEANIA","Papua New Guinea","EUROPE","Naturalis Biodiversity Center","Streimann, H; Kairo, A NGF 27803","L.2518828@BRAHMS",NA,"Naturalis Biodiversity Center",NA,"Flora of New Guinea. Nawi Banda L.A. Bulolo, Morobe District.",NA,NA,"Botany","2516314688",NA,"https://data.biodiversitydata.nl/naturalis/specimen/L.2518828",NA,NA,"L.2518828",NA,NA,NA,NA,NA,"Octamyrtus pleiopetala Diels","17abcf75-2f1e-46dd-bf75-a5b21dd02655",NA,"Plantae|Myrtales|Myrtaceae",-7.16667,146.66667,NA,"WGS84","ICN",NA,NA,NA,NA,NA,NA,NA,NA,NA,NA,NA,NA,NA,NA,NA,NA,NA,NA,NA,NA,"https://medialib.naturalis.nl/file/id/L.2518828/format/large"
"2516322664","Octamyrtus pleiopetala Diels","colmafu,inmafu","15f819bd-6612-4447-854b-14d12ee1022d","396d5f30-dea9-11db-8ab4-b8a03c50a862","65eb93af-41b8-4917-a5fc-cfe2a45aa4bf","396d5f30-dea9-11db-8ab4-b8a03c50a862","NL","DWC_ARCHIVE","2024-07-18T22:01:52.868+00:00","2024-07-18T23:55:57.047+00:00",270,"PRESERVED_SPECIMEN","PRESENT",3188439,6,7707728,220,690,5014,3188438,3188439,3188439,"Octamyrtus pleiopetala Diels","Plantae","Tracheophyta","Myrtales","Myrtaceae","Octamyrtus","Octamyrtus pleiopetala","Octamyrtus","pleiopetala","SPECIES","ACCEPTED","NE","OCEANIA","New Guinea",NA,NA,1966,8,19,"1966-08-19",231,231,NA,"2024-07-18T23:55:57.047+00:00",NA,"http://creativecommons.org/publicdomain/zero/1.0/",FALSE,"L.2518859@BRAHMS","none","none","0e919a55-08d3-4bd2-aec1-200858fafd92","0add23db-a8f7-4d15-95ad-4ed0c5c8a055",FALSE,NA,"Frodin DG",NA,"Magnoliopsida","PG","none","none","OCEANIA","Papua New Guinea","EUROPE","Naturalis Biodiversity Center","Frodin, DG NGF 28392","L.2518859@BRAHMS",NA,"Naturalis Biodiversity Center",NA,"Flora of New Guinea. Vicinity of Habono rest house, 6½m. w. of Mt. Ne, Tari, Southern Hlds.",NA,NA,"Botany","2516322664",NA,"https://data.biodiversitydata.nl/naturalis/specimen/L.2518859",NA,NA,"L.2518859",NA,NA,NA,NA,NA,"Octamyrtus pleiopetala Diels","17abcf75-2f1e-46dd-bf75-a5b21dd02655",NA,"Plantae|Myrtales|Myrtaceae",-6,146.08333,NA,"WGS84","ICN",NA,NA,NA,NA,NA,NA,NA,NA,NA,NA,NA,NA,NA,NA,NA,NA,NA,NA,NA,NA,"https://medialib.naturalis.nl/file/id/L.2518859/format/large"
"2516218677","Octamyrtus pleiopetala Diels","colmafu,inmafu","15f819bd-6612-4447-854b-14d12ee1022d","396d5f30-dea9-11db-8ab4-b8a03c50a862","65eb93af-41b8-4917-a5fc-cfe2a45aa4bf","396d5f30-dea9-11db-8ab4-b8a03c50a862","NL","DWC_ARCHIVE","2024-07-18T22:01:52.868+00:00","2024-07-18T23:54:19.143+00:00",270,"PRESERVED_SPECIMEN","PRESENT",3188439,6,7707728,220,690,5014,3188438,3188439,3188439,"Octamyrtus pleiopetala Diels","Plantae","Tracheophyta","Myrtales","Myrtaceae","Octamyrtus","Octamyrtus pleiopetala","Octamyrtus","pleiopetala","SPECIES","ACCEPTED","NE","OCEANIA","New Guinea",NA,NA,1966,11,2,"1966-11-02",306,306,NA,"2024-07-18T23:54:19.143+00:00",NA,"http://creativecommons.org/publicdomain/zero/1.0/",FALSE,"L.2518833@BRAHMS","none","none","0e919a55-08d3-4bd2-aec1-200858fafd92","0add23db-a8f7-4d15-95ad-4ed0c5c8a055",TRUE,NA,"Ridsdale CE",NA,"Magnoliopsida","PG","none","none","OCEANIA","Papua New Guinea","EUROPE","Naturalis Biodiversity Center","Ridsdale, CE NGF 30190","L.2518833@BRAHMS",NA,"Naturalis Biodiversity Center",NA,"Flora of New Guinea. Road to Edie Creek, Morobe District.",NA,NA,"Botany","2516218677",NA,"https://data.biodiversitydata.nl/naturalis/specimen/L.2518833",NA,NA,"L.2518833",NA,NA,NA,NA,NA,"Octamyrtus pleiopetala Diels","17abcf75-2f1e-46dd-bf75-a5b21dd02655",NA,"Plantae|Myrtales|Myrtaceae",-7.33333,146.41667,NA,"WGS84","ICN",NA,NA,NA,NA,NA,NA,NA,NA,NA,NA,NA,NA,NA,NA,NA,NA,NA,NA,NA,NA,"https://medialib.naturalis.nl/file/id/L.2518833/format/large"
"2516446741","Octamyrtus pleiopetala Diels","colmafu,inmafu","15f819bd-6612-4447-854b-14d12ee1022d","396d5f30-dea9-11db-8ab4-b8a03c50a862","65eb93af-41b8-4917-a5fc-cfe2a45aa4bf","396d5f30-dea9-11db-8ab4-b8a03c50a862","NL","DWC_ARCHIVE","2024-07-18T22:01:52.868+00:00","2024-07-18T23:55:58.179+00:00",270,"PRESERVED_SPECIMEN","PRESENT",3188439,6,7707728,220,690,5014,3188438,3188439,3188439,"Octamyrtus pleiopetala Diels","Plantae","Tracheophyta","Myrtales","Myrtaceae","Octamyrtus","Octamyrtus pleiopetala","Octamyrtus","pleiopetala","SPECIES","ACCEPTED","NE","OCEANIA","New Guinea",NA,NA,1964,4,24,"1964-04-24",115,115,NA,"2024-07-18T23:55:58.179+00:00",NA,"http://creativecommons.org/publicdomain/zero/1.0/",FALSE,"L.2518848@BRAHMS","none","none","0e919a55-08d3-4bd2-aec1-200858fafd92","0add23db-a8f7-4d15-95ad-4ed0c5c8a055",FALSE,NA,"Sayers CD",NA,"Magnoliopsida","PG","none","none","OCEANIA","Papua New Guinea","EUROPE","Naturalis Biodiversity Center","Sayers, CD NGF 19684","L.2518848@BRAHMS",NA,"Naturalis Biodiversity Center",NA,"Flora of New Guinea. Mori River, sub-district Abau, Port Moresby.",NA,NA,"Botany","2516446741",NA,"https://data.biodiversitydata.nl/naturalis/specimen/L.2518848",NA,NA,"L.2518848",NA,NA,NA,NA,NA,"Octamyrtus pleiopetala Diels","17abcf75-2f1e-46dd-bf75-a5b21dd02655",NA,"Plantae|Myrtales|Myrtaceae",-10.16667,148.58333,NA,"WGS84","ICN",NA,NA,NA,NA,NA,NA,NA,NA,NA,NA,NA,NA,NA,NA,NA,NA,NA,NA,NA,NA,"https://medialib.naturalis.nl/file/id/L.2518848/format/large"
"2516298567","Octamyrtus pleiopetala Diels","colmafu,inmafu","15f819bd-6612-4447-854b-14d12ee1022d","396d5f30-dea9-11db-8ab4-b8a03c50a862","65eb93af-41b8-4917-a5fc-cfe2a45aa4bf","396d5f30-dea9-11db-8ab4-b8a03c50a862","NL","DWC_ARCHIVE","2024-07-18T22:01:52.868+00:00","2024-07-18T23:55:56.985+00:00",270,"PRESERVED_SPECIMEN","PRESENT",3188439,6,7707728,220,690,5014,3188438,3188439,3188439,"Octamyrtus pleiopetala Diels","Plantae","Tracheophyta","Myrtales","Myrtaceae","Octamyrtus","Octamyrtus pleiopetala","Octamyrtus","pleiopetala","SPECIES","ACCEPTED","NE","OCEANIA","New Guinea",NA,NA,1963,9,7,"1963-09-07",250,250,NA,"2024-07-18T23:55:56.985+00:00",NA,"http://creativecommons.org/publicdomain/zero/1.0/",FALSE,"L.2518795@BRAHMS","none","none","0e919a55-08d3-4bd2-aec1-200858fafd92","0add23db-a8f7-4d15-95ad-4ed0c5c8a055",TRUE,NA,"Royen P van",NA,"Magnoliopsida","PG","none","none","OCEANIA","Papua New Guinea","EUROPE","Naturalis Biodiversity Center","Royen, P van NGF 18300","L.2518795@BRAHMS",NA,"Naturalis Biodiversity Center",NA,"Flora of New Guinea. Hallstrom Experimental Station, minj sub-district, Eastern Highlands District, T.N.G.",NA,NA,"Botany","2516298567",NA,"https://data.biodiversitydata.nl/naturalis/specimen/L.2518795",NA,NA,"L.2518795",NA,NA,NA,NA,NA,"Octamyrtus pleiopetala Diels","17abcf75-2f1e-46dd-bf75-a5b21dd02655",NA,"Plantae|Myrtales|Myrtaceae",-6.16667,144.83333,NA,"WGS84","ICN",NA,NA,NA,NA,NA,NA,NA,NA,NA,NA,NA,NA,NA,NA,NA,NA,NA,NA,NA,NA,"https://medialib.naturalis.nl/file/id/L.2518795/format/large"
"2514413870","Octamyrtus pleiopetala Diels","colmafu,inmafu","15f819bd-6612-4447-854b-14d12ee1022d","396d5f30-dea9-11db-8ab4-b8a03c50a862","65eb93af-41b8-4917-a5fc-cfe2a45aa4bf","396d5f30-dea9-11db-8ab4-b8a03c50a862","NL","DWC_ARCHIVE","2024-07-18T22:01:52.868+00:00","2024-07-18T23:55:58.179+00:00",270,"PRESERVED_SPECIMEN","PRESENT",3188439,6,7707728,220,690,5014,3188438,3188439,3188439,"Octamyrtus pleiopetala Diels","Plantae","Tracheophyta","Myrtales","Myrtaceae","Octamyrtus","Octamyrtus pleiopetala","Octamyrtus","pleiopetala","SPECIES","ACCEPTED","NE","OCEANIA","New Guinea",NA,NA,1963,11,3,"1963-11-03",307,307,NA,"2024-07-18T23:55:58.179+00:00",NA,"http://creativecommons.org/publicdomain/zero/1.0/",FALSE,"L.2518796@BRAHMS","none","none","0e919a55-08d3-4bd2-aec1-200858fafd92","0add23db-a8f7-4d15-95ad-4ed0c5c8a055",FALSE,NA,"Womersley JS",NA,"Magnoliopsida","PG","none","none","OCEANIA","Papua New Guinea","EUROPE","Naturalis Biodiversity Center","Womersley, JS NGF 17880","L.2518796@BRAHMS",NA,"Naturalis Biodiversity Center",NA,"Flora of New Guinea. Gully due north of Wagau airstrip, Morobe District, T.N.G.",NA,NA,"Botany","2514413870",NA,"https://data.biodiversitydata.nl/naturalis/specimen/L.2518796",NA,NA,"L.2518796",NA,NA,NA,NA,NA,"Octamyrtus pleiopetala Diels","17abcf75-2f1e-46dd-bf75-a5b21dd02655",NA,"Plantae|Myrtales|Myrtaceae",-6.75,146.83333,NA,"WGS84","ICN",NA,NA,NA,NA,NA,NA,NA,NA,NA,NA,NA,NA,NA,NA,NA,NA,NA,NA,NA,NA,"https://medialib.naturalis.nl/file/id/L.2518796/format/large"
"2514450855","Octamyrtus pleiopetala Diels","colmafu,inmafu","15f819bd-6612-4447-854b-14d12ee1022d","396d5f30-dea9-11db-8ab4-b8a03c50a862","65eb93af-41b8-4917-a5fc-cfe2a45aa4bf","396d5f30-dea9-11db-8ab4-b8a03c50a862","NL","DWC_ARCHIVE","2024-07-18T22:01:52.868+00:00","2024-07-18T23:55:56.985+00:00",270,"PRESERVED_SPECIMEN","PRESENT",3188439,6,7707728,220,690,5014,3188438,3188439,3188439,"Octamyrtus pleiopetala Diels","Plantae","Tracheophyta","Myrtales","Myrtaceae","Octamyrtus","Octamyrtus pleiopetala","Octamyrtus","pleiopetala","SPECIES","ACCEPTED","NE","OCEANIA","New Guinea",NA,NA,1963,11,NA,"1963-11-01/1963-11-30",305,334,NA,"2024-07-18T23:55:56.985+00:00",NA,"http://creativecommons.org/publicdomain/zero/1.0/",FALSE,"L.2518797@BRAHMS","none","none","0e919a55-08d3-4bd2-aec1-200858fafd92","0add23db-a8f7-4d15-95ad-4ed0c5c8a055",FALSE,NA,"Womersley JS",NA,"Magnoliopsida","PG","none","none","OCEANIA","Papua New Guinea","EUROPE","Naturalis Biodiversity Center","Womersley, JS NGF 17811","L.2518797@BRAHMS",NA,"Naturalis Biodiversity Center",NA,"Flora of New Guinea. Near Mambump village, Buang region, Morobe District, T.N.G.",NA,NA,"Botany","2514450855",NA,"https://data.biodiversitydata.nl/naturalis/specimen/L.2518797",NA,NA,"L.2518797",NA,NA,NA,NA,NA,"Octamyrtus pleiopetala Diels","17abcf75-2f1e-46dd-bf75-a5b21dd02655",NA,"Plantae|Myrtales|Myrtaceae",-6.75,146.83333,NA,"WGS84","ICN",NA,NA,NA,NA,NA,NA,NA,NA,NA,NA,NA,NA,NA,NA,NA,NA,NA,NA,NA,NA,"https://medialib.naturalis.nl/file/id/L.2518797/format/large"
"2514428883","Octamyrtus pleiopetala Diels","colmafu,inmafu","15f819bd-6612-4447-854b-14d12ee1022d","396d5f30-dea9-11db-8ab4-b8a03c50a862","65eb93af-41b8-4917-a5fc-cfe2a45aa4bf","396d5f30-dea9-11db-8ab4-b8a03c50a862","NL","DWC_ARCHIVE","2024-07-18T22:01:52.868+00:00","2024-07-18T23:54:19.143+00:00",270,"PRESERVED_SPECIMEN","PRESENT",3188439,6,7707728,220,690,5014,3188438,3188439,3188439,"Octamyrtus pleiopetala Diels","Plantae","Tracheophyta","Myrtales","Myrtaceae","Octamyrtus","Octamyrtus pleiopetala","Octamyrtus","pleiopetala","SPECIES","ACCEPTED","NE","OCEANIA","New Guinea",NA,NA,1962,7,11,"1962-07-11",192,192,NA,"2024-07-18T23:54:19.143+00:00",NA,"http://creativecommons.org/publicdomain/zero/1.0/",FALSE,"L.2518835@BRAHMS","none","none","0e919a55-08d3-4bd2-aec1-200858fafd92","0add23db-a8f7-4d15-95ad-4ed0c5c8a055",FALSE,NA,"Royen P van",NA,"Magnoliopsida","PG","none","none","OCEANIA","Papua New Guinea","EUROPE","Naturalis Biodiversity Center","Royen, P van NGF 15049","L.2518835@BRAHMS",NA,"Naturalis Biodiversity Center",NA,"Plantae Novoguineenses. Growing on roadside in secondary vegetation, Edie Creek, Morobe District, T.N.G.",NA,NA,"Botany","2514428883",NA,"https://data.biodiversitydata.nl/naturalis/specimen/L.2518835",NA,NA,"L.2518835",NA,NA,NA,NA,NA,"Octamyrtus pleiopetala Diels","17abcf75-2f1e-46dd-bf75-a5b21dd02655",NA,"Plantae|Myrtales|Myrtaceae",-7.33333,146.66667,NA,"WGS84","ICN",NA,NA,NA,NA,NA,NA,NA,NA,NA,NA,NA,NA,NA,NA,NA,NA,NA,NA,NA,NA,"https://medialib.naturalis.nl/file/id/L.2518835/format/large"
"2514336853","Octamyrtus pleiopetala Diels","colmafu,inmafu","15f819bd-6612-4447-854b-14d12ee1022d","396d5f30-dea9-11db-8ab4-b8a03c50a862","65eb93af-41b8-4917-a5fc-cfe2a45aa4bf","396d5f30-dea9-11db-8ab4-b8a03c50a862","NL","DWC_ARCHIVE","2024-07-18T22:01:52.868+00:00","2024-07-18T23:54:19.245+00:00",270,"PRESERVED_SPECIMEN","PRESENT",3188439,6,7707728,220,690,5014,3188438,3188439,3188439,"Octamyrtus pleiopetala Diels","Plantae","Tracheophyta","Myrtales","Myrtaceae","Octamyrtus","Octamyrtus pleiopetala","Octamyrtus","pleiopetala","SPECIES","ACCEPTED","NE","OCEANIA","New Guinea",NA,NA,1962,11,22,"1962-11-22",326,326,NA,"2024-07-18T23:54:19.245+00:00",NA,"http://creativecommons.org/publicdomain/zero/1.0/",FALSE,"L.2518845@BRAHMS","none","none","0e919a55-08d3-4bd2-aec1-200858fafd92","0add23db-a8f7-4d15-95ad-4ed0c5c8a055",FALSE,NA,"Hartley TG",NA,"Magnoliopsida","PG","none","none","OCEANIA","Papua New Guinea","EUROPE","Naturalis Biodiversity Center","Hartley, TG 10974","L.2518845@BRAHMS",NA,"Naturalis Biodiversity Center",NA,"Plants of New Guinea. One mile N of Zenag, Morobe District, T.N.G.",NA,NA,"Botany","2514336853",NA,"https://data.biodiversitydata.nl/naturalis/specimen/L.2518845",NA,NA,"L.2518845",NA,NA,NA,NA,NA,"Octamyrtus pleiopetala Diels","17abcf75-2f1e-46dd-bf75-a5b21dd02655",NA,"Plantae|Myrtales|Myrtaceae",-6.93333,146.6,NA,"WGS84","ICN",NA,NA,NA,NA,NA,NA,NA,NA,NA,NA,NA,NA,NA,NA,NA,NA,NA,NA,NA,NA,"https://medialib.naturalis.nl/file/id/L.2518845/format/large"
"2514332914","Octamyrtus pleiopetala Diels","colmafu,inmafu","15f819bd-6612-4447-854b-14d12ee1022d","396d5f30-dea9-11db-8ab4-b8a03c50a862","65eb93af-41b8-4917-a5fc-cfe2a45aa4bf","396d5f30-dea9-11db-8ab4-b8a03c50a862","NL","DWC_ARCHIVE","2024-07-18T22:01:52.868+00:00","2024-07-18T23:55:56.985+00:00",270,"PRESERVED_SPECIMEN","PRESENT",3188439,6,7707728,220,690,5014,3188438,3188439,3188439,"Octamyrtus pleiopetala Diels","Plantae","Tracheophyta","Myrtales","Myrtaceae","Octamyrtus","Octamyrtus pleiopetala","Octamyrtus","pleiopetala","SPECIES","ACCEPTED","NE","OCEANIA","New Guinea",NA,NA,1960,6,1,"1960-06-01",153,153,NA,"2024-07-18T23:55:56.985+00:00",NA,"http://creativecommons.org/publicdomain/zero/1.0/",FALSE,"L.2518793@BRAHMS","none","none","0e919a55-08d3-4bd2-aec1-200858fafd92","0add23db-a8f7-4d15-95ad-4ed0c5c8a055",FALSE,NA,"Womersley JS; Thorne RF",NA,"Magnoliopsida","PG","none","none","OCEANIA","Papua New Guinea","EUROPE","Naturalis Biodiversity Center","Womersley, JS; Thorne, RF NGF 11893","L.2518793@BRAHMS",NA,"Naturalis Biodiversity Center",NA,"Plantae Novoguineenses. Vicinity Kikiepa village near Wantoat Patrol Post, southern slopes of Finisterre Mts. Morobe District, New Guinea.",NA,NA,"Botany","2514332914",NA,"https://data.biodiversitydata.nl/naturalis/specimen/L.2518793",NA,NA,"L.2518793",NA,NA,NA,NA,NA,"Octamyrtus pleiopetala Diels","17abcf75-2f1e-46dd-bf75-a5b21dd02655",NA,"Plantae|Myrtales|Myrtaceae",-6.16667,146.5,NA,"WGS84","ICN",NA,NA,NA,NA,NA,NA,NA,NA,NA,NA,NA,NA,NA,NA,NA,NA,NA,NA,NA,NA,"https://medialib.naturalis.nl/file/id/L.2518793/format/large"
"2514454872","Octamyrtus pleiopetala Diels","colmafu,inmafu","15f819bd-6612-4447-854b-14d12ee1022d","396d5f30-dea9-11db-8ab4-b8a03c50a862","65eb93af-41b8-4917-a5fc-cfe2a45aa4bf","396d5f30-dea9-11db-8ab4-b8a03c50a862","NL","DWC_ARCHIVE","2024-07-18T22:01:52.868+00:00","2024-07-18T23:54:19.564+00:00",270,"PRESERVED_SPECIMEN","PRESENT",3188439,6,7707728,220,690,5014,3188438,3188439,3188439,"Octamyrtus pleiopetala Diels","Plantae","Tracheophyta","Myrtales","Myrtaceae","Octamyrtus","Octamyrtus pleiopetala","Octamyrtus","pleiopetala","SPECIES","ACCEPTED","NE","OCEANIA","New Guinea",NA,NA,1959,7,14,"1959-07-14",195,195,NA,"2024-07-18T23:54:19.564+00:00",NA,"http://creativecommons.org/publicdomain/zero/1.0/",FALSE,"L.2518834@BRAHMS","none","none","0e919a55-08d3-4bd2-aec1-200858fafd92","0add23db-a8f7-4d15-95ad-4ed0c5c8a055",TRUE,NA,"Womersley JS",NA,"Magnoliopsida","PG","none","none","OCEANIA","Papua New Guinea","EUROPE","Naturalis Biodiversity Center","Womersley, JS NGF 11300","L.2518834@BRAHMS",NA,"Naturalis Biodiversity Center",NA,"Plantae Novoguineensis. Poget Logging Area, Merimanta, Wabag Sub-district, Western Highlands, T.N.G.",NA,NA,"Botany","2514454872",NA,"https://data.biodiversitydata.nl/naturalis/specimen/L.2518834",NA,NA,"L.2518834",NA,NA,NA,NA,NA,"Octamyrtus pleiopetala Diels","17abcf75-2f1e-46dd-bf75-a5b21dd02655",NA,"Plantae|Myrtales|Myrtaceae",-5.5,143.66667,NA,"WGS84","ICN",NA,NA,NA,NA,NA,NA,NA,NA,NA,NA,NA,NA,NA,NA,NA,NA,NA,NA,NA,NA,"https://medialib.naturalis.nl/file/id/L.2518834/format/large"
"2516415754","Octamyrtus pleiopetala Diels","colmafu,inmafu","15f819bd-6612-4447-854b-14d12ee1022d","396d5f30-dea9-11db-8ab4-b8a03c50a862","65eb93af-41b8-4917-a5fc-cfe2a45aa4bf","396d5f30-dea9-11db-8ab4-b8a03c50a862","NL","DWC_ARCHIVE","2024-07-18T22:01:52.868+00:00","2024-07-18T23:54:19.620+00:00",270,"PRESERVED_SPECIMEN","PRESENT",3188439,6,7707728,220,690,5014,3188438,3188439,3188439,"Octamyrtus pleiopetala Diels","Plantae","Tracheophyta","Myrtales","Myrtaceae","Octamyrtus","Octamyrtus pleiopetala","Octamyrtus","pleiopetala","SPECIES","ACCEPTED","NE","OCEANIA",NA,NA,NA,1958,5,13,"1958-05-13",133,133,NA,"2024-07-18T23:54:19.620+00:00",NA,"http://creativecommons.org/publicdomain/zero/1.0/",FALSE,"L.2518817@BRAHMS","none","none","0e919a55-08d3-4bd2-aec1-200858fafd92","0add23db-a8f7-4d15-95ad-4ed0c5c8a055",FALSE,NA,"White KJ",NA,"Magnoliopsida","PG","none","none","OCEANIA","Papua New Guinea","EUROPE","Naturalis Biodiversity Center","White, KJ NGF 10087","L.2518817@BRAHMS",NA,"Naturalis Biodiversity Center",NA,"Plantae Papuanae. Rain forest near Urin village, South New Britain.",NA,NA,"Botany","2516415754",NA,"https://data.biodiversitydata.nl/naturalis/specimen/L.2518817",NA,NA,"L.2518817",NA,NA,NA,NA,NA,"Octamyrtus pleiopetala Diels","17abcf75-2f1e-46dd-bf75-a5b21dd02655",NA,"Plantae|Myrtales|Myrtaceae",-5.75,149.08333,NA,"WGS84","ICN",NA,NA,NA,NA,NA,NA,NA,NA,NA,NA,NA,NA,NA,NA,NA,NA,NA,NA,NA,NA,"https://medialib.naturalis.nl/file/id/L.2518817/format/large"
"2516448726","Octamyrtus pleiopetala Diels","colmafu,inmafu","15f819bd-6612-4447-854b-14d12ee1022d","396d5f30-dea9-11db-8ab4-b8a03c50a862","65eb93af-41b8-4917-a5fc-cfe2a45aa4bf","396d5f30-dea9-11db-8ab4-b8a03c50a862","NL","DWC_ARCHIVE","2024-07-18T22:01:52.868+00:00","2024-07-18T23:54:19.563+00:00",270,"PRESERVED_SPECIMEN","PRESENT",3188439,6,7707728,220,690,5014,3188438,3188439,3188439,"Octamyrtus pleiopetala Diels","Plantae","Tracheophyta","Myrtales","Myrtaceae","Octamyrtus","Octamyrtus pleiopetala","Octamyrtus","pleiopetala","SPECIES","ACCEPTED","NE","OCEANIA","New Guinea",NA,NA,1955,6,13,"1955-06-13",164,164,NA,"2024-07-18T23:54:19.563+00:00",NA,"http://creativecommons.org/publicdomain/zero/1.0/",FALSE,"L.2518832@BRAHMS","none","none","0e919a55-08d3-4bd2-aec1-200858fafd92","0add23db-a8f7-4d15-95ad-4ed0c5c8a055",FALSE,NA,"Womersley JS; Millar AN",NA,"Magnoliopsida","PG","none","none","OCEANIA","Papua New Guinea","EUROPE","Naturalis Biodiversity Center","Womersley, JS; Millar, AN NGF 7650","L.2518832@BRAHMS",NA,"Naturalis Biodiversity Center",NA,"Plantae Novoguineensis. Jimmi Valley near Karap, Western Highlands, New Guinea.",NA,NA,"Botany","2516448726",NA,"https://data.biodiversitydata.nl/naturalis/specimen/L.2518832",NA,NA,"L.2518832",NA,NA,NA,NA,NA,"Octamyrtus pleiopetala Diels","17abcf75-2f1e-46dd-bf75-a5b21dd02655",NA,"Plantae|Myrtales|Myrtaceae",-5.5,144.16667,NA,"WGS84","ICN",NA,NA,NA,NA,NA,NA,NA,NA,NA,NA,NA,NA,NA,NA,NA,NA,NA,NA,NA,NA,"https://medialib.naturalis.nl/file/id/L.2518832/format/large"
"4067111664","Octamyrtus pleiopetala Diels","cdc,gass84","6e5319b3-a870-4b5d-a194-e1a9c4ad8845","f891104a-681f-48df-b6a1-68fd1938b44f","f66ca88d-1f6a-49dc-b33b-32960faee57e","fbca90e3-8aed-48b1-84e3-369afbd000ce","ID","EML","2024-01-23T17:44:37.526+00:00","2024-01-26T11:55:48.063+00:00",39,"PRESERVED_SPECIMEN","PRESENT",3188439,6,7707728,220,690,5014,3188438,3188439,3188439,"Octamyrtus pleiopetala Diels","Plantae","Tracheophyta","Myrtales","Myrtaceae","Octamyrtus","Octamyrtus pleiopetala","Octamyrtus","pleiopetala","SPECIES","ACCEPTED","NE","OCEANIA","Papua Barat",NA,NA,1940,4,9,"1940-04-09",100,100,NA,"2024-01-26T11:55:48.063+00:00",NA,"http://creativecommons.org/publicdomain/zero/1.0/",FALSE,"BO:1355486","none","none",NA,NA,FALSE,NA,"Kanehira, R. & Hatusima, S.",NA,"Magnoliopsida","ID","none","none","ASIA","Indonesia","ASIA",NA,"14028","BO:1355486","In the forest along the lake-shore.",NA,NA,"New Guinea, Dutch New Guinea, Angi, Arfak Mts., Lake Gita",NA,NA,NA,"4067111664",NA,"BO:1355486","Isotype",NA,NA,NA,NA,NA,NA,NA,"Octamyrtus pleiopetala Diels",NA,NA,NA,-1.346017,133.177794,NA,"WGS84",NA,NA,NA,NA,NA,NA,NA,NA,"New Guinea",NA,NA,NA,NA,NA,"BIFA6_014","BIFA",NA,NA,NA,NA,NA,"https://data.brin.go.id/api/access/datafile/168457"
"4067106946","Octamyrtus pleiopetala Diels","cdc,gass84","6e5319b3-a870-4b5d-a194-e1a9c4ad8845","f891104a-681f-48df-b6a1-68fd1938b44f","f66ca88d-1f6a-49dc-b33b-32960faee57e","fbca90e3-8aed-48b1-84e3-369afbd000ce","ID","EML","2024-01-23T17:44:37.526+00:00","2024-01-26T11:55:40.279+00:00",39,"PRESERVED_SPECIMEN","PRESENT",3188439,6,7707728,220,690,5014,3188438,3188439,3188439,"Octamyrtus pleiopetala Diels","Plantae","Tracheophyta","Myrtales","Myrtaceae","Octamyrtus","Octamyrtus pleiopetala","Octamyrtus","pleiopetala","SPECIES","ACCEPTED","NE","OCEANIA","Western Province",NA,NA,1936,9,NA,"1936-09",NA,NA,NA,"2024-01-26T11:55:40.279+00:00",NA,"http://creativecommons.org/publicdomain/zero/1.0/",FALSE,"BO:1293695","none","none",NA,NA,TRUE,NA,"Brass, L.J.",NA,"Magnoliopsida","PG","none","none","OCEANIA","Papua New Guinea","ASIA",NA,"7701","BO:1293695","Common in light dry type rain forest.",NA,NA,"Lake Daviumbu, Middle Fly River.",NA,NA,NA,"4067106946",NA,"BO:1293695","Isotype",NA,NA,NA,NA,NA,NA,NA,"Octamyrtus pleiopetala Diels",NA,NA,NA,-8.213829,142.101494,NA,"WGS84",NA,NA,NA,NA,NA,NA,NA,NA,"New Guinea",NA,NA,NA,NA,NA,"BIFA6_014","BIFA",NA,NA,NA,NA,NA,"https://data.brin.go.id/api/access/datafile/168407"
"2513085341","Octamyrtus pleiopetala Diels","colmafu,inmafu","15f819bd-6612-4447-854b-14d12ee1022d","396d5f30-dea9-11db-8ab4-b8a03c50a862","65eb93af-41b8-4917-a5fc-cfe2a45aa4bf","396d5f30-dea9-11db-8ab4-b8a03c50a862","NL","DWC_ARCHIVE","2024-07-18T22:01:52.868+00:00","2024-07-18T23:56:33.870+00:00",270,"PRESERVED_SPECIMEN","PRESENT",3188439,6,7707728,220,690,5014,3188438,3188439,3188439,"Octamyrtus pleiopetala Diels","Plantae","Tracheophyta","Myrtales","Myrtaceae","Octamyrtus","Octamyrtus pleiopetala","Octamyrtus","pleiopetala","SPECIES","ACCEPTED","NE","OCEANIA","New Guinea",NA,NA,1936,9,NA,"1936-09-01/1936-09-30",245,274,NA,"2024-07-18T23:56:33.870+00:00",NA,"http://creativecommons.org/publicdomain/zero/1.0/",FALSE,"L  0009535@BRAHMS","none","none","0e919a55-08d3-4bd2-aec1-200858fafd92","0add23db-a8f7-4d15-95ad-4ed0c5c8a055",TRUE,NA,"Brass LJ",NA,"Magnoliopsida","PG","none","none","OCEANIA","Papua New Guinea","EUROPE","Naturalis Biodiversity Center","Brass, LJ 7701","L  0009535@BRAHMS","Common in light dry type rain-forest.","Naturalis Biodiversity Center",NA,"Lake Daviumbu, Middle Fly River.",NA,NA,"Botany","2513085341",NA,"https://data.biodiversitydata.nl/naturalis/specimen/L%20%200009535",NA,NA,"L  0009535",NA,NA,"0.0 m",NA,NA,"Octamyrtus pleiopetala Diels","17abcf75-2f1e-46dd-bf75-a5b21dd02655",NA,"Plantae|Myrtales|Myrtaceae",-7.58333,141.28333,"Scott AJ","WGS84","ICN",NA,NA,NA,NA,"95244932",NA,NA,NA,NA,NA,NA,NA,NA,NA,NA,"TYPE",NA,NA,NA,NA,"https://medialib.naturalis.nl/file/id/L0009535_MLN/format/large"
"2513086093","Octamyrtus pleiopetala Diels","colmafu,inmafu","15f819bd-6612-4447-854b-14d12ee1022d","396d5f30-dea9-11db-8ab4-b8a03c50a862","65eb93af-41b8-4917-a5fc-cfe2a45aa4bf","396d5f30-dea9-11db-8ab4-b8a03c50a862","NL","DWC_ARCHIVE","2024-07-18T22:01:52.868+00:00","2024-07-18T23:56:26.973+00:00",270,"PRESERVED_SPECIMEN","PRESENT",3188439,6,7707728,220,690,5014,3188438,3188439,3188439,"Octamyrtus pleiopetala Diels","Plantae","Tracheophyta","Myrtales","Myrtaceae","Octamyrtus","Octamyrtus pleiopetala","Octamyrtus","pleiopetala","SPECIES","ACCEPTED","NE","ASIA","Moluccas",NA,NA,1873,6,NA,"1873-06-01/1873-06-30",152,181,NA,"2024-07-18T23:56:26.973+00:00",NA,"http://creativecommons.org/publicdomain/zero/1.0/",FALSE,"L  0009534@BRAHMS","none","none","0e919a55-08d3-4bd2-aec1-200858fafd92","0add23db-a8f7-4d15-95ad-4ed0c5c8a055",TRUE,NA,"Beccari O",NA,"Magnoliopsida","ID","none","none","ASIA","Indonesia","EUROPE","Naturalis Biodiversity Center","Beccari, O 3829","L  0009534@BRAHMS",NA,"Naturalis Biodiversity Center",NA,"Moluccas, Aru Islands",NA,NA,"Botany","2513086093",NA,"https://data.biodiversitydata.nl/naturalis/specimen/L%20%200009534",NA,NA,"L  0009534",NA,NA,"0.0 m",NA,NA,"Octamyrtus pleiopetala Diels","17abcf75-2f1e-46dd-bf75-a5b21dd02655",NA,"Plantae|Myrtales|Myrtaceae",-6,134.5,"Scott AJ","WGS84","ICN",NA,NA,NA,NA,"951303410",NA,NA,NA,NA,NA,NA,NA,NA,NA,NA,"ISOTYPE",NA,NA,NA,NA,"https://medialib.naturalis.nl/file/id/L0009534_MLN/format/large"
"2235786394","Octamyrtus pleiopetala Diels","ccm,gass84,osiic","821cc27a-e3bb-4bc5-ac34-89ada245069d","bc092ff0-02e4-11dc-991f-b8a03c50a862","b2ff19b5-d74f-40d2-82f1-ec5db01e8e31","bc092ff0-02e4-11dc-991f-b8a03c50a862","US","EML","2024-08-02T10:48:24.215+00:00","2024-08-02T12:38:43.557+00:00",403,"PRESERVED_SPECIMEN","PRESENT",3188439,6,7707728,220,690,5014,3188438,3188439,3188439,"Octamyrtus pleiopetala Diels","Plantae","Tracheophyta","Myrtales","Myrtaceae","Octamyrtus","Octamyrtus pleiopetala","Octamyrtus","pleiopetala","SPECIES","ACCEPTED","NE","ASIA","Milne Bay",NA,"Asia-Tropical, Papua New Guinea, Milne Bay",NA,NA,NA,NA,NA,NA,"2019-02-04T13:27:00.000+00:00","2024-08-02T12:38:43.557+00:00",NA,"http://creativecommons.org/publicdomain/zero/1.0/",FALSE,"http://n2t.net/ark:/65665/31dafcaa3-dcae-4f73-b39b-0f6a21ede5e2","none","none","be5b9c72-e499-42b8-a5dc-c27505cf232e","151c91ba-a521-4735-8c11-5abf8db7fb67",FALSE,"NMNH Extant Biology","J. R. Croft & et al.",NA,"Magnoliopsida","PG","none","none","OCEANIA","Papua New Guinea","NORTH_AMERICA",NA,"LAE68959","http://n2t.net/ark:/65665/31dafcaa3-dcae-4f73-b39b-0f6a21ede5e2",NA,"urn:lsid:biocol.org:col:15463",NA,"Papua, E. slopes Mt. Kilkerran (Woiatabu), NE Fergusson Island. Subdist. Esa'ala, Dist. Milne Bay.",NA,NA,"US","2235786394",NA,"http://n2t.net/ark:/65665/31dafcaa3-dcae-4f73-b39b-0f6a21ede5e2",NA,NA,"US 3321053","US",NA,NA,"urn:uuid:60e28f81-e634-4869-aa3e-732caed713c8",NA,"Octamyrtus pleiopetala Diels","99d66b6c-9087-452f-a9d4-f15f2c2d0e7e",1700,"Plantae, Dicotyledonae, Myrtales, Myrtaceae, Myrtoideae",-9.42,150.8,NA,"WGS84",NA,NA,NA,"Transcribed d/m/y: 3/12/76",NA,NA,NA,1,NA,NA,NA,NA,NA,NA,NA,NA,NA,NA,NA,NA,NA,"http://n2t.net/ark:/65665/m39e517585-6213-4d5d-bf53-f6bbead85c56"
"2235845387","Octamyrtus pleiopetala Diels","ccm,gass84,osiic","821cc27a-e3bb-4bc5-ac34-89ada245069d","bc092ff0-02e4-11dc-991f-b8a03c50a862","b2ff19b5-d74f-40d2-82f1-ec5db01e8e31","bc092ff0-02e4-11dc-991f-b8a03c50a862","US","EML","2024-08-02T10:48:24.215+00:00","2024-08-02T12:40:57.074+00:00",403,"PRESERVED_SPECIMEN","PRESENT",3188439,6,7707728,220,690,5014,3188438,3188439,3188439,"Octamyrtus pleiopetala Diels","Plantae","Tracheophyta","Myrtales","Myrtaceae","Octamyrtus","Octamyrtus pleiopetala","Octamyrtus","pleiopetala","SPECIES","ACCEPTED","NE","ASIA","Milne Bay",NA,"Asia-Tropical, Papua New Guinea, Milne Bay",NA,NA,NA,NA,NA,NA,"2019-02-04T13:27:00.000+00:00","2024-08-02T12:40:57.074+00:00",NA,"http://creativecommons.org/publicdomain/zero/1.0/",FALSE,"http://n2t.net/ark:/65665/33e6a8d49-82a3-49ac-9461-50eac981347f","none","none","be5b9c72-e499-42b8-a5dc-c27505cf232e","151c91ba-a521-4735-8c11-5abf8db7fb67",FALSE,"NMNH Extant Biology","J. R. Croft & et al.",NA,"Magnoliopsida","PG","none","none","OCEANIA","Papua New Guinea","NORTH_AMERICA",NA,"LAE68809","http://n2t.net/ark:/65665/33e6a8d49-82a3-49ac-9461-50eac981347f",NA,"urn:lsid:biocol.org:col:15463",NA,"Papua, E of Lake Lavu, Fergusson Island. Subdist. Esa'ala, Dist. Milne Bay.",NA,NA,"US","2235845387",NA,"http://n2t.net/ark:/65665/33e6a8d49-82a3-49ac-9461-50eac981347f",NA,NA,"US 3321050","US",NA,NA,"urn:uuid:60e28f81-e634-4869-aa3e-732caed713c8",NA,"Octamyrtus pleiopetala Diels","99d66b6c-9087-452f-a9d4-f15f2c2d0e7e",100,"Plantae, Dicotyledonae, Myrtales, Myrtaceae, Myrtoideae",-9.55,150.62,NA,"WGS84",NA,NA,NA,"Transcribed d/m/y: 14/11/76",NA,NA,NA,1,NA,NA,NA,NA,NA,NA,NA,NA,NA,NA,NA,NA,NA,"http://n2t.net/ark:/65665/m341b64a2c-3526-4688-aa43-1964a9feb4c3"
