"key","scientificName","decimalLatitude","decimalLongitude","issues","datasetKey","publishingOrgKey","networkKeys","installationKey","hostingOrganizationKey","publishingCountry","protocol","lastCrawled","lastParsed","crawlId","basisOfRecord","occurrenceStatus","taxonKey","kingdomKey","phylumKey","classKey","orderKey","familyKey","genusKey","speciesKey","acceptedTaxonKey","acceptedScientificName","kingdom","phylum","order","family","genus","species","genericName","specificEpithet","infraspecificEpithet","taxonRank","taxonomicStatus","dateIdentified","continent","stateProvince","year","month","day","eventDate","startDayOfYear","endDayOfYear","modified","lastInterpreted","isSequenced","identifier","facts","relations","institutionKey","collectionKey","isInCluster","datasetName","otherCatalogNumbers","recordedBy","identifiedBy","geodeticDatum","class","countryCode","recordedByIDs","identifiedByIDs","gbifRegion","country","publishedByGbifRegion","rightsHolder","recordNumber","identifier.1","catalogNumber","institutionID","institutionCode","municipality","locality","gbifID","collectionCode","occurrenceID","name","dynamicProperties","elevation","fieldNotes","coordinateUncertaintyInMeters","georeferencedBy","references","associatedOccurrences","georeferenceVerificationStatus","http...unknown.org.recordID","taxonID","rights","http...unknown.org.recordEnteredBy","higherClassification","verbatimTaxonRank","collectionID","reproductiveCondition","georeferenceSources","county","occurrenceRemarks","habitat","elevationAccuracy","gadm","iucnRedListCategory","verbatimEventDate","bibliographicCitation","preparations","nomenclaturalCode","language","type","individualCount","higherGeography","georeferenceProtocol","verbatimElevation","fieldNumber","verbatimLocality","recordedByIDs.type","recordedByIDs.value","locationRemarks","typeStatus","organismID","ownerInstitutionCode","accessRights","eventID","footprintSRS","verbatimIdentification","typifiedName","media_url","license"
"4428558352","Psidium australe var. argenteum (O.Berg) Landrum",-15.748333,-47.905556,"cdc,cdround,gass84,colmafu,inmafu","4300f8d5-1ae5-49e5-a101-63894b005868","838537fc-4aeb-4980-8b58-97fbdcd1d91a","4b0d8edb-7504-42c4-9349-63e86c01bf97","da7fe11a-b42c-46cb-9e9d-02243edb738a","838537fc-4aeb-4980-8b58-97fbdcd1d91a","BR","EML","2024-08-01T12:04:19.955+00:00","2024-08-01T12:21:55.064+00:00",520,"PRESERVED_SPECIMEN","PRESENT",5420450,6,7707728,220,690,5014,3187232,5420449,5420450,"Psidium australe var. argenteum (O.Berg) Landrum","Plantae","Tracheophyta","Myrtales","Myrtaceae","Psidium","Psidium australe","Psidium","australe","argenteum","VARIETY","ACCEPTED","2022-02-11T00:00:00","SOUTH_AMERICA","Distrito Federal",2022,1,30,"2022-01-30",30,30,"2023-10-10T13:37:39.000+00:00","2024-08-01T12:21:55.064+00:00",FALSE,"urn:catalog:JBRJ:RB:1501405","none","none","48b29504-e1ac-432c-a0d6-f09f46023207","e89ac5d6-77af-4d2a-adef-f54d512af4fa",TRUE,"RB - Rio de Janeiro Botanical Garden Herbarium Collection","RB 856169","B. Schindler; M. Figueira","L. Landrum","WGS84","Magnoliopsida","BR","none","none","LATIN_AMERICA","Brazil","LATIN_AMERICA","Rio de Janeiro Botanical Garden","342","urn:catalog:JBRJ:RB:1501405","RB01501405","04.936.616/0001-20","JBRJ","Brasília","Parque Ecológico Burle Marx. WGS84","4428558352","RB","urn:catalog:JBRJ:RB:1501405","Psidium australe var. argenteum (O.Berg) Landrum",NA,NA,NA,NA,NA,NA,NA,NA,NA,NA,NA,NA,NA,NA,NA,NA,NA,NA,NA,NA,NA,NA,NA,NA,NA,NA,NA,NA,NA,NA,NA,NA,NA,NA,NA,NA,NA,NA,NA,NA,NA,NA,NA,NA,NA,NA,"http://jbrj-public-img.s3-sa-east-1.amazonaws.com/JPG/rb/1/50/14/5/01501405.jpg","http://creativecommons.org/publicdomain/zero/1.0/"
"4428565341","Psidium australe var. argenteum (O.Berg) Landrum",-15.754167,-47.9075,"cdc,cdround,gass84,colmafu,inmafu","4300f8d5-1ae5-49e5-a101-63894b005868","838537fc-4aeb-4980-8b58-97fbdcd1d91a","4b0d8edb-7504-42c4-9349-63e86c01bf97","da7fe11a-b42c-46cb-9e9d-02243edb738a","838537fc-4aeb-4980-8b58-97fbdcd1d91a","BR","EML","2024-08-01T12:04:19.955+00:00","2024-08-01T12:21:58.549+00:00",520,"PRESERVED_SPECIMEN","PRESENT",5420450,6,7707728,220,690,5014,3187232,5420449,5420450,"Psidium australe var. argenteum (O.Berg) Landrum","Plantae","Tracheophyta","Myrtales","Myrtaceae","Psidium","Psidium australe","Psidium","australe","argenteum","VARIETY","ACCEPTED","2022-02-11T00:00:00","SOUTH_AMERICA","Distrito Federal",2020,10,25,"2020-10-25",299,299,"2023-10-09T16:33:04.000+00:00","2024-08-01T12:21:58.549+00:00",FALSE,"urn:catalog:JBRJ:RB:1501143","none","none","48b29504-e1ac-432c-a0d6-f09f46023207","e89ac5d6-77af-4d2a-adef-f54d512af4fa",TRUE,"RB - Rio de Janeiro Botanical Garden Herbarium Collection","RB 856087","M. Figueira; B. Schindler","L. Landrum","WGS84","Magnoliopsida","BR","none","none","LATIN_AMERICA","Brazil","LATIN_AMERICA","Rio de Janeiro Botanical Garden","1480","urn:catalog:JBRJ:RB:1501143","RB01501143","04.936.616/0001-20","JBRJ","Brasília","Parque Ecológico Burle Marx. WGS84","4428565341","RB","urn:catalog:JBRJ:RB:1501143","Psidium australe var. argenteum (O.Berg) Landrum","{""project"" : ""Flora do Brasil DF""}",NA,NA,NA,NA,NA,NA,NA,NA,NA,NA,NA,NA,NA,NA,NA,NA,NA,NA,NA,NA,NA,NA,NA,NA,NA,NA,NA,NA,NA,NA,NA,NA,NA,NA,NA,NA,NA,NA,NA,NA,NA,NA,NA,NA,NA,"http://jbrj-public-img.s3-sa-east-1.amazonaws.com/JPG/rb/1/50/11/43/01501143.jpg","http://creativecommons.org/publicdomain/zero/1.0/"
"1423913345","Psidium australe var. argenteum (O.Berg) Landrum",-22.238611,-47.895833,"cdc,cdround,gass84,colmafu,inmafu","4300f8d5-1ae5-49e5-a101-63894b005868","838537fc-4aeb-4980-8b58-97fbdcd1d91a","4b0d8edb-7504-42c4-9349-63e86c01bf97","da7fe11a-b42c-46cb-9e9d-02243edb738a","838537fc-4aeb-4980-8b58-97fbdcd1d91a","BR","EML","2024-08-01T12:04:19.955+00:00","2024-08-01T12:21:46.913+00:00",520,"PRESERVED_SPECIMEN","PRESENT",5420450,6,7707728,220,690,5014,3187232,5420449,5420450,"Psidium australe var. argenteum (O.Berg) Landrum","Plantae","Tracheophyta","Myrtales","Myrtaceae","Psidium","Psidium australe","Psidium","australe","argenteum","VARIETY","ACCEPTED","2015-12-01T00:00:00","SOUTH_AMERICA","São Paulo",2001,10,20,"2001-10-20",293,293,"2017-10-15T16:26:19.000+00:00","2024-08-01T12:21:46.913+00:00",FALSE,"urn:catalog:JBRJ:RB:1133396","none","none","48b29504-e1ac-432c-a0d6-f09f46023207","e89ac5d6-77af-4d2a-adef-f54d512af4fa",TRUE,"RB - Rio de Janeiro Botanical Garden Herbarium Collection","RB 651782","M.R. Fantinati","A. Giaretta","WGS84","Magnoliopsida","BR","none","none","LATIN_AMERICA","Brazil","LATIN_AMERICA","Rio de Janeiro Botanical Garden","22","urn:catalog:JBRJ:RB:1133396","RB01133396","04.936.616/0001-20","JBRJ","Itirapina","Estação ecológica de Itirapina. Caminho, estrada de ferro-ponte do Ribeirão do Lobo, distante 1500 m da referida ponte.","1423913345","RB","urn:catalog:JBRJ:RB:1133396","Psidium australe var. argenteum (O.Berg) Landrum",NA,799,"Cerrado. Campo limpo, lagoa temporária.",NA,NA,NA,NA,NA,NA,NA,NA,NA,NA,NA,NA,NA,NA,NA,NA,NA,NA,NA,NA,NA,NA,NA,NA,NA,NA,NA,NA,NA,NA,NA,NA,NA,NA,NA,NA,NA,NA,NA,NA,NA,NA,NA,"http://jbrj-public-img.s3-sa-east-1.amazonaws.com/JPG/rb/1/13/33/96/01133396.jpg","http://creativecommons.org/publicdomain/zero/1.0/"
"2270482210","Psidium australe var. argenteum (O.Berg) Landrum",-22.88119,-49.239062,"cdc,gass84,colmafu,inmafu","e05fd4c2-4d77-4c50-880e-1b22096af300","814cdfb5-d4f8-4453-815f-ea5df98e76bf",NA,"ac2ad091-91eb-482d-a73f-061744da5dbf","96710dc8-fecb-440d-ae3e-c34ae8a9616f","US","DWC_ARCHIVE","2024-08-01T19:50:53.747+00:00","2024-08-01T20:02:11.751+00:00",276,"PRESERVED_SPECIMEN","PRESENT",5420450,6,7707728,220,690,5014,3187232,5420449,5420450,"Psidium australe var. argenteum (O.Berg) Landrum","Plantae","Tracheophyta","Myrtales","Myrtaceae","Psidium","Psidium australe","Psidium","australe","argenteum","VARIETY","ACCEPTED",NA,"SOUTH_AMERICA","Sao Paulo",1995,12,19,"1995-12-19",353,353,"2023-07-16T07:02:03.000+00:00","2024-08-01T20:02:11.751+00:00",FALSE,"1124620","none","none","530c45d0-e0f7-401d-b3f6-34f58482c485","0bbd7d8f-706c-4e2a-9505-58b142356450",TRUE,NA,"207746","Souza & Souza",NA,"WGS84","Magnoliopsida","BR","none","none","LATIN_AMERICA","Brazil","NORTH_AMERICA",NA,"9634","1124620","ASU0005395",NA,"ASU",NA,"Aguas de Santa Barbara, ca. 11 km da cidade em direca~o a Lencois","2270482210","Plants","529bf623-01ab-4782-b9c6-f1db76dcb132","Psidium australe var. argenteum (O.Berg) Landrum",NA,NA,NA,11000,"alorozco","https://swbiodiversity.org/seinet/collections/individual/index.php?occid=1124620","herbariumSpecimenDuplicate: https://swbiodiversity.org/seinet/collections/individual/index.php?guid=df11967e-6d60-46d6-8fd0-82f980fe5cc1","reviewed - high confidence","529bf623-01ab-4782-b9c6-f1db76dcb132","33972","http://creativecommons.org/licenses/by-nc/3.0/","L. Landrum","Plantae|Spermatophyta|Tracheophyta|Magnoliophyta|Eudicots|Core Eudicots|Malvids|Rosids|Myrtales|Myrtaceae|Psidium|Psidium australe","var.","a2e32c87-d320-4a01-bafd-a9182ae2e191","fl","GoogleEarth",NA,NA,NA,NA,NA,NA,NA,NA,NA,NA,NA,NA,NA,NA,NA,NA,NA,NA,NA,NA,NA,NA,NA,NA,NA,NA,NA,NA,NA,"https://swbiodiversity.org/imglib/h_seinet/seinet/ASU/ASU0005/ASU0005395_lg.jpg","http://creativecommons.org/publicdomain/zero/1.0/"
"2270482978","Psidium australe var. argenteum (O.Berg) Landrum",-22.25,-47.8167,"cdc,gass84,colmafu,inmafu","e05fd4c2-4d77-4c50-880e-1b22096af300","814cdfb5-d4f8-4453-815f-ea5df98e76bf",NA,"ac2ad091-91eb-482d-a73f-061744da5dbf","96710dc8-fecb-440d-ae3e-c34ae8a9616f","US","DWC_ARCHIVE","2024-08-01T19:50:53.747+00:00","2024-08-01T20:02:11.749+00:00",276,"PRESERVED_SPECIMEN","PRESENT",5420450,6,7707728,220,690,5014,3187232,5420449,5420450,"Psidium australe var. argenteum (O.Berg) Landrum","Plantae","Tracheophyta","Myrtales","Myrtaceae","Psidium","Psidium australe","Psidium","australe","argenteum","VARIETY","ACCEPTED",NA,"SOUTH_AMERICA","Sao Paulo",1994,2,2,"1994-02-02",33,33,"2023-07-16T07:02:03.000+00:00","2024-08-01T20:02:11.749+00:00",FALSE,"1124594","none","none","530c45d0-e0f7-401d-b3f6-34f58482c485","0bbd7d8f-706c-4e2a-9505-58b142356450",FALSE,NA,"205102","Tamashiro",NA,"WGS84","Magnoliopsida","BR","none","none","LATIN_AMERICA","Brazil","NORTH_AMERICA",NA,"369","1124594","ASU0005388",NA,"ASU",NA,"Itirapina, Cerrado do Estrela","2270482978","Plants","ee8add72-4238-4b3b-887a-d83676fae622","Psidium australe var. argenteum (O.Berg) Landrum",NA,NA,NA,NA,NA,"https://swbiodiversity.org/seinet/collections/individual/index.php?occid=1124594",NA,NA,"ee8add72-4238-4b3b-887a-d83676fae622","33972","http://creativecommons.org/licenses/by-nc/3.0/","L. Landrum","Plantae|Spermatophyta|Tracheophyta|Magnoliophyta|Eudicots|Core Eudicots|Malvids|Rosids|Myrtales|Myrtaceae|Psidium|Psidium australe","var.","a2e32c87-d320-4a01-bafd-a9182ae2e191","fr",NA,"Itirapina",NA,NA,NA,NA,NA,NA,NA,NA,NA,NA,NA,NA,NA,NA,NA,NA,NA,NA,NA,NA,NA,NA,NA,NA,NA,NA,NA,NA,"https://swbiodiversity.org/imglib/h_seinet/seinet/ASU/ASU0005/ASU0005388_lg.jpg","http://creativecommons.org/publicdomain/zero/1.0/"
"2270482726","Psidium australe var. argenteum (O.Berg) Landrum",-22.25,-47.8308,"cdc,gass84,colmafu,inmafu","e05fd4c2-4d77-4c50-880e-1b22096af300","814cdfb5-d4f8-4453-815f-ea5df98e76bf",NA,"ac2ad091-91eb-482d-a73f-061744da5dbf","96710dc8-fecb-440d-ae3e-c34ae8a9616f","US","DWC_ARCHIVE","2024-08-01T19:50:53.747+00:00","2024-08-01T20:02:11.622+00:00",276,"PRESERVED_SPECIMEN","PRESENT",5420450,6,7707728,220,690,5014,3187232,5420449,5420450,"Psidium australe var. argenteum (O.Berg) Landrum","Plantae","Tracheophyta","Myrtales","Myrtaceae","Psidium","Psidium australe","Psidium","australe","argenteum","VARIETY","ACCEPTED",NA,"SOUTH_AMERICA","Sao Paulo",1994,10,19,"1994-10-19",292,292,"2023-07-16T07:02:03.000+00:00","2024-08-01T20:02:11.622+00:00",FALSE,"1124628","none","none","530c45d0-e0f7-401d-b3f6-34f58482c485","0bbd7d8f-706c-4e2a-9505-58b142356450",TRUE,NA,"204990","Kinoshita",NA,"WGS84","Magnoliopsida","BR","none","none","LATIN_AMERICA","Brazil","NORTH_AMERICA",NA,"32196","1124628","ASU0005197",NA,"ASU",NA,"Itirapina, Cerrado do Valerio","2270482726","Plants","a07977bd-abc9-445a-85b1-1341a336f3d9","Psidium australe var. argenteum (O.Berg) Landrum",NA,NA,NA,NA,NA,"https://swbiodiversity.org/seinet/collections/individual/index.php?occid=1124628",NA,NA,"a07977bd-abc9-445a-85b1-1341a336f3d9","33972","http://creativecommons.org/licenses/by-nc/3.0/","L. Landrum","Plantae|Spermatophyta|Tracheophyta|Magnoliophyta|Eudicots|Core Eudicots|Malvids|Rosids|Myrtales|Myrtaceae|Psidium|Psidium australe","var.","a2e32c87-d320-4a01-bafd-a9182ae2e191","fl",NA,NA,"Arbusto ca. 1 m; flores blancas",NA,NA,NA,NA,NA,NA,NA,NA,NA,NA,NA,NA,NA,NA,NA,NA,NA,NA,NA,NA,NA,NA,NA,NA,NA,NA,NA,"https://swbiodiversity.org/imglib/h_seinet/seinet/ASU/ASU0005/ASU0005197_lg.jpg","http://creativecommons.org/publicdomain/zero/1.0/"
"2270484124","Psidium australe var. argenteum (O.Berg) Landrum",-22.25,-47.8167,"cdc,gass84,colmafu,inmafu","e05fd4c2-4d77-4c50-880e-1b22096af300","814cdfb5-d4f8-4453-815f-ea5df98e76bf",NA,"ac2ad091-91eb-482d-a73f-061744da5dbf","96710dc8-fecb-440d-ae3e-c34ae8a9616f","US","DWC_ARCHIVE","2024-08-01T19:50:53.747+00:00","2024-08-01T20:02:11.683+00:00",276,"PRESERVED_SPECIMEN","PRESENT",5420450,6,7707728,220,690,5014,3187232,5420449,5420450,"Psidium australe var. argenteum (O.Berg) Landrum","Plantae","Tracheophyta","Myrtales","Myrtaceae","Psidium","Psidium australe","Psidium","australe","argenteum","VARIETY","ACCEPTED",NA,"SOUTH_AMERICA","Sao Paulo",1994,10,19,"1994-10-19",292,292,"2023-07-16T07:02:03.000+00:00","2024-08-01T20:02:11.683+00:00",FALSE,"1124629","none","none","530c45d0-e0f7-401d-b3f6-34f58482c485","0bbd7d8f-706c-4e2a-9505-58b142356450",FALSE,NA,"204974","Kinoshita",NA,"WGS84","Magnoliopsida","BR","none","none","LATIN_AMERICA","Brazil","NORTH_AMERICA",NA,"32201","1124629","ASU0005384",NA,"ASU",NA,"Itirapina, Cerrado do Valerio","2270484124","Plants","fff8eacc-fc13-49f3-a0eb-2902762152c6","Psidium australe var. argenteum (O.Berg) Landrum",NA,NA,NA,NA,NA,"https://swbiodiversity.org/seinet/collections/individual/index.php?occid=1124629",NA,NA,"fff8eacc-fc13-49f3-a0eb-2902762152c6","33972","http://creativecommons.org/licenses/by-nc/3.0/","L. Landrum","Plantae|Spermatophyta|Tracheophyta|Magnoliophyta|Eudicots|Core Eudicots|Malvids|Rosids|Myrtales|Myrtaceae|Psidium|Psidium australe","var.","a2e32c87-d320-4a01-bafd-a9182ae2e191","fl",NA,"Itirapina",NA,NA,NA,NA,NA,NA,NA,NA,NA,NA,NA,NA,NA,NA,NA,NA,NA,NA,NA,NA,NA,NA,NA,NA,NA,NA,NA,NA,"https://swbiodiversity.org/imglib/h_seinet/seinet/ASU/ASU0005/ASU0005384_lg.jpg","http://creativecommons.org/publicdomain/zero/1.0/"
"2270483854","Psidium australe var. argenteum (O.Berg) Landrum",-25.0833,-50.15,"cdc,gass84,colmafu,inmafu","e05fd4c2-4d77-4c50-880e-1b22096af300","814cdfb5-d4f8-4453-815f-ea5df98e76bf",NA,"ac2ad091-91eb-482d-a73f-061744da5dbf","96710dc8-fecb-440d-ae3e-c34ae8a9616f","US","DWC_ARCHIVE","2024-08-01T19:50:53.747+00:00","2024-08-01T20:02:11.825+00:00",276,"PRESERVED_SPECIMEN","PRESENT",5420450,6,7707728,220,690,5014,3187232,5420449,5420450,"Psidium australe var. argenteum (O.Berg) Landrum","Plantae","Tracheophyta","Myrtales","Myrtaceae","Psidium","Psidium australe","Psidium","australe","argenteum","VARIETY","ACCEPTED",NA,"SOUTH_AMERICA","Parana",1989,11,24,"1989-11-24",328,328,"2023-07-16T07:02:03.000+00:00","2024-08-01T20:02:11.825+00:00",FALSE,"1124596","none","none","530c45d0-e0f7-401d-b3f6-34f58482c485","0bbd7d8f-706c-4e2a-9505-58b142356450",FALSE,NA,"171310","Silva & Cordeiro","L. R. Landrum","WGS84","Magnoliopsida","BR","none","none","LATIN_AMERICA","Brazil","NORTH_AMERICA",NA,"736","1124596","ASU0005198",NA,"ASU",NA,"Buraco do Padre. Mun. Ponta Grossa","2270483854","Plants","1c83c9ec-812e-41c3-9b7b-a7c64a6f0f2b","Psidium australe var. argenteum (O.Berg) Landrum",NA,NA,NA,NA,NA,"https://swbiodiversity.org/seinet/collections/individual/index.php?occid=1124596","herbariumSpecimenDuplicate: https://swbiodiversity.org/seinet/collections/individual/index.php?guid=A3225018-0F7E-4659-883A-9531D8211608",NA,"1c83c9ec-812e-41c3-9b7b-a7c64a6f0f2b","33972","http://creativecommons.org/licenses/by-nc/3.0/","L. Landrum","Plantae|Spermatophyta|Tracheophyta|Magnoliophyta|Eudicots|Core Eudicots|Malvids|Rosids|Myrtales|Myrtaceae|Psidium|Psidium australe","var.","a2e32c87-d320-4a01-bafd-a9182ae2e191","fl",NA,"Ponta Grossa","arbusto 1 m;","campo limpo, seco",NA,NA,NA,NA,NA,NA,NA,NA,NA,NA,NA,NA,NA,NA,NA,NA,NA,NA,NA,NA,NA,NA,NA,NA,NA,NA,"https://swbiodiversity.org/imglib/h_seinet/seinet/ASU/ASU0005/ASU0005198_lg.jpg","http://creativecommons.org/publicdomain/zero/1.0/"
"2270482119","Psidium australe var. argenteum (O.Berg) Landrum",-21.1167,-44.1833,"cdc,gass84,colmafu,inmafu","e05fd4c2-4d77-4c50-880e-1b22096af300","814cdfb5-d4f8-4453-815f-ea5df98e76bf",NA,"ac2ad091-91eb-482d-a73f-061744da5dbf","96710dc8-fecb-440d-ae3e-c34ae8a9616f","US","DWC_ARCHIVE","2024-08-01T19:50:53.747+00:00","2024-08-01T20:02:11.605+00:00",276,"PRESERVED_SPECIMEN","PRESENT",5420450,6,7707728,220,690,5014,3187232,5420449,5420450,"Psidium australe var. argenteum (O.Berg) Landrum","Plantae","Tracheophyta","Myrtales","Myrtaceae","Psidium","Psidium australe","Psidium","australe","argenteum","VARIETY","ACCEPTED",NA,"SOUTH_AMERICA","Minas Gerais",1987,10,3,"1987-10-03",276,276,"2023-07-16T07:02:03.000+00:00","2024-08-01T20:02:11.605+00:00",FALSE,"1124592","none","none","530c45d0-e0f7-401d-b3f6-34f58482c485","0bbd7d8f-706c-4e2a-9505-58b142356450",TRUE,NA,"208063","Peron",NA,"WGS84","Magnoliopsida","BR","none","none","LATIN_AMERICA","Brazil","NORTH_AMERICA",NA,"320","1124592","ASU0005398",NA,"ASU",NA,"Serra de Sao Jose","2270482119","Plants","ee444085-3dd1-4630-85b0-10a6bd714efd","Psidium australe var. argenteum (O.Berg) Landrum",NA,NA,NA,NA,NA,"https://swbiodiversity.org/seinet/collections/individual/index.php?occid=1124592",NA,NA,"ee444085-3dd1-4630-85b0-10a6bd714efd","33972","http://creativecommons.org/licenses/by-nc/3.0/","L. Landrum","Plantae|Spermatophyta|Tracheophyta|Magnoliophyta|Eudicots|Core Eudicots|Malvids|Rosids|Myrtales|Myrtaceae|Psidium|Psidium australe","var.","a2e32c87-d320-4a01-bafd-a9182ae2e191","fl",NA,"Tiradentes",NA,NA,NA,NA,NA,NA,NA,NA,NA,NA,NA,NA,NA,NA,NA,NA,NA,NA,NA,NA,NA,NA,NA,NA,NA,NA,NA,NA,"https://swbiodiversity.org/imglib/h_seinet/seinet/ASU/ASU0005/ASU0005398_lg.jpg","http://creativecommons.org/publicdomain/zero/1.0/"
"2996597089","Psidium cuneatum Cambess.",0,0,"cucdmis,gass84,iddativ,rdativ,zerocd,colmafu,inmafu","5c9a924c-8d45-4452-8604-415a118578aa","838537fc-4aeb-4980-8b58-97fbdcd1d91a","4b0d8edb-7504-42c4-9349-63e86c01bf97","ecb15bdf-98de-4937-84f5-4f93ee9efc73","838537fc-4aeb-4980-8b58-97fbdcd1d91a","BR","EML","2024-07-01T12:08:27.274+00:00","2024-07-01T12:24:36.965+00:00",202,"PRESERVED_SPECIMEN","PRESENT",5420452,6,7707728,220,690,5014,3187232,5420449,5420450,"Psidium australe var. argenteum (O.Berg) Landrum","Plantae","Tracheophyta","Myrtales","Myrtaceae","Psidium","Psidium australe","Psidium","cuneatum",NA,"SPECIES","SYNONYM",NA,NA,NA,1987,12,9,"1987-12-09",343,343,NA,"2024-07-01T12:24:36.965+00:00",FALSE,"5038882","none","none","b745abcd-45b2-4a84-a327-9298e795dbfb","d3b42067-b567-4d47-a136-bb5d52ed32fc",TRUE,NA,"MBM 128094","Landrum, LR;et al.",NA,"WGS84","Magnoliopsida","AR","none","none","LATIN_AMERICA","Argentina","LATIN_AMERICA","MBM","5706","5038882","MBM128094",NA,"MBM",NA,NA,"2996597089","MBM","5038882","Psidium cuneatum Cambess.",NA,0,NA,NA,NA,NA,NA,NA,NA,NA,NA,NA,NA,NA,NA,NA,NA,NA,NA,NA,0,"none","NE","1987-12-9","Herbário Virtual REFLORA Disponível em: http://herbariovirtualreflora.jbrj.gov.br/reflora/herbarioVirtual/ConsultaPublicoHVUC/ConsultaPublicoHVUC.do?idTestemunho=5038882",NA,NA,NA,NA,NA,NA,NA,NA,NA,NA,NA,NA,NA,NA,NA,NA,NA,NA,NA,NA,NA,"http://imagens2.jbrj.gov.br/fsi/server?type=image&source=mbm/MBM/0/12/80/94/MBM128094.JPG","http://creativecommons.org/publicdomain/zero/1.0/"
"2270482893","Psidium australe var. argenteum (O.Berg) Landrum",-22.25,-47.8167,"cdc,gass84,colmafu,inmafu","e05fd4c2-4d77-4c50-880e-1b22096af300","814cdfb5-d4f8-4453-815f-ea5df98e76bf",NA,"ac2ad091-91eb-482d-a73f-061744da5dbf","96710dc8-fecb-440d-ae3e-c34ae8a9616f","US","DWC_ARCHIVE","2024-08-01T19:50:53.747+00:00","2024-08-01T20:02:11.785+00:00",276,"PRESERVED_SPECIMEN","PRESENT",5420450,6,7707728,220,690,5014,3187232,5420449,5420450,"Psidium australe var. argenteum (O.Berg) Landrum","Plantae","Tracheophyta","Myrtales","Myrtaceae","Psidium","Psidium australe","Psidium","australe","argenteum","VARIETY","ACCEPTED",NA,"SOUTH_AMERICA","Sao Paulo",1983,11,19,"1983-11-19",323,323,"2023-07-16T07:02:03.000+00:00","2024-08-01T20:02:11.785+00:00",FALSE,"1124571","none","none","530c45d0-e0f7-401d-b3f6-34f58482c485","0bbd7d8f-706c-4e2a-9505-58b142356450",FALSE,NA,"204755","Cesar",NA,"WGS84","Magnoliopsida","BR","none","none","LATIN_AMERICA","Brazil","NORTH_AMERICA",NA,"0","1124571","ASU0005390",NA,"ASU",NA,"Itirapina","2270482893","Plants","46e99564-5d14-4b63-b453-9d34c8d89485","Psidium australe var. argenteum (O.Berg) Landrum",NA,NA,NA,NA,NA,"https://swbiodiversity.org/seinet/collections/individual/index.php?occid=1124571",NA,NA,"46e99564-5d14-4b63-b453-9d34c8d89485","33972","http://creativecommons.org/licenses/by-nc/3.0/","L. Landrum","Plantae|Spermatophyta|Tracheophyta|Magnoliophyta|Eudicots|Core Eudicots|Malvids|Rosids|Myrtales|Myrtaceae|Psidium|Psidium australe","var.","a2e32c87-d320-4a01-bafd-a9182ae2e191","fl",NA,"Itirapina",NA,NA,NA,NA,NA,NA,NA,NA,NA,NA,NA,NA,NA,NA,NA,NA,NA,NA,NA,NA,NA,NA,NA,NA,NA,NA,NA,NA,"https://swbiodiversity.org/imglib/h_seinet/seinet/ASU/ASU0005/ASU0005390_lg.jpg","http://creativecommons.org/publicdomain/zero/1.0/"
"1929527839","Psidium australe var. argenteum (O.Berg) Landrum",-23.45,-48.42,"gass84,mdativ","d415c253-4d61-4459-9d25-4015b9084fb0","ae447c50-b8a8-11d8-92a4-b8a03c50a862",NA,"17017c2c-036b-45d9-b045-606d21b00771","ae447c50-b8a8-11d8-92a4-b8a03c50a862","US","EML","2024-07-21T04:09:35.210+00:00","2024-07-21T05:14:13.182+00:00",415,"PRESERVED_SPECIMEN","PRESENT",5420450,6,7707728,220,690,5014,3187232,5420449,5420450,"Psidium australe var. argenteum (O.Berg) Landrum","Plantae","Tracheophyta","Myrtales","Myrtaceae","Psidium","Psidium australe","Psidium","australe","argenteum","VARIETY","ACCEPTED","2007-01-01T00:00:00","SOUTH_AMERICA","São Paulo",1983,11,15,"1983-11-15",319,319,NA,"2024-07-21T05:14:13.182+00:00",FALSE,"7c97451a-e2bd-49ce-99ec-c3771825b135","none","none","ab83e5ab-f4f7-4c9b-a1d5-eb779dfb9377","b2190553-4505-4fdd-8fff-065c8ca26f72",FALSE,"Vascular plants",NA,"J. A. Ratter","C. E. B. Proença","WGS84","Magnoliopsida","BR","none","none","LATIN_AMERICA","Brazil","NORTH_AMERICA","The New York Botanical Garden","R4864","7c97451a-e2bd-49ce-99ec-c3771825b135","617033","http://biocol.org/urn:lsid:biocol.org:col:15556","NY",NA,"Floresta de Angatuba; Instituto Florestal de SP","1929527839","NY","7c97451a-e2bd-49ce-99ec-c3771825b135","Psidium australe var. argenteum (O.Berg) Landrum",NA,NA,NA,NA,NA,"http://sweetgum.nybg.org/science/vh/specimen_details.php?irn=46530",NA,NA,NA,NA,NA,NA,NA,NA,"http://biocol.org/urn:lsid:biocol.org:col:15556",NA,NA,NA,NA,"In low, sparse cerrado",NA,NA,NA,"15 Nov 1983",NA,"sheet","ICN","en","PhysicalObject",NA,NA,NA,NA,NA,NA,NA,NA,NA,NA,NA,NA,NA,NA,NA,NA,NA,"http://sweetgum.nybg.org/images3/2153/965/00617033.jpg","http://creativecommons.org/publicdomain/zero/1.0/"
"2270481983","Psidium australe var. argenteum (O.Berg) Landrum",-23.855956,-49.135801,"cdc,gass84,colmafu,inmafu","e05fd4c2-4d77-4c50-880e-1b22096af300","814cdfb5-d4f8-4453-815f-ea5df98e76bf",NA,"ac2ad091-91eb-482d-a73f-061744da5dbf","96710dc8-fecb-440d-ae3e-c34ae8a9616f","US","DWC_ARCHIVE","2024-08-01T19:50:53.747+00:00","2024-08-01T20:02:11.750+00:00",276,"PRESERVED_SPECIMEN","PRESENT",5420450,6,7707728,220,690,5014,3187232,5420449,5420450,"Psidium australe var. argenteum (O.Berg) Landrum","Plantae","Tracheophyta","Myrtales","Myrtaceae","Psidium","Psidium australe","Psidium","australe","argenteum","VARIETY","ACCEPTED",NA,"SOUTH_AMERICA","Sao Paulo",1982,2,17,"1982-02-17",48,48,"2023-07-16T07:02:03.000+00:00","2024-08-01T20:02:11.750+00:00",FALSE,"1124602","none","none","530c45d0-e0f7-401d-b3f6-34f58482c485","0bbd7d8f-706c-4e2a-9505-58b142356450",TRUE,NA,"160203","Kummrow",NA,"WGS84","Magnoliopsida","BR","none","none","LATIN_AMERICA","Brazil","NORTH_AMERICA",NA,"1786","1124602","ASU0005393",NA,"ASU",NA,"Rio Verde (mun. Itaberaba).","2270481983","Plants","14c419d8-b7c2-42d0-9826-bf33d8fe39e7","Psidium australe var. argenteum (O.Berg) Landrum",NA,NA,NA,4500,"alorozco","https://swbiodiversity.org/seinet/collections/individual/index.php?occid=1124602",NA,"reviewed - high confidence","14c419d8-b7c2-42d0-9826-bf33d8fe39e7","33972","http://creativecommons.org/licenses/by-nc/3.0/","L. Landrum","Plantae|Spermatophyta|Tracheophyta|Magnoliophyta|Eudicots|Core Eudicots|Malvids|Rosids|Myrtales|Myrtaceae|Psidium|Psidium australe","var.","a2e32c87-d320-4a01-bafd-a9182ae2e191","fr","GoogleEarth",NA,NA,NA,NA,NA,NA,NA,NA,NA,NA,NA,NA,NA,NA,NA,NA,NA,NA,NA,NA,NA,NA,NA,NA,NA,NA,NA,NA,NA,"https://swbiodiversity.org/imglib/h_seinet/seinet/ASU/ASU0005/ASU0005393_lg.jpg","http://creativecommons.org/publicdomain/zero/1.0/"
"2270481670","Psidium australe var. argenteum (O.Berg) Landrum",-18.6167,-43.5333,"cdc,gass84,colmafu,inmafu","e05fd4c2-4d77-4c50-880e-1b22096af300","814cdfb5-d4f8-4453-815f-ea5df98e76bf",NA,"ac2ad091-91eb-482d-a73f-061744da5dbf","96710dc8-fecb-440d-ae3e-c34ae8a9616f","US","DWC_ARCHIVE","2024-08-01T19:50:53.747+00:00","2024-08-01T20:02:11.828+00:00",276,"PRESERVED_SPECIMEN","PRESENT",5420450,6,7707728,220,690,5014,3187232,5420449,5420450,"Psidium australe var. argenteum (O.Berg) Landrum","Plantae","Tracheophyta","Myrtales","Myrtaceae","Psidium","Psidium australe","Psidium","australe","argenteum","VARIETY","ACCEPTED",NA,"SOUTH_AMERICA","Minas Gerais",1982,3,13,"1982-03-13",72,72,"2023-07-16T07:02:03.000+00:00","2024-08-01T20:02:11.828+00:00",FALSE,"1124631","none","none","530c45d0-e0f7-401d-b3f6-34f58482c485","0bbd7d8f-706c-4e2a-9505-58b142356450",FALSE,NA,"160204","Hatschbach",NA,"WGS84","Magnoliopsida","BR","none","none","LATIN_AMERICA","Brazil","NORTH_AMERICA",NA,"44706","1124631","ASU0005385",NA,"ASU",NA,"Pedro Less","2270481670","Plants","f60af117-601f-48df-9da9-d4c947f097fc","Psidium australe var. argenteum (O.Berg) Landrum",NA,NA,NA,NA,NA,"https://swbiodiversity.org/seinet/collections/individual/index.php?occid=1124631",NA,NA,"f60af117-601f-48df-9da9-d4c947f097fc","33972","http://creativecommons.org/licenses/by-nc/3.0/","L. Landrum","Plantae|Spermatophyta|Tracheophyta|Magnoliophyta|Eudicots|Core Eudicots|Malvids|Rosids|Myrtales|Myrtaceae|Psidium|Psidium australe","var.","a2e32c87-d320-4a01-bafd-a9182ae2e191","fr",NA,"Tijucal",NA,NA,NA,NA,NA,NA,NA,NA,NA,NA,NA,NA,NA,NA,NA,NA,NA,NA,NA,NA,NA,NA,NA,NA,NA,NA,NA,NA,"https://swbiodiversity.org/imglib/h_seinet/seinet/ASU/ASU0005/ASU0005385_lg.jpg","http://creativecommons.org/publicdomain/zero/1.0/"
"2270483023","Psidium australe var. argenteum (O.Berg) Landrum",-22.3667,-46.95,"cdc,gass84,colmafu,inmafu","e05fd4c2-4d77-4c50-880e-1b22096af300","814cdfb5-d4f8-4453-815f-ea5df98e76bf",NA,"ac2ad091-91eb-482d-a73f-061744da5dbf","96710dc8-fecb-440d-ae3e-c34ae8a9616f","US","DWC_ARCHIVE","2024-08-01T19:50:53.747+00:00","2024-08-01T20:02:11.684+00:00",276,"PRESERVED_SPECIMEN","PRESENT",5420450,6,7707728,220,690,5014,3187232,5420449,5420450,"Psidium australe var. argenteum (O.Berg) Landrum","Plantae","Tracheophyta","Myrtales","Myrtaceae","Psidium","Psidium australe","Psidium","australe","argenteum","VARIETY","ACCEPTED",NA,"SOUTH_AMERICA","Sao Paulo",1981,1,26,"1981-01-26",26,26,"2023-07-16T07:02:03.000+00:00","2024-08-01T20:02:11.684+00:00",FALSE,"1124647","none","none","530c45d0-e0f7-401d-b3f6-34f58482c485","0bbd7d8f-706c-4e2a-9505-58b142356450",FALSE,NA,"205115","Mantovani",NA,"WGS84","Magnoliopsida","BR","none","none","LATIN_AMERICA","Brazil","NORTH_AMERICA",NA,"1605","1124647","ASU0005428",NA,"ASU",NA,"Moji-Guacu, Martinho Prado, Reserva Biologica da Fazenda Campininha","2270483023","Plants","d66a7d2e-9335-49f9-86de-895c33bc403a","Psidium australe var. argenteum (O.Berg) Landrum",NA,NA,NA,NA,NA,"https://swbiodiversity.org/seinet/collections/individual/index.php?occid=1124647",NA,NA,"d66a7d2e-9335-49f9-86de-895c33bc403a","33972","http://creativecommons.org/licenses/by-nc/3.0/","L. Landrum","Plantae|Spermatophyta|Tracheophyta|Magnoliophyta|Eudicots|Core Eudicots|Malvids|Rosids|Myrtales|Myrtaceae|Psidium|Psidium australe","var.","a2e32c87-d320-4a01-bafd-a9182ae2e191","fl",NA,"Mogi-Guacu",NA,NA,NA,NA,NA,NA,NA,NA,NA,NA,NA,NA,NA,NA,NA,NA,NA,NA,NA,NA,NA,NA,NA,NA,NA,NA,NA,NA,"https://swbiodiversity.org/imglib/h_seinet/seinet/ASU/ASU0005/ASU0005428_lg.jpg","http://creativecommons.org/publicdomain/zero/1.0/"
"2270482854","Psidium australe var. argenteum (O.Berg) Landrum",-22.3667,-46.95,"cdc,gass84,colmafu,inmafu","e05fd4c2-4d77-4c50-880e-1b22096af300","814cdfb5-d4f8-4453-815f-ea5df98e76bf",NA,"ac2ad091-91eb-482d-a73f-061744da5dbf","96710dc8-fecb-440d-ae3e-c34ae8a9616f","US","DWC_ARCHIVE","2024-08-01T19:50:53.747+00:00","2024-08-01T20:02:11.622+00:00",276,"PRESERVED_SPECIMEN","PRESENT",5420450,6,7707728,220,690,5014,3187232,5420449,5420450,"Psidium australe var. argenteum (O.Berg) Landrum","Plantae","Tracheophyta","Myrtales","Myrtaceae","Psidium","Psidium australe","Psidium","australe","argenteum","VARIETY","ACCEPTED",NA,"SOUTH_AMERICA","Sao Paulo",1980,10,15,"1980-10-15",289,289,"2023-07-16T07:02:03.000+00:00","2024-08-01T20:02:11.622+00:00",FALSE,"1124600","none","none","530c45d0-e0f7-401d-b3f6-34f58482c485","0bbd7d8f-706c-4e2a-9505-58b142356450",FALSE,NA,"204999","Mantovani",NA,"WGS84","Magnoliopsida","BR","none","none","LATIN_AMERICA","Brazil","NORTH_AMERICA",NA,"1163","1124600","ASU0005391",NA,"ASU",NA,"Moji-Guacu, Martinho Prado, Reserva Biologica da Fazenda Campininha","2270482854","Plants","c34ea166-326d-4c07-871a-2a1e7ba55129","Psidium australe var. argenteum (O.Berg) Landrum",NA,NA,NA,NA,NA,"https://swbiodiversity.org/seinet/collections/individual/index.php?occid=1124600",NA,NA,"c34ea166-326d-4c07-871a-2a1e7ba55129","33972","http://creativecommons.org/licenses/by-nc/3.0/","L. Landrum","Plantae|Spermatophyta|Tracheophyta|Magnoliophyta|Eudicots|Core Eudicots|Malvids|Rosids|Myrtales|Myrtaceae|Psidium|Psidium australe","var.","a2e32c87-d320-4a01-bafd-a9182ae2e191","fl",NA,"Mogi-Guacu","RB 298754",NA,NA,NA,NA,NA,NA,NA,NA,NA,NA,NA,NA,NA,NA,NA,NA,NA,NA,NA,NA,NA,NA,NA,NA,NA,NA,NA,"https://swbiodiversity.org/imglib/h_seinet/seinet/ASU/ASU0005/ASU0005391_lg.jpg","http://creativecommons.org/publicdomain/zero/1.0/"
"2270484908","Psidium australe var. argenteum (O.Berg) Landrum",-22.8667,-48.4333,"cdc,gass84,colmafu,inmafu","e05fd4c2-4d77-4c50-880e-1b22096af300","814cdfb5-d4f8-4453-815f-ea5df98e76bf",NA,"ac2ad091-91eb-482d-a73f-061744da5dbf","96710dc8-fecb-440d-ae3e-c34ae8a9616f","US","DWC_ARCHIVE","2024-08-01T19:50:53.747+00:00","2024-08-01T20:02:11.853+00:00",276,"PRESERVED_SPECIMEN","PRESENT",5420450,6,7707728,220,690,5014,3187232,5420449,5420450,"Psidium australe var. argenteum (O.Berg) Landrum","Plantae","Tracheophyta","Myrtales","Myrtaceae","Psidium","Psidium australe","Psidium","australe","argenteum","VARIETY","ACCEPTED",NA,"SOUTH_AMERICA","Sao Paulo",1974,10,17,"1974-10-17",290,290,"2023-07-16T07:02:03.000+00:00","2024-08-01T20:02:11.853+00:00",FALSE,"1125138","none","none","530c45d0-e0f7-401d-b3f6-34f58482c485","0bbd7d8f-706c-4e2a-9505-58b142356450",FALSE,NA,"228620","Gottsberger","L.R. Landrum, 2004.","WGS84","Magnoliopsida","BR","none","none","LATIN_AMERICA","Brazil","NORTH_AMERICA",NA,"17-171074","1125138","ASU0005389",NA,"ASU",NA,"13km ao Sul da cidade, ao longo da estrada Botucatu-Pardinho, antes  da entrada para a fazenda '4 Meninas'.","2270484908","Plants","1e36ef07-bd03-4900-857e-7e6cf40e02f7","Psidium australe var. argenteum (O.Berg) Landrum",NA,NA,NA,NA,NA,"https://swbiodiversity.org/seinet/collections/individual/index.php?occid=1125138",NA,NA,"1e36ef07-bd03-4900-857e-7e6cf40e02f7","33972","http://creativecommons.org/licenses/by-nc/3.0/","marisin","Plantae|Spermatophyta|Tracheophyta|Magnoliophyta|Eudicots|Core Eudicots|Malvids|Rosids|Myrtales|Myrtaceae|Psidium|Psidium australe","var.","a2e32c87-d320-4a01-bafd-a9182ae2e191","fl",NA,"Botucatu","Arbusto c. 0.5m de altura; flores brancas, cheias ","Cerrado com uma area de aproximadamente 3km, cobri",NA,NA,NA,NA,NA,NA,NA,NA,NA,NA,NA,NA,NA,NA,NA,NA,NA,NA,NA,NA,NA,NA,NA,NA,NA,NA,"https://swbiodiversity.org/imglib/h_seinet/seinet/ASU/ASU0005/ASU0005389_lg.jpg","http://creativecommons.org/publicdomain/zero/1.0/"
"2270480377","Psidium australe var. argenteum (O.Berg) Landrum",-22.75,-48.4167,"cdc,gass84,colmafu,inmafu","e05fd4c2-4d77-4c50-880e-1b22096af300","814cdfb5-d4f8-4453-815f-ea5df98e76bf",NA,"ac2ad091-91eb-482d-a73f-061744da5dbf","96710dc8-fecb-440d-ae3e-c34ae8a9616f","US","DWC_ARCHIVE","2024-08-01T19:50:53.747+00:00","2024-08-01T20:02:11.751+00:00",276,"PRESERVED_SPECIMEN","PRESENT",5420450,6,7707728,220,690,5014,3187232,5420449,5420450,"Psidium australe var. argenteum (O.Berg) Landrum","Plantae","Tracheophyta","Myrtales","Myrtaceae","Psidium","Psidium australe","Psidium","australe","argenteum","VARIETY","ACCEPTED",NA,"SOUTH_AMERICA","Sao Paulo",1972,9,29,"1972-09-29",273,273,"2023-07-16T07:02:03.000+00:00","2024-08-01T20:02:11.751+00:00",FALSE,"1125136","none","none","530c45d0-e0f7-401d-b3f6-34f58482c485","0bbd7d8f-706c-4e2a-9505-58b142356450",FALSE,NA,"228609","Gottsberger","L.R. Landrum, 2004.","WGS84","Magnoliopsida","BR","none","none","LATIN_AMERICA","Brazil","NORTH_AMERICA",NA,"196R-28972","1125136","ASU0005383",NA,"ASU",NA,"18km north, 14km East of Sao Manuel. Along the Sao Manuel-Piracicaba. Near ex-railway station. 'Treze de Maio'","2270480377","Plants","25117201-a5e5-4d9e-a2fb-441c47b3db10","Psidium australe var. argenteum (O.Berg) Landrum",NA,550,NA,NA,NA,"https://swbiodiversity.org/seinet/collections/individual/index.php?occid=1125136",NA,NA,"25117201-a5e5-4d9e-a2fb-441c47b3db10","33972","http://creativecommons.org/licenses/by-nc/3.0/","marisin","Plantae|Spermatophyta|Tracheophyta|Magnoliophyta|Eudicots|Core Eudicots|Malvids|Rosids|Myrtales|Myrtaceae|Psidium|Psidium australe","var.","a2e32c87-d320-4a01-bafd-a9182ae2e191","fr",NA,"Botucatu","Shrub 0.5m to 0.8m tall; ripe fruits green covered","Cerrado vegetation, xeromorphic tree and scrub woo",NA,NA,NA,NA,NA,NA,NA,NA,NA,NA,NA,NA,NA,NA,NA,NA,NA,NA,NA,NA,NA,NA,NA,NA,NA,NA,"https://swbiodiversity.org/imglib/h_seinet/seinet/ASU/ASU0005/ASU0005383_lg.jpg","http://creativecommons.org/publicdomain/zero/1.0/"
"2270482844","Psidium australe var. argenteum (O.Berg) Landrum",-22.75,-48.4167,"cdc,gass84,colmafu,inmafu","e05fd4c2-4d77-4c50-880e-1b22096af300","814cdfb5-d4f8-4453-815f-ea5df98e76bf",NA,"ac2ad091-91eb-482d-a73f-061744da5dbf","96710dc8-fecb-440d-ae3e-c34ae8a9616f","US","DWC_ARCHIVE","2024-08-01T19:50:53.747+00:00","2024-08-01T20:02:11.719+00:00",276,"PRESERVED_SPECIMEN","PRESENT",5420450,6,7707728,220,690,5014,3187232,5420449,5420450,"Psidium australe var. argenteum (O.Berg) Landrum","Plantae","Tracheophyta","Myrtales","Myrtaceae","Psidium","Psidium australe","Psidium","australe","argenteum","VARIETY","ACCEPTED",NA,"SOUTH_AMERICA","Sao Paulo",1971,10,8,"1971-10-08",281,281,"2023-07-16T07:02:03.000+00:00","2024-08-01T20:02:11.719+00:00",FALSE,"1125137","none","none","530c45d0-e0f7-401d-b3f6-34f58482c485","0bbd7d8f-706c-4e2a-9505-58b142356450",FALSE,NA,"228610","Gottsberger","L.R. Landrum, 2004.","WGS84","Magnoliopsida","BR","none","none","LATIN_AMERICA","Brazil","NORTH_AMERICA",NA,"22R-81071","1125137","ASU0005394",NA,"ASU",NA,"18km north, 14km East of Sao Manuel. Along the Sao Manuel-Piracicaba. Near ex-railway station 'Treze de Maio'","2270482844","Plants","453038a6-2001-40dd-a4f0-7be2d7cd8a64","Psidium australe var. argenteum (O.Berg) Landrum",NA,550,NA,NA,NA,"https://swbiodiversity.org/seinet/collections/individual/index.php?occid=1125137",NA,NA,"453038a6-2001-40dd-a4f0-7be2d7cd8a64","33972","http://creativecommons.org/licenses/by-nc/3.0/","marisin","Plantae|Spermatophyta|Tracheophyta|Magnoliophyta|Eudicots|Core Eudicots|Malvids|Rosids|Myrtales|Myrtaceae|Psidium|Psidium australe","var.","a2e32c87-d320-4a01-bafd-a9182ae2e191",NA,NA,NA,NA,"cerrado vegetation; xeromorphic tree and scrub woo",NA,NA,NA,NA,NA,NA,NA,NA,NA,NA,NA,NA,NA,NA,NA,NA,NA,NA,NA,NA,NA,NA,NA,NA,NA,NA,"https://swbiodiversity.org/imglib/h_seinet/seinet/ASU/ASU0005/ASU0005394_lg.jpg","http://creativecommons.org/publicdomain/zero/1.0/"
"1424077612","Psidium australe var. argenteum (O.Berg) Landrum",-15.08333,-60.13333,"cdc,gass84,colmafu,inmafu","4300f8d5-1ae5-49e5-a101-63894b005868","838537fc-4aeb-4980-8b58-97fbdcd1d91a","4b0d8edb-7504-42c4-9349-63e86c01bf97","da7fe11a-b42c-46cb-9e9d-02243edb738a","838537fc-4aeb-4980-8b58-97fbdcd1d91a","BR","EML","2024-08-01T12:04:19.955+00:00","2024-08-01T12:21:34.065+00:00",520,"PRESERVED_SPECIMEN","PRESENT",5420450,6,7707728,220,690,5014,3187232,5420449,5420450,"Psidium australe var. argenteum (O.Berg) Landrum","Plantae","Tracheophyta","Myrtales","Myrtaceae","Psidium","Psidium australe","Psidium","australe","argenteum","VARIETY","ACCEPTED","2015-09-17T00:00:00","SOUTH_AMERICA","Mato Grosso",1971,11,29,"1971-11-29",333,333,"2021-08-23T18:18:22.000+00:00","2024-08-01T12:21:34.065+00:00",FALSE,"urn:catalog:JBRJ:RB:316624","none","none","48b29504-e1ac-432c-a0d6-f09f46023207","e89ac5d6-77af-4d2a-adef-f54d512af4fa",FALSE,"RB - Rio de Janeiro Botanical Garden Herbarium Collection","RB 181509","João da Silva Costa","TULER.A.C.","WGS84","Magnoliopsida","BR","none","none","LATIN_AMERICA","Brazil","LATIN_AMERICA","Rio de Janeiro Botanical Garden","1300","urn:catalog:JBRJ:RB:316624","RB00316624","04.936.616/0001-20","JBRJ","Mato Grosso",NA,"1424077612","RB","urn:catalog:JBRJ:RB:316624","Psidium australe var. argenteum (O.Berg) Landrum",NA,NA,NA,NA,NA,NA,NA,"inferred coordinates",NA,NA,NA,NA,NA,NA,NA,NA,NA,NA,"Planta, com 1 m de altura, com frutos verdes.",NA,NA,NA,NA,NA,NA,NA,NA,NA,NA,NA,NA,NA,NA,NA,NA,NA,NA,NA,NA,NA,NA,NA,NA,NA,NA,NA,"http://jbrj-public-img.s3-sa-east-1.amazonaws.com/JPG/rb/0/31/66/24/00316624.jpg","http://creativecommons.org/publicdomain/zero/1.0/"
"1929810778","Psidium australe var. argenteum (O.Berg) Landrum",-17.99421,-47.76956,"mdativ","d415c253-4d61-4459-9d25-4015b9084fb0","ae447c50-b8a8-11d8-92a4-b8a03c50a862",NA,"17017c2c-036b-45d9-b045-606d21b00771","ae447c50-b8a8-11d8-92a4-b8a03c50a862","US","EML","2024-07-21T04:09:35.210+00:00","2024-07-21T05:14:20.633+00:00",415,"PRESERVED_SPECIMEN","PRESENT",5420450,6,7707728,220,690,5014,3187232,5420449,5420450,"Psidium australe var. argenteum (O.Berg) Landrum","Plantae","Tracheophyta","Myrtales","Myrtaceae","Psidium","Psidium australe","Psidium","australe","argenteum","VARIETY","ACCEPTED","2004-01-01T00:00:00","SOUTH_AMERICA","Goiás",1970,1,23,"1970-01-23",23,23,NA,"2024-07-21T05:14:20.633+00:00",FALSE,"90b9998d-08e1-4b8a-abc7-6ef9c1b858af","none","none","ab83e5ab-f4f7-4c9b-a1d5-eb779dfb9377","b2190553-4505-4fdd-8fff-065c8ca26f72",FALSE,"Vascular plants",NA,"H. S. Irwin","L. R. Landrum","WGS84","Magnoliopsida","BR","none","none","LATIN_AMERICA","Brazil","NORTH_AMERICA","The New York Botanical Garden","25247a","90b9998d-08e1-4b8a-abc7-6ef9c1b858af","1182374","http://biocol.org/urn:lsid:biocol.org:col:15556","NY",NA,"Contraforte Central, ca. 27 km N.E. of Catalão","1929810778","NY","90b9998d-08e1-4b8a-abc7-6ef9c1b858af","Psidium australe var. argenteum (O.Berg) Landrum",NA,875,NA,1000,NA,"http://sweetgum.nybg.org/science/vh/specimen_details.php?irn=1401166",NA,NA,NA,NA,NA,NA,NA,NA,"http://biocol.org/urn:lsid:biocol.org:col:15556",NA,"speciesLink (http://splink.cria.org.br/)","Catalão Mun.","Label probably wrong. Plant description does not match specimen. Other collection of Irwin 25247 is Tibouchina.","Cerrado. Cerrado and gallery woods.",0,NA,NA,"23 Jan 1970",NA,"sheet","ICN","en","PhysicalObject",NA,NA,"online gazetteer","2871 ft",NA,NA,NA,NA,NA,NA,NA,NA,NA,NA,NA,NA,NA,"http://sweetgum.nybg.org/images3/835/482/01182374.jpg","http://creativecommons.org/publicdomain/zero/1.0/"
"1929888531","Psidium australe var. argenteum (O.Berg) Landrum",-18.0006,-47.77624,"mdativ","d415c253-4d61-4459-9d25-4015b9084fb0","ae447c50-b8a8-11d8-92a4-b8a03c50a862",NA,"17017c2c-036b-45d9-b045-606d21b00771","ae447c50-b8a8-11d8-92a4-b8a03c50a862","US","EML","2024-07-21T04:09:35.210+00:00","2024-07-21T05:14:22.883+00:00",415,"PRESERVED_SPECIMEN","PRESENT",5420450,6,7707728,220,690,5014,3187232,5420449,5420450,"Psidium australe var. argenteum (O.Berg) Landrum","Plantae","Tracheophyta","Myrtales","Myrtaceae","Psidium","Psidium australe","Psidium","australe","argenteum","VARIETY","ACCEPTED","2004-01-01T00:00:00","SOUTH_AMERICA","Goiás",1970,1,23,"1970-01-23",23,23,NA,"2024-07-21T05:14:22.883+00:00",FALSE,"962ea32f-7cbd-478a-886c-cb83b8d41dd0","none","none","ab83e5ab-f4f7-4c9b-a1d5-eb779dfb9377","b2190553-4505-4fdd-8fff-065c8ca26f72",FALSE,"Vascular plants",NA,"H. S. Irwin","L. R. Landrum","WGS84","Magnoliopsida","BR","none","none","LATIN_AMERICA","Brazil","NORTH_AMERICA","The New York Botanical Garden","25224","962ea32f-7cbd-478a-886c-cb83b8d41dd0","00958045","http://biocol.org/urn:lsid:biocol.org:col:15556","NY",NA,"Contraforte Central, ca. 26 km N.E. of Catalão","1929888531","NY","962ea32f-7cbd-478a-886c-cb83b8d41dd0","Psidium australe var. argenteum (O.Berg) Landrum",NA,875,NA,1000,NA,"http://sweetgum.nybg.org/science/vh/specimen_details.php?irn=1021053",NA,NA,NA,NA,NA,NA,NA,NA,"http://biocol.org/urn:lsid:biocol.org:col:15556",NA,"speciesLink (http://splink.cria.org.br/)","Catalão Mun.",NA,"Cerrado and gallery woods",0,NA,NA,"23 Jan 1970",NA,"sheet","ICN","en","PhysicalObject",NA,NA,"online gazetteer","2871 ft",NA,NA,NA,NA,NA,NA,NA,NA,NA,NA,NA,NA,NA,"http://sweetgum.nybg.org/images3/2155/596/00958045.jpg","http://creativecommons.org/publicdomain/zero/1.0/"
"1929534801","Psidium australe var. argenteum (O.Berg) Landrum",-17.05385,-47.1541,"mdativ","d415c253-4d61-4459-9d25-4015b9084fb0","ae447c50-b8a8-11d8-92a4-b8a03c50a862",NA,"17017c2c-036b-45d9-b045-606d21b00771","ae447c50-b8a8-11d8-92a4-b8a03c50a862","US","EML","2024-07-21T04:09:35.210+00:00","2024-07-21T05:15:52.873+00:00",415,"PRESERVED_SPECIMEN","PRESENT",5420450,6,7707728,220,690,5014,3187232,5420449,5420450,"Psidium australe var. argenteum (O.Berg) Landrum","Plantae","Tracheophyta","Myrtales","Myrtaceae","Psidium","Psidium australe","Psidium","australe","argenteum","VARIETY","ACCEPTED","2004-01-01T00:00:00","SOUTH_AMERICA","Minas Gerais",1970,2,8,"1970-02-08",39,39,NA,"2024-07-21T05:15:52.873+00:00",FALSE,"7d042045-15fb-426d-886b-1781efe91d4c","none","none","ab83e5ab-f4f7-4c9b-a1d5-eb779dfb9377","b2190553-4505-4fdd-8fff-065c8ca26f72",FALSE,"Vascular plants",NA,"H. S. Irwin","L. R. Landrum","WGS84","Magnoliopsida","BR","none","none","LATIN_AMERICA","Brazil","NORTH_AMERICA","The New York Botanical Garden","26330","7d042045-15fb-426d-886b-1781efe91d4c","00958043","http://biocol.org/urn:lsid:biocol.org:col:15556","NY",NA,"Serra da Tiririca, ca. 35 km N.W. of Paracatú","1929534801","NY","7d042045-15fb-426d-886b-1781efe91d4c","Psidium australe var. argenteum (O.Berg) Landrum",NA,NA,NA,NA,NA,"http://sweetgum.nybg.org/science/vh/specimen_details.php?irn=1021051",NA,NA,NA,NA,NA,NA,NA,NA,"http://biocol.org/urn:lsid:biocol.org:col:15556",NA,"Google Earth (map data 2006)","Paracatu Mun.",NA,"Cerrado",NA,NA,NA,"08 Feb 1970",NA,"sheet","ICN","en","PhysicalObject",NA,NA,NA,"3281 ft",NA,NA,NA,NA,NA,NA,NA,NA,NA,NA,NA,NA,NA,"http://sweetgum.nybg.org/images3/2155/594/00958043.jpg","http://creativecommons.org/publicdomain/zero/1.0/"
"2996810375","Psidium argenteum O.Berg",0,0,"cucdmis,gass84,iddativ,zerocd,colmafu,inmafu","5c9a924c-8d45-4452-8604-415a118578aa","838537fc-4aeb-4980-8b58-97fbdcd1d91a","4b0d8edb-7504-42c4-9349-63e86c01bf97","ecb15bdf-98de-4937-84f5-4f93ee9efc73","838537fc-4aeb-4980-8b58-97fbdcd1d91a","BR","EML","2024-07-01T12:08:27.274+00:00","2024-07-01T12:24:38.119+00:00",202,"PRESERVED_SPECIMEN","PRESENT",5420451,6,7707728,220,690,5014,3187232,5420449,5420450,"Psidium australe var. argenteum (O.Berg) Landrum","Plantae","Tracheophyta","Myrtales","Myrtaceae","Psidium","Psidium australe","Psidium","argenteum",NA,"SPECIES","SYNONYM",NA,NA,"Mato Grosso",1970,10,24,"1970-10-24",297,297,NA,"2024-07-01T12:24:38.119+00:00",FALSE,"5063563","none","none","b745abcd-45b2-4a84-a327-9298e795dbfb","d3b42067-b567-4d47-a136-bb5d52ed32fc",TRUE,NA,"MBM 19599","Hatschbach, G","Legrand, D","WGS84","Magnoliopsida","BR","none","none","LATIN_AMERICA","Brazil","LATIN_AMERICA","MBM","25183","5063563","MBM019599",NA,"MBM","Rio Brilhante","Rio Vacaria","2996810375","MBM","5063563","Psidium argenteum O.Berg",NA,0,NA,NA,NA,NA,NA,NA,NA,NA,NA,NA,NA,NA,NA,NA,NA,NA,NA,NA,0,"none","NE","1970-10-24","Herbário Virtual REFLORA Disponível em: http://herbariovirtualreflora.jbrj.gov.br/reflora/herbarioVirtual/ConsultaPublicoHVUC/ConsultaPublicoHVUC.do?idTestemunho=5063563",NA,NA,NA,NA,NA,NA,NA,NA,NA,NA,NA,NA,NA,NA,NA,NA,NA,NA,NA,NA,NA,"http://imagens2.jbrj.gov.br/fsi/server?type=image&source=mbm/MBM/0/1/95/99/MBM019599.JPG","http://creativecommons.org/publicdomain/zero/1.0/"
"2996617303","Psidium argenteum O.Berg",0,0,"cucdmis,gass84,iddativ,zerocd,colmafu,inmafu","5c9a924c-8d45-4452-8604-415a118578aa","838537fc-4aeb-4980-8b58-97fbdcd1d91a","4b0d8edb-7504-42c4-9349-63e86c01bf97","ecb15bdf-98de-4937-84f5-4f93ee9efc73","838537fc-4aeb-4980-8b58-97fbdcd1d91a","BR","EML","2024-07-01T12:08:27.274+00:00","2024-07-01T12:24:38.836+00:00",202,"PRESERVED_SPECIMEN","PRESENT",5420451,6,7707728,220,690,5014,3187232,5420449,5420450,"Psidium australe var. argenteum (O.Berg) Landrum","Plantae","Tracheophyta","Myrtales","Myrtaceae","Psidium","Psidium australe","Psidium","argenteum",NA,"SPECIES","SYNONYM",NA,NA,"Mato Grosso",1970,10,22,"1970-10-22",295,295,NA,"2024-07-01T12:24:38.836+00:00",FALSE,"5063570","none","none","b745abcd-45b2-4a84-a327-9298e795dbfb","d3b42067-b567-4d47-a136-bb5d52ed32fc",TRUE,NA,"MBM 19604","Hatschbach, G","Legrand, D","WGS84","Magnoliopsida","BR","none","none","LATIN_AMERICA","Brazil","LATIN_AMERICA","MBM","25019","5063570","MBM019604",NA,"MBM","Rio Brilhante","Rod. BR-267, entroncamento","2996617303","MBM","5063570","Psidium argenteum O.Berg",NA,0,NA,NA,NA,NA,NA,NA,NA,NA,NA,NA,NA,NA,NA,NA,NA,NA,NA,NA,0,"none","NE","1970-10-22","Herbário Virtual REFLORA Disponível em: http://herbariovirtualreflora.jbrj.gov.br/reflora/herbarioVirtual/ConsultaPublicoHVUC/ConsultaPublicoHVUC.do?idTestemunho=5063570",NA,NA,NA,NA,NA,NA,NA,NA,NA,NA,NA,NA,NA,NA,NA,NA,NA,NA,NA,NA,NA,"http://imagens2.jbrj.gov.br/fsi/server?type=image&source=mbm/MBM/0/1/96/4/MBM019604.JPG","http://creativecommons.org/publicdomain/zero/1.0/"
"2270482809","Psidium australe var. argenteum (O.Berg) Landrum",-24.25,-49.7,"cdc,gass84,colmafu,inmafu","e05fd4c2-4d77-4c50-880e-1b22096af300","814cdfb5-d4f8-4453-815f-ea5df98e76bf",NA,"ac2ad091-91eb-482d-a73f-061744da5dbf","96710dc8-fecb-440d-ae3e-c34ae8a9616f","US","DWC_ARCHIVE","2024-08-01T19:50:53.747+00:00","2024-08-01T20:02:11.654+00:00",276,"PRESERVED_SPECIMEN","PRESENT",5420450,6,7707728,220,690,5014,3187232,5420449,5420450,"Psidium australe var. argenteum (O.Berg) Landrum","Plantae","Tracheophyta","Myrtales","Myrtaceae","Psidium","Psidium australe","Psidium","australe","argenteum","VARIETY","ACCEPTED",NA,"SOUTH_AMERICA","Parana",1968,11,27,"1968-11-27",332,332,"2023-07-16T07:02:03.000+00:00","2024-08-01T20:02:11.654+00:00",FALSE,"1124624","none","none","530c45d0-e0f7-401d-b3f6-34f58482c485","0bbd7d8f-706c-4e2a-9505-58b142356450",FALSE,NA,"153591","Hatschbach",NA,"WGS84","Magnoliopsida","BR","none","none","LATIN_AMERICA","Brazil","NORTH_AMERICA",NA,"20410","1124624","ASU0005386",NA,"ASU",NA,"Mun. Jaguariaiva, Fazenda Chapada Santo Antonio","2270482809","Plants","3f40d7e7-48a5-45b6-b50a-5f5c7329144d","Psidium australe var. argenteum (O.Berg) Landrum",NA,NA,NA,NA,NA,"https://swbiodiversity.org/seinet/collections/individual/index.php?occid=1124624",NA,NA,"3f40d7e7-48a5-45b6-b50a-5f5c7329144d","33972","http://creativecommons.org/licenses/by-nc/3.0/","L. Landrum","Plantae|Spermatophyta|Tracheophyta|Magnoliophyta|Eudicots|Core Eudicots|Malvids|Rosids|Myrtales|Myrtaceae|Psidium|Psidium australe","var.","a2e32c87-d320-4a01-bafd-a9182ae2e191","fl",NA,"Jaguariaiva",NA,NA,NA,NA,NA,NA,NA,NA,NA,NA,NA,NA,NA,NA,NA,NA,NA,NA,NA,NA,NA,NA,NA,NA,NA,NA,NA,NA,"https://swbiodiversity.org/imglib/h_seinet/seinet/ASU/ASU0005/ASU0005386_lg.jpg","http://creativecommons.org/publicdomain/zero/1.0/"
"1929809460","Psidium australe var. argenteum (O.Berg) Landrum",-15.7833,-47.9167,"mdativ","d415c253-4d61-4459-9d25-4015b9084fb0","ae447c50-b8a8-11d8-92a4-b8a03c50a862",NA,"17017c2c-036b-45d9-b045-606d21b00771","ae447c50-b8a8-11d8-92a4-b8a03c50a862","US","EML","2024-07-21T04:09:35.210+00:00","2024-07-21T05:14:16.324+00:00",415,"PRESERVED_SPECIMEN","PRESENT",5420450,6,7707728,220,690,5014,3187232,5420449,5420450,"Psidium australe var. argenteum (O.Berg) Landrum","Plantae","Tracheophyta","Myrtales","Myrtaceae","Psidium","Psidium australe","Psidium","australe","argenteum","VARIETY","ACCEPTED","2004-01-01T00:00:00","SOUTH_AMERICA","Distrito Federal",1966,2,3,"1966-02-03",34,34,NA,"2024-07-21T05:14:16.324+00:00",FALSE,"908a4d32-f37e-4993-91ca-3e75de8d797b","none","none","ab83e5ab-f4f7-4c9b-a1d5-eb779dfb9377","b2190553-4505-4fdd-8fff-065c8ca26f72",TRUE,"Vascular plants",NA,"H. S. Irwin","L. R. Landrum","WGS84","Magnoliopsida","BR","none","none","LATIN_AMERICA","Brazil","NORTH_AMERICA","The New York Botanical Garden","12220","908a4d32-f37e-4993-91ca-3e75de8d797b","00958047","http://biocol.org/urn:lsid:biocol.org:col:15556","NY",NA,"Brasília.","1929809460","NY","908a4d32-f37e-4993-91ca-3e75de8d797b","Psidium australe var. argenteum (O.Berg) Landrum",NA,950,NA,10000,NA,"http://sweetgum.nybg.org/science/vh/specimen_details.php?irn=1021057",NA,NA,NA,NA,NA,NA,NA,NA,"http://biocol.org/urn:lsid:biocol.org:col:15556",NA,"Alexandria Digital Library Gazetteer, Ver. 3.2 (2004)",NA,NA,"Disturbed cerrado",0,NA,NA,"03 Feb 1966",NA,"sheet","ICN","en","PhysicalObject",NA,NA,"online gazetteer","3117 ft",NA,NA,NA,NA,NA,NA,NA,NA,NA,NA,NA,NA,NA,"http://sweetgum.nybg.org/images3/2155/598/00958047.jpg","http://creativecommons.org/publicdomain/zero/1.0/"
"1930733544","Psidium australe var. argenteum (O.Berg) Landrum",-14.13,-46.37,"gass84,mdativ","d415c253-4d61-4459-9d25-4015b9084fb0","ae447c50-b8a8-11d8-92a4-b8a03c50a862",NA,"17017c2c-036b-45d9-b045-606d21b00771","ae447c50-b8a8-11d8-92a4-b8a03c50a862","US","EML","2024-07-21T04:09:35.210+00:00","2024-07-21T05:14:42.228+00:00",415,"PRESERVED_SPECIMEN","PRESENT",5420450,6,7707728,220,690,5014,3187232,5420449,5420450,"Psidium australe var. argenteum (O.Berg) Landrum","Plantae","Tracheophyta","Myrtales","Myrtaceae","Psidium","Psidium australe","Psidium","australe","argenteum","VARIETY","ACCEPTED","2004-01-01T00:00:00","SOUTH_AMERICA","Goiás",1966,4,5,"1966-04-05",95,95,NA,"2024-07-21T05:14:42.228+00:00",FALSE,"d1d4c88f-a7cd-4bcc-8882-acb9e71e04a8","none","none","ab83e5ab-f4f7-4c9b-a1d5-eb779dfb9377","b2190553-4505-4fdd-8fff-065c8ca26f72",FALSE,"Vascular plants",NA,"H. S. Irwin","L. R. Landrum","WGS84","Magnoliopsida","BR","none","none","LATIN_AMERICA","Brazil","NORTH_AMERICA","The New York Botanical Garden","14393","d1d4c88f-a7cd-4bcc-8882-acb9e71e04a8","00958046","http://biocol.org/urn:lsid:biocol.org:col:15556","NY",NA,"Serra Geral de Goiás, Rio da Prata, ca. 6 km S. of Posse","1930733544","NY","d1d4c88f-a7cd-4bcc-8882-acb9e71e04a8","Psidium australe var. argenteum (O.Berg) Landrum",NA,800,NA,1000,NA,"http://sweetgum.nybg.org/science/vh/specimen_details.php?irn=1021056",NA,NA,NA,NA,NA,NA,NA,NA,"http://biocol.org/urn:lsid:biocol.org:col:15556",NA,"Mapa Político e Rodoviário do Goiás, Edição 2000. 1:940,000.","Posse Mun.",NA,"Cerrado",0,NA,NA,"05 Apr 1966",NA,"sheet","ICN","en","PhysicalObject",NA,NA,NA,"2625 ft",NA,NA,NA,NA,NA,NA,NA,NA,NA,NA,NA,NA,NA,"http://sweetgum.nybg.org/images3/2155/597/00958046.jpg","http://creativecommons.org/publicdomain/zero/1.0/"
"1928728183","Psidium australe var. argenteum (O.Berg) Landrum",-24.33,-50.17,"gass84,mdativ","d415c253-4d61-4459-9d25-4015b9084fb0","ae447c50-b8a8-11d8-92a4-b8a03c50a862",NA,"17017c2c-036b-45d9-b045-606d21b00771","ae447c50-b8a8-11d8-92a4-b8a03c50a862","US","EML","2024-07-21T04:09:35.210+00:00","2024-07-21T05:13:44.932+00:00",415,"PRESERVED_SPECIMEN","PRESENT",5420450,6,7707728,220,690,5014,3187232,5420449,5420450,"Psidium australe var. argenteum (O.Berg) Landrum","Plantae","Tracheophyta","Myrtales","Myrtaceae","Psidium","Psidium australe","Psidium","australe","argenteum","VARIETY","ACCEPTED","2004-01-01T00:00:00","SOUTH_AMERICA","Paraná",1965,1,16,"1965-01-16",16,16,NA,"2024-07-21T05:13:44.932+00:00",FALSE,"43e75595-c162-422f-bc09-7d757b807551","none","none","ab83e5ab-f4f7-4c9b-a1d5-eb779dfb9377","b2190553-4505-4fdd-8fff-065c8ca26f72",TRUE,"Vascular plants",NA,"L. B. Smith","L. R. Landrum","WGS84","Magnoliopsida","BR","none","none","LATIN_AMERICA","Brazil","NORTH_AMERICA","The New York Botanical Garden","14555","43e75595-c162-422f-bc09-7d757b807551","1017400","http://biocol.org/urn:lsid:biocol.org:col:15556","NY",NA,"Near Pirai do Sul","1928728183","NY","43e75595-c162-422f-bc09-7d757b807551","Psidium australe var. argenteum (O.Berg) Landrum",NA,NA,NA,NA,NA,"http://sweetgum.nybg.org/science/vh/specimen_details.php?irn=1206487",NA,NA,NA,NA,NA,NA,NA,NA,"http://biocol.org/urn:lsid:biocol.org:col:15556",NA,NA,"Piraí do Sul Mun.",NA,"Grove.",NA,NA,NA,"16 Jan 1965",NA,"sheet","ICN","en","PhysicalObject",NA,NA,NA,"3281-3609 ft",NA,NA,NA,NA,NA,NA,NA,NA,NA,NA,NA,NA,NA,"http://sweetgum.nybg.org/images3/2156/040/01017400.jpg","http://creativecommons.org/publicdomain/zero/1.0/"
"1930411822","Psidium australe var. argenteum (O.Berg) Landrum",-24.5,-50.03,"gass84,mdativ","d415c253-4d61-4459-9d25-4015b9084fb0","ae447c50-b8a8-11d8-92a4-b8a03c50a862",NA,"17017c2c-036b-45d9-b045-606d21b00771","ae447c50-b8a8-11d8-92a4-b8a03c50a862","US","EML","2024-07-21T04:09:35.210+00:00","2024-07-21T05:16:06.385+00:00",415,"PRESERVED_SPECIMEN","PRESENT",5420450,6,7707728,220,690,5014,3187232,5420449,5420450,"Psidium australe var. argenteum (O.Berg) Landrum","Plantae","Tracheophyta","Myrtales","Myrtaceae","Psidium","Psidium australe","Psidium","australe","argenteum","VARIETY","ACCEPTED","2004-01-01T00:00:00","SOUTH_AMERICA","Paraná",1965,1,15,"1965-01-15",15,15,NA,"2024-07-21T05:16:06.385+00:00",FALSE,"bb06bddf-0c10-4bab-b6b1-644b474f777b","none","none","ab83e5ab-f4f7-4c9b-a1d5-eb779dfb9377","b2190553-4505-4fdd-8fff-065c8ca26f72",TRUE,"Vascular plants",NA,"L. B. Smith","L. R. Landrum","WGS84","Magnoliopsida","BR","none","none","LATIN_AMERICA","Brazil","NORTH_AMERICA","The New York Botanical Garden","14494","bb06bddf-0c10-4bab-b6b1-644b474f777b","1017399","http://biocol.org/urn:lsid:biocol.org:col:15556","NY",NA,"Carambei by Rio São João","1930411822","NY","bb06bddf-0c10-4bab-b6b1-644b474f777b","Psidium australe var. argenteum (O.Berg) Landrum",NA,NA,NA,NA,NA,"http://sweetgum.nybg.org/science/vh/specimen_details.php?irn=1206485",NA,NA,NA,NA,NA,NA,NA,NA,"http://biocol.org/urn:lsid:biocol.org:col:15556",NA,NA,"Castro Mun.",NA,"Rocky campo, sandstone ledge.",NA,NA,NA,"15 Jan 1965",NA,"sheet","ICN","en","PhysicalObject",NA,NA,NA,"3117 ft",NA,NA,NA,NA,NA,NA,NA,NA,NA,NA,NA,NA,NA,"http://sweetgum.nybg.org/images3/2156/039/01017399.jpg","http://creativecommons.org/publicdomain/zero/1.0/"
"1929152106","Psidium australe var. argenteum (O.Berg) Landrum",-17.4,-51.75,"gass84,mdativ","d415c253-4d61-4459-9d25-4015b9084fb0","ae447c50-b8a8-11d8-92a4-b8a03c50a862",NA,"17017c2c-036b-45d9-b045-606d21b00771","ae447c50-b8a8-11d8-92a4-b8a03c50a862","US","EML","2024-07-21T04:09:35.210+00:00","2024-07-21T05:15:47.540+00:00",415,"PRESERVED_SPECIMEN","PRESENT",5420450,6,7707728,220,690,5014,3187232,5420449,5420450,"Psidium australe var. argenteum (O.Berg) Landrum","Plantae","Tracheophyta","Myrtales","Myrtaceae","Psidium","Psidium australe","Psidium","australe","argenteum","VARIETY","ACCEPTED","2004-01-01T00:00:00","SOUTH_AMERICA","Goiás",1964,10,27,"1964-10-27",301,301,NA,"2024-07-21T05:15:47.540+00:00",FALSE,"61eb38f8-4177-4d8e-a77b-e95da7c5aa48","none","none","ab83e5ab-f4f7-4c9b-a1d5-eb779dfb9377","b2190553-4505-4fdd-8fff-065c8ca26f72",TRUE,"Vascular plants",NA,"H. S. Irwin","L. R. Landrum","WGS84","Magnoliopsida","BR","none","none","LATIN_AMERICA","Brazil","NORTH_AMERICA","The New York Botanical Garden","7432","61eb38f8-4177-4d8e-a77b-e95da7c5aa48","00958048","http://biocol.org/urn:lsid:biocol.org:col:15556","NY",NA,"Ca. 60 km. S. of Caiapônia on rd. to Jataí.  Serra do Caiapó.","1929152106","NY","61eb38f8-4177-4d8e-a77b-e95da7c5aa48","Psidium australe var. argenteum (O.Berg) Landrum",NA,900,NA,10000,NA,"http://sweetgum.nybg.org/science/vh/specimen_details.php?irn=1021058",NA,NA,NA,NA,NA,NA,NA,NA,"http://biocol.org/urn:lsid:biocol.org:col:15556",NA,"Carta do Brasil ao Milionésimo (Instituto Brasileiro de Geografia e Estatística) S.E. 22.  ""Goiânia"" 1ª ed.  1959.  1:  1,000,000.","Jataí Mun.",NA,"Cerrado",100,NA,NA,"27 Oct 1964",NA,"sheet","ICN","en","PhysicalObject",NA,NA,NA,"2625-3281 ft",NA,NA,NA,NA,NA,NA,NA,NA,NA,NA,NA,NA,NA,"http://sweetgum.nybg.org/images3/2155/599/00958048.jpg","http://creativecommons.org/publicdomain/zero/1.0/"
"2270479905","Psidium australe var. argenteum (O.Berg) Landrum",-23.17908,-45.887248,"cdc,gass84,colmafu,inmafu","e05fd4c2-4d77-4c50-880e-1b22096af300","814cdfb5-d4f8-4453-815f-ea5df98e76bf",NA,"ac2ad091-91eb-482d-a73f-061744da5dbf","96710dc8-fecb-440d-ae3e-c34ae8a9616f","US","DWC_ARCHIVE","2024-08-01T19:50:53.747+00:00","2024-08-01T20:02:11.888+00:00",276,"PRESERVED_SPECIMEN","PRESENT",5420450,6,7707728,220,690,5014,3187232,5420449,5420450,"Psidium australe var. argenteum (O.Berg) Landrum","Plantae","Tracheophyta","Myrtales","Myrtaceae","Psidium","Psidium australe","Psidium","australe","argenteum","VARIETY","ACCEPTED",NA,"SOUTH_AMERICA","Sao Paulo",1961,4,29,"1961-04-29",119,119,"2023-07-16T07:02:03.000+00:00","2024-08-01T20:02:11.888+00:00",FALSE,"1124618","none","none","530c45d0-e0f7-401d-b3f6-34f58482c485","0bbd7d8f-706c-4e2a-9505-58b142356450",FALSE,NA,"205123","Mattos",NA,"WGS84","Magnoliopsida","BR","none","none","LATIN_AMERICA","Brazil","NORTH_AMERICA",NA,"8903","1124618","ASU0005387",NA,"ASU",NA,"Sao Jose dos Campos, a 3 km leste da cidade","2270479905","Plants","672d127e-c3c3-4139-a40a-451dfd677f10","Psidium australe var. argenteum (O.Berg) Landrum",NA,NA,NA,3000,"alorozco","https://swbiodiversity.org/seinet/collections/individual/index.php?occid=1124618",NA,"reviewed - high confidence","672d127e-c3c3-4139-a40a-451dfd677f10","33972","http://creativecommons.org/licenses/by-nc/3.0/","L. Landrum","Plantae|Spermatophyta|Tracheophyta|Magnoliophyta|Eudicots|Core Eudicots|Malvids|Rosids|Myrtales|Myrtaceae|Psidium|Psidium australe","var.","a2e32c87-d320-4a01-bafd-a9182ae2e191","fr","GoogleEarth",NA,NA,NA,NA,NA,NA,NA,NA,NA,NA,NA,NA,NA,NA,NA,NA,NA,NA,NA,NA,NA,NA,NA,NA,NA,NA,NA,NA,NA,"https://swbiodiversity.org/imglib/h_seinet/seinet/ASU/ASU0005/ASU0005387_lg.jpg","http://creativecommons.org/publicdomain/zero/1.0/"
"3897789569","Psidium australe var. argenteum (O.Berg) Landrum",-21.985,-47.9183,"gass84,osiic","821cc27a-e3bb-4bc5-ac34-89ada245069d","bc092ff0-02e4-11dc-991f-b8a03c50a862","99d66b6c-9087-452f-a9d4-f15f2c2d0e7e","b2ff19b5-d74f-40d2-82f1-ec5db01e8e31","bc092ff0-02e4-11dc-991f-b8a03c50a862","US","EML","2024-08-02T10:48:24.215+00:00","2024-08-02T12:39:06.036+00:00",403,"PRESERVED_SPECIMEN","PRESENT",5420450,6,7707728,220,690,5014,3187232,5420449,5420450,"Psidium australe var. argenteum (O.Berg) Landrum","Plantae","Tracheophyta","Myrtales","Myrtaceae","Psidium","Psidium australe","Psidium","australe","argenteum","VARIETY","ACCEPTED",NA,"SOUTH_AMERICA","São Paulo",1961,6,14,"1961-06-14",165,165,"2022-08-23T14:35:00.000+00:00","2024-08-02T12:39:06.036+00:00",FALSE,"http://n2t.net/ark:/65665/344b1ff77-c2e5-4651-8bf6-aeeec3a53157","none","none","be5b9c72-e499-42b8-a5dc-c27505cf232e","151c91ba-a521-4735-8c11-5abf8db7fb67",FALSE,"NMNH Extant Biology",NA,"G. Eiten, L. T. Eiten & G. M. Felippe",NA,"WGS84","Magnoliopsida","BR","none","none","LATIN_AMERICA","Brazil","NORTH_AMERICA",NA,"2907","http://n2t.net/ark:/65665/344b1ff77-c2e5-4651-8bf6-aeeec3a53157","US 2483323","urn:lsid:biocol.org:col:15463","US",NA,"Município de São Carlos: 3.5 km. due NNW of center of São Carlos. (1.2 km. WNW of clover-leaf intersection along highway to Ibaté).","3897789569","US","http://n2t.net/ark:/65665/344b1ff77-c2e5-4651-8bf6-aeeec3a53157","Psidium australe var. argenteum (O.Berg) Landrum",NA,825,NA,NA,NA,NA,NA,NA,NA,NA,NA,NA,"Plantae, Dicotyledonae, Myrtales, Myrtaceae, Myrtoideae",NA,"urn:uuid:60e28f81-e634-4869-aa3e-732caed713c8",NA,NA,NA,NA,NA,NA,NA,NA,NA,NA,NA,NA,NA,NA,1,"South America - Neotropics, Brazil, São Paulo",NA,NA,NA,NA,NA,NA,NA,NA,NA,NA,NA,NA,NA,NA,NA,"http://n2t.net/ark:/65665/m3701d5408-7037-4e2b-8c26-50043942ce6a","http://creativecommons.org/publicdomain/zero/1.0/"
"2270483758","Psidium australe var. argenteum (O.Berg) Landrum",-22.3667,-46.95,"cdc,gass84,colmafu,inmafu","e05fd4c2-4d77-4c50-880e-1b22096af300","814cdfb5-d4f8-4453-815f-ea5df98e76bf",NA,"ac2ad091-91eb-482d-a73f-061744da5dbf","96710dc8-fecb-440d-ae3e-c34ae8a9616f","US","DWC_ARCHIVE","2024-08-01T19:50:53.747+00:00","2024-08-01T20:02:11.687+00:00",276,"PRESERVED_SPECIMEN","PRESENT",5420450,6,7707728,220,690,5014,3187232,5420449,5420450,"Psidium australe var. argenteum (O.Berg) Landrum","Plantae","Tracheophyta","Myrtales","Myrtaceae","Psidium","Psidium australe","Psidium","australe","argenteum","VARIETY","ACCEPTED",NA,"SOUTH_AMERICA","Sao Paulo",1961,12,28,"1961-12-28",362,362,"2023-07-16T07:02:03.000+00:00","2024-08-01T20:02:11.687+00:00",FALSE,"1124621","none","none","530c45d0-e0f7-401d-b3f6-34f58482c485","0bbd7d8f-706c-4e2a-9505-58b142356450",FALSE,NA,"205124","Mattos",NA,"WGS84","Magnoliopsida","BR","none","none","LATIN_AMERICA","Brazil","NORTH_AMERICA",NA,"9638","1124621","ASU0005392",NA,"ASU",NA,"Moji-Guacu, perto de Padua Sales, Fazenda Campininha","2270483758","Plants","f2bb0d0f-bf22-4d45-9879-ac583a7785d5","Psidium australe var. argenteum (O.Berg) Landrum",NA,NA,NA,NA,NA,"https://swbiodiversity.org/seinet/collections/individual/index.php?occid=1124621",NA,NA,"f2bb0d0f-bf22-4d45-9879-ac583a7785d5","33972","http://creativecommons.org/licenses/by-nc/3.0/","L. Landrum","Plantae|Spermatophyta|Tracheophyta|Magnoliophyta|Eudicots|Core Eudicots|Malvids|Rosids|Myrtales|Myrtaceae|Psidium|Psidium australe","var.","a2e32c87-d320-4a01-bafd-a9182ae2e191","fr",NA,"Mogi-Guacu","No cerrado degradado, proximo da sede",NA,NA,NA,NA,NA,NA,NA,NA,NA,NA,NA,NA,NA,NA,NA,NA,NA,NA,NA,NA,NA,NA,NA,NA,NA,NA,NA,"https://swbiodiversity.org/imglib/h_seinet/seinet/ASU/ASU0005/ASU0005392_lg.jpg","http://creativecommons.org/publicdomain/zero/1.0/"
"2270484128","Psidium australe var. argenteum (O.Berg) Landrum",-22.4333,-46.95,"cdc,gass84,colmafu,inmafu","e05fd4c2-4d77-4c50-880e-1b22096af300","814cdfb5-d4f8-4453-815f-ea5df98e76bf",NA,"ac2ad091-91eb-482d-a73f-061744da5dbf","96710dc8-fecb-440d-ae3e-c34ae8a9616f","US","DWC_ARCHIVE","2024-08-01T19:50:53.747+00:00","2024-08-01T20:02:11.653+00:00",276,"PRESERVED_SPECIMEN","PRESENT",5420450,6,7707728,220,690,5014,3187232,5420449,5420450,"Psidium australe var. argenteum (O.Berg) Landrum","Plantae","Tracheophyta","Myrtales","Myrtaceae","Psidium","Psidium australe","Psidium","australe","argenteum","VARIETY","ACCEPTED",NA,"SOUTH_AMERICA","Sao Paulo",1945,12,9,"1945-12-09",343,343,"2023-07-16T07:02:03.000+00:00","2024-08-01T20:02:11.653+00:00",FALSE,"1124606","none","none","530c45d0-e0f7-401d-b3f6-34f58482c485","0bbd7d8f-706c-4e2a-9505-58b142356450",FALSE,NA,"204981","Viegas",NA,"WGS84","Magnoliopsida","BR","none","none","LATIN_AMERICA","Brazil","NORTH_AMERICA",NA,"7967","1124606","ASU0005396",NA,"ASU",NA,"Mogi-Mirim","2270484128","Plants","c420d8e4-255e-4104-a2f5-1b9c87320c4b","Psidium australe var. argenteum (O.Berg) Landrum",NA,NA,NA,NA,NA,"https://swbiodiversity.org/seinet/collections/individual/index.php?occid=1124606",NA,NA,"c420d8e4-255e-4104-a2f5-1b9c87320c4b","33972","http://creativecommons.org/licenses/by-nc/3.0/","L. Landrum","Plantae|Spermatophyta|Tracheophyta|Magnoliophyta|Eudicots|Core Eudicots|Malvids|Rosids|Myrtales|Myrtaceae|Psidium|Psidium australe","var.","a2e32c87-d320-4a01-bafd-a9182ae2e191","yfr",NA,"Mogi-Mirim",NA,NA,NA,NA,NA,NA,NA,NA,NA,NA,NA,NA,NA,NA,NA,NA,NA,NA,NA,NA,NA,NA,NA,NA,NA,NA,NA,NA,"https://swbiodiversity.org/imglib/h_seinet/seinet/ASU/ASU0005/ASU0005396_lg.jpg","http://creativecommons.org/publicdomain/zero/1.0/"
"2270484504","Psidium australe var. argenteum (O.Berg) Landrum",-19.416667,-46,"cdc,gass84,colmafu,inmafu","e05fd4c2-4d77-4c50-880e-1b22096af300","814cdfb5-d4f8-4453-815f-ea5df98e76bf",NA,"ac2ad091-91eb-482d-a73f-061744da5dbf","96710dc8-fecb-440d-ae3e-c34ae8a9616f","US","DWC_ARCHIVE","2024-08-01T19:50:53.747+00:00","2024-08-01T20:02:11.668+00:00",276,"PRESERVED_SPECIMEN","PRESENT",5420450,6,7707728,220,690,5014,3187232,5420449,5420450,"Psidium australe var. argenteum (O.Berg) Landrum","Plantae","Tracheophyta","Myrtales","Myrtaceae","Psidium","Psidium australe","Psidium","australe","argenteum","VARIETY","ACCEPTED",NA,"SOUTH_AMERICA","Minas Gerais",NA,NA,NA,NA,NA,NA,"2023-07-16T07:02:03.000+00:00","2024-08-01T20:02:11.668+00:00",FALSE,"1124595","none","none","530c45d0-e0f7-401d-b3f6-34f58482c485","0bbd7d8f-706c-4e2a-9505-58b142356450",FALSE,NA,"205103","Chiea",NA,"WGS84","Magnoliopsida","BR","none","none","LATIN_AMERICA","Brazil","NORTH_AMERICA",NA,"480","1124595","ASU0005397",NA,"ASU",NA,"Serrinha.","2270484504","Plants","dc826908-57a0-44ad-b03b-ef5942300517","Psidium australe var. argenteum (O.Berg) Landrum",NA,NA,NA,10000,"alorozco","https://swbiodiversity.org/seinet/collections/individual/index.php?occid=1124595",NA,"reviewed - high confidence","dc826908-57a0-44ad-b03b-ef5942300517","33972","http://creativecommons.org/licenses/by-nc/3.0/","L. Landrum","Plantae|Spermatophyta|Tracheophyta|Magnoliophyta|Eudicots|Core Eudicots|Malvids|Rosids|Myrtales|Myrtaceae|Psidium|Psidium australe","var.","a2e32c87-d320-4a01-bafd-a9182ae2e191","fl","GoogleMaps",NA,NA,NA,NA,NA,NA,NA,NA,NA,NA,NA,NA,NA,NA,NA,NA,NA,NA,NA,NA,NA,NA,NA,NA,NA,NA,NA,NA,NA,"https://swbiodiversity.org/imglib/h_seinet/seinet/ASU/ASU0005/ASU0005397_lg.jpg","http://creativecommons.org/publicdomain/zero/1.0/"
