"key","scientificName","decimalLatitude","decimalLongitude","issues","datasetKey","publishingOrgKey","networkKeys","installationKey","hostingOrganizationKey","publishingCountry","protocol","lastCrawled","lastParsed","crawlId","basisOfRecord","occurrenceStatus","taxonKey","kingdomKey","phylumKey","classKey","orderKey","familyKey","genusKey","speciesKey","acceptedTaxonKey","acceptedScientificName","kingdom","phylum","order","family","genus","species","genericName","specificEpithet","taxonRank","taxonomicStatus","iucnRedListCategory","elevation","elevationAccuracy","continent","stateProvince","year","month","day","eventDate","startDayOfYear","endDayOfYear","lastInterpreted","license","isSequenced","identifier","facts","relations","institutionKey","collectionKey","isInCluster","recordedBy","identifiedBy","geodeticDatum","class","countryCode","recordedByIDs","identifiedByIDs","gbifRegion","country","publishedByGbifRegion","rightsHolder","recordNumber","identifier.1","verbatimEventDate","municipality","locality","collectionCode","gbifID","occurrenceID","catalogNumber","institutionCode","fieldNotes","occurrenceRemarks","bibliographicCitation","name","dateIdentified","modified","datasetName","otherCatalogNumbers","institutionID","references","http...unknown.org.recordID","taxonID","rights","http...unknown.org.recordEnteredBy","higherClassification","collectionID","reproductiveCondition","habitat","county","georeferenceVerificationStatus","gadm","typeStatus","preparations","nomenclaturalCode","language","type","identificationRemarks","verbatimElevation","media_url"
"4900511284","Psidium ganevii Landrum & Funch",-11.346389,-41.359444,"cdc,cdround,elmms,gass84,iddativ,rdativ,colmafu,inmafu","67f33aea-2c4b-475b-b243-91ca1b9dd29a","838537fc-4aeb-4980-8b58-97fbdcd1d91a","4b0d8edb-7504-42c4-9349-63e86c01bf97","ecb15bdf-98de-4937-84f5-4f93ee9efc73","838537fc-4aeb-4980-8b58-97fbdcd1d91a","BR","EML","2024-07-01T12:06:29.209+00:00","2024-07-01T12:17:58.886+00:00",203,"PRESERVED_SPECIMEN","PRESENT",5420549,6,7707728,220,690,5014,3187232,5420549,5420549,"Psidium ganevii Landrum & Funch","Plantae","Tracheophyta","Myrtales","Myrtaceae","Psidium","Psidium ganevii","Psidium","ganevii","SPECIES","ACCEPTED","NE",605,605,"SOUTH_AMERICA","Bahia",2023,5,12,"2023-05-12",132,132,"2024-07-01T12:17:58.886+00:00","http://creativecommons.org/licenses/by/4.0/",FALSE,"6276166","none","none","7b2eaa48-c6f9-48aa-b8d5-97700cc4487c","2b636271-4d24-49bf-9ed8-abbe2829b25e",FALSE,"Guedes, ML;Alunos de BIOC05 2023.1","Guedes, ML","WGS84","Magnoliopsida","BR","none","none","LATIN_AMERICA","Brazil","LATIN_AMERICA","ALCB","33255","6276166","12/05/2023","Morro do Chapéu","Estrada da  estrada para  Antena de Televisão -Morrão","ALCB","4900511284","6276166","ALCB00075544","ALCB","ca. 3m. Folha coriácea, discolor. Fruto imaturo verde.","ca. 3m. Folha coriácea, discolor. Fruto imaturo verde.","Herbário Virtual REFLORA Disponível em: http://herbariovirtualreflora.jbrj.gov.br/reflora/herbarioVirtual/ConsultaPublicoHVUC/ConsultaPublicoHVUC.do?idTestemunho=6276166","Psidium ganevii Landrum & Funch",NA,NA,NA,NA,NA,NA,NA,NA,NA,NA,NA,NA,NA,NA,NA,NA,NA,NA,NA,NA,NA,NA,NA,NA,"http://jbrj-public.s3-sa-east-1.amazonaws.com/fsi/server?type=image&source=DZI/alcb/alcb/0/7/55/44/alcb00075544.dzi"
"4900510392","Psidium ganevii Landrum & Funch",-11.638889,-40.945833,"cdc,cdround,gass84,iddativ,colmafu,inmafu","67f33aea-2c4b-475b-b243-91ca1b9dd29a","838537fc-4aeb-4980-8b58-97fbdcd1d91a","4b0d8edb-7504-42c4-9349-63e86c01bf97","ecb15bdf-98de-4937-84f5-4f93ee9efc73","838537fc-4aeb-4980-8b58-97fbdcd1d91a","BR","EML","2024-07-01T12:06:29.209+00:00","2024-07-01T12:17:47.136+00:00",203,"PRESERVED_SPECIMEN","PRESENT",5420549,6,7707728,220,690,5014,3187232,5420549,5420549,"Psidium ganevii Landrum & Funch","Plantae","Tracheophyta","Myrtales","Myrtaceae","Psidium","Psidium ganevii","Psidium","ganevii","SPECIES","ACCEPTED","NE",NA,NA,"SOUTH_AMERICA","Bahia",2023,5,13,"2023-05-13",133,133,"2024-07-01T12:17:47.136+00:00","http://creativecommons.org/licenses/by/4.0/",FALSE,"6277260","none","none","7b2eaa48-c6f9-48aa-b8d5-97700cc4487c","2b636271-4d24-49bf-9ed8-abbe2829b25e",FALSE,"Guedes, ML;Alunos de BIOC05 2023.1","Guedes, ML","WGS84","Magnoliopsida","BR","none","none","LATIN_AMERICA","Brazil","LATIN_AMERICA","ALCB","33305","6277260","13/05/2023","Morro do Chapéu","Estrada  para Morrinho.","ALCB","4900510392","6277260","ALCB00077254","ALCB","2,5 m de alt. Folhas coriáceas, discolores. Frutos imaturos verdes.","2,5 m de alt. Folhas coriáceas, discolores. Frutos imaturos verdes.","Herbário Virtual REFLORA Disponível em: http://herbariovirtualreflora.jbrj.gov.br/reflora/herbarioVirtual/ConsultaPublicoHVUC/ConsultaPublicoHVUC.do?idTestemunho=6277260","Psidium ganevii Landrum & Funch",NA,NA,NA,NA,NA,NA,NA,NA,NA,NA,NA,NA,NA,NA,NA,NA,NA,NA,NA,NA,NA,NA,NA,NA,"http://jbrj-public.s3-sa-east-1.amazonaws.com/fsi/server?type=image&source=DZI/alcb/alcb/0/7/72/54/alcb00077254.dzi"
"2996076178","Psidium ganevii Landrum & Funch",-13.3075,-41.948056,"cdc,cdround,elmms,gass84,iddativ,colmafu,inmafu","67f33aea-2c4b-475b-b243-91ca1b9dd29a","838537fc-4aeb-4980-8b58-97fbdcd1d91a","4b0d8edb-7504-42c4-9349-63e86c01bf97","ecb15bdf-98de-4937-84f5-4f93ee9efc73","838537fc-4aeb-4980-8b58-97fbdcd1d91a","BR","EML","2024-07-01T12:06:29.209+00:00","2024-07-01T12:17:56.567+00:00",203,"PRESERVED_SPECIMEN","PRESENT",5420549,6,7707728,220,690,5014,3187232,5420549,5420549,"Psidium ganevii Landrum & Funch","Plantae","Tracheophyta","Myrtales","Myrtaceae","Psidium","Psidium ganevii","Psidium","ganevii","SPECIES","ACCEPTED","NE",574.5,574.5,"SOUTH_AMERICA","Bahia",2018,1,25,"2018-01-25",25,25,"2024-07-01T12:17:56.567+00:00","http://creativecommons.org/licenses/by/4.0/",FALSE,"5268580","none","none","7b2eaa48-c6f9-48aa-b8d5-97700cc4487c","2b636271-4d24-49bf-9ed8-abbe2829b25e",TRUE,"Stadnik, A;Lucresia, L","Stadnik, A","WGS84","Magnoliopsida","BR","none","none","LATIN_AMERICA","Brazil","LATIN_AMERICA","ALCB","504","5268580","25/01/2018","Mucugê","P14","ALCB","2996076178","5268580","ALCB059805","ALCB","ca. 3m. Folhas discolores.","ca. 3m. Folhas discolores.","Herbário Virtual REFLORA Disponível em: http://herbariovirtualreflora.jbrj.gov.br/reflora/herbarioVirtual/ConsultaPublicoHVUC/ConsultaPublicoHVUC.do?idTestemunho=5268580","Psidium ganevii Landrum & Funch",NA,NA,NA,NA,NA,NA,NA,NA,NA,NA,NA,NA,NA,NA,NA,NA,NA,NA,NA,NA,NA,NA,NA,NA,"http://jbrj-public.s3.amazonaws.com/fsi/server?type=image&source=DZI/alcb/alcb/0/5/98/5/alcb00059805.dzi"
"2996071681","Psidium ganevii Landrum & Funch",-14.684167,-42.542778,"cdc,cdround,elmms,gass84,iddativ,colmafu,inmafu","67f33aea-2c4b-475b-b243-91ca1b9dd29a","838537fc-4aeb-4980-8b58-97fbdcd1d91a","4b0d8edb-7504-42c4-9349-63e86c01bf97","ecb15bdf-98de-4937-84f5-4f93ee9efc73","838537fc-4aeb-4980-8b58-97fbdcd1d91a","BR","EML","2024-07-01T12:06:29.209+00:00","2024-07-01T12:17:52.899+00:00",203,"PRESERVED_SPECIMEN","PRESENT",5420549,6,7707728,220,690,5014,3187232,5420549,5420549,"Psidium ganevii Landrum & Funch","Plantae","Tracheophyta","Myrtales","Myrtaceae","Psidium","Psidium ganevii","Psidium","ganevii","SPECIES","ACCEPTED","NE",483.5,483.5,"SOUTH_AMERICA","Bahia",2014,5,28,"2014-05-28",148,148,"2024-07-01T12:17:52.899+00:00","http://creativecommons.org/licenses/by/4.0/",FALSE,"5154737","none","none","7b2eaa48-c6f9-48aa-b8d5-97700cc4487c","2b636271-4d24-49bf-9ed8-abbe2829b25e",TRUE,"Stadnik, A;Alves, R,Lopes, R,Coelho, J","Stadnik, A","WGS84","Magnoliopsida","BR","none","none","LATIN_AMERICA","Brazil","LATIN_AMERICA","ALCB","216","5154737","28/05/2014","Licínio de Almeida","Xaxá","ALCB","2996071681","5154737","ALCB045462","ALCB","ca. 5m alt. Folhas discolores. Frutos verdes arroxeados.","ca. 5m alt. Folhas discolores. Frutos verdes arroxeados.","Herbário Virtual REFLORA Disponível em: http://herbariovirtualreflora.jbrj.gov.br/reflora/herbarioVirtual/ConsultaPublicoHVUC/ConsultaPublicoHVUC.do?idTestemunho=5154737","Psidium ganevii Landrum & Funch",NA,NA,NA,NA,NA,NA,NA,NA,NA,NA,NA,NA,NA,NA,NA,NA,NA,NA,NA,NA,NA,NA,NA,NA,"http://jbrj-public.s3.amazonaws.com/fsi/server?type=image&source=DZI/alcb/alcb/0/4/54/62/alcb00045462.dzi"
"4900566974","Psidium ganevii Landrum & Funch",-11.5875,-41.076111,"cdc,cdround,elmms,gass84,iddativ,rdativ,colmafu,inmafu","67f33aea-2c4b-475b-b243-91ca1b9dd29a","838537fc-4aeb-4980-8b58-97fbdcd1d91a","4b0d8edb-7504-42c4-9349-63e86c01bf97","ecb15bdf-98de-4937-84f5-4f93ee9efc73","838537fc-4aeb-4980-8b58-97fbdcd1d91a","BR","EML","2024-07-01T12:06:29.209+00:00","2024-07-01T12:17:31.630+00:00",203,"PRESERVED_SPECIMEN","PRESENT",5420549,6,7707728,220,690,5014,3187232,5420549,5420549,"Psidium ganevii Landrum & Funch","Plantae","Tracheophyta","Myrtales","Myrtaceae","Psidium","Psidium ganevii","Psidium","ganevii","SPECIES","ACCEPTED","NE",486,486,"SOUTH_AMERICA","Bahia",2013,3,9,"2013-03-09",68,68,"2024-07-01T12:17:31.630+00:00","http://creativecommons.org/licenses/by/4.0/",FALSE,"6271642","none","none","7b2eaa48-c6f9-48aa-b8d5-97700cc4487c","2b636271-4d24-49bf-9ed8-abbe2829b25e",FALSE,"Guedes, ML;Alunos de Botânica III,Mattos Andrade, PE de","Stadnik, A","WGS84","Magnoliopsida","BR","none","none","LATIN_AMERICA","Brazil","LATIN_AMERICA","ALCB","20488a","6271642","09/03/2013","Morro do Chapéu","à 12 km da Cidade de Morro do Chapéu em direção à Cachoeira do Ferro Doido.","ALCB","4900566974","6271642","ALCB00065758","ALCB","ca 3 m de altura. Folhas coriáceas. Flores passadas.; Cerrado","ca 3 m de altura. Folhas coriáceas. Flores passadas.","Herbário Virtual REFLORA Disponível em: http://herbariovirtualreflora.jbrj.gov.br/reflora/herbarioVirtual/ConsultaPublicoHVUC/ConsultaPublicoHVUC.do?idTestemunho=6271642","Psidium ganevii Landrum & Funch",NA,NA,NA,NA,NA,NA,NA,NA,NA,NA,NA,NA,NA,NA,NA,NA,NA,NA,NA,NA,NA,NA,NA,NA,"http://jbrj-public.s3-sa-east-1.amazonaws.com/fsi/server?type=image&source=DZI/alcb/alcb/0/6/57/58/alcb00065758.dzi"
"1424502537","Psidium ganevii Landrum & Funch",-11.5875,-41.076111,"cdc,cdround,gass84,colmafu,inmafu","4300f8d5-1ae5-49e5-a101-63894b005868","838537fc-4aeb-4980-8b58-97fbdcd1d91a","4b0d8edb-7504-42c4-9349-63e86c01bf97","da7fe11a-b42c-46cb-9e9d-02243edb738a","838537fc-4aeb-4980-8b58-97fbdcd1d91a","BR","EML","2024-08-01T12:04:19.955+00:00","2024-08-01T12:21:44.573+00:00",520,"PRESERVED_SPECIMEN","PRESENT",5420549,6,7707728,220,690,5014,3187232,5420549,5420549,"Psidium ganevii Landrum & Funch","Plantae","Tracheophyta","Myrtales","Myrtaceae","Psidium","Psidium ganevii","Psidium","ganevii","SPECIES","ACCEPTED","NE",972,NA,"SOUTH_AMERICA","Bahia",2013,3,9,"2013-03-09",68,68,"2024-08-01T12:21:44.573+00:00","http://creativecommons.org/licenses/by/4.0/",FALSE,"urn:catalog:JBRJ:RB:925423","none","none","48b29504-e1ac-432c-a0d6-f09f46023207","e89ac5d6-77af-4d2a-adef-f54d512af4fa",TRUE,"M.L. Guedes; P.E.M.A. Silva, Alunos de Botânica III","J.E.Q.Faria","WGS84","Magnoliopsida","BR","none","none","LATIN_AMERICA","Brazil","LATIN_AMERICA","Rio de Janeiro Botanical Garden","20488","urn:catalog:JBRJ:RB:925423",NA,"Morro do Chapéu","Piemonte da Chapada Diamantina, a 12 km da Cidade de Morro do Chapéu em direção à Cachoeira do Ferro Doido.","RB","1424502537","urn:catalog:JBRJ:RB:925423","RB00925423","JBRJ","Cerrado.","Arbusto: de ca 3m de altura. Folhas coriáceas. Flores alvas.",NA,"Psidium ganevii Landrum & Funch","2018-06-01T00:00:00","2018-06-21T15:07:36.000+00:00","RB - Rio de Janeiro Botanical Garden Herbarium Collection","RB 608001","04.936.616/0001-20",NA,NA,NA,NA,NA,NA,NA,NA,NA,NA,NA,NA,NA,NA,NA,NA,NA,NA,NA,"http://jbrj-public-img.s3-sa-east-1.amazonaws.com/JPG/rb/0/92/54/23/00925423.jpg"
"4900531841","Psidium ganevii Landrum & Funch",-14.6525,-42.546667,"cdc,cdround,elmms,gass84,iddativ,rdativ,colmafu,inmafu","67f33aea-2c4b-475b-b243-91ca1b9dd29a","838537fc-4aeb-4980-8b58-97fbdcd1d91a","4b0d8edb-7504-42c4-9349-63e86c01bf97","ecb15bdf-98de-4937-84f5-4f93ee9efc73","838537fc-4aeb-4980-8b58-97fbdcd1d91a","BR","EML","2024-07-01T12:06:29.209+00:00","2024-07-01T12:17:52.215+00:00",203,"PRESERVED_SPECIMEN","PRESENT",5420549,6,7707728,220,690,5014,3187232,5420549,5420549,"Psidium ganevii Landrum & Funch","Plantae","Tracheophyta","Myrtales","Myrtaceae","Psidium","Psidium ganevii","Psidium","ganevii","SPECIES","ACCEPTED","NE",4.5,4.5,"SOUTH_AMERICA","Bahia",2013,4,5,"2013-04-05",95,95,"2024-07-01T12:17:52.215+00:00","http://creativecommons.org/licenses/by/4.0/",FALSE,"6273330","none","none","7b2eaa48-c6f9-48aa-b8d5-97700cc4487c","2b636271-4d24-49bf-9ed8-abbe2829b25e",FALSE,"Borges, RL;Rocha, L,Hurbath, F,Azevedo, F","Stadnik, A","WGS84","Magnoliopsida","BR","none","none","LATIN_AMERICA","Brazil","LATIN_AMERICA","ALCB","101","6273330","05/04/2013","Licínio de Almeida","Xaxá (mata ciliar)","ALCB","4900531841","6273330","ALCB00072335","ALCB","folhas discolores; sépalas persistentes; frutos imaturos verdes","folhas discolores; sépalas persistentes; frutos imaturos verdes","Herbário Virtual REFLORA Disponível em: http://herbariovirtualreflora.jbrj.gov.br/reflora/herbarioVirtual/ConsultaPublicoHVUC/ConsultaPublicoHVUC.do?idTestemunho=6273330","Psidium ganevii Landrum & Funch",NA,NA,NA,NA,NA,NA,NA,NA,NA,NA,NA,NA,NA,NA,NA,NA,NA,NA,NA,NA,NA,NA,NA,NA,"http://jbrj-public.s3-sa-east-1.amazonaws.com/fsi/server?type=image&source=DZI/alcb/alcb/0/7/23/35/alcb00072335.dzi"
"2996060454","Psidium ganevii Landrum & Funch",-14.661944,-42.547778,"cdc,cdround,elmms,gass84,iddativ,colmafu,inmafu","67f33aea-2c4b-475b-b243-91ca1b9dd29a","838537fc-4aeb-4980-8b58-97fbdcd1d91a","4b0d8edb-7504-42c4-9349-63e86c01bf97","ecb15bdf-98de-4937-84f5-4f93ee9efc73","838537fc-4aeb-4980-8b58-97fbdcd1d91a","BR","EML","2024-07-01T12:06:29.209+00:00","2024-07-01T12:17:45.454+00:00",203,"PRESERVED_SPECIMEN","PRESENT",5420549,6,7707728,220,690,5014,3187232,5420549,5420549,"Psidium ganevii Landrum & Funch","Plantae","Tracheophyta","Myrtales","Myrtaceae","Psidium","Psidium ganevii","Psidium","ganevii","SPECIES","ACCEPTED","NE",477,477,"SOUTH_AMERICA","Bahia",2011,9,17,"2011-09-17",260,260,"2024-07-01T12:17:45.454+00:00","http://creativecommons.org/licenses/by/4.0/",FALSE,"5542092","none","none","7b2eaa48-c6f9-48aa-b8d5-97700cc4487c","2b636271-4d24-49bf-9ed8-abbe2829b25e",TRUE,"Roque, N;Crestani, ACV,Alves, M,Hurbath, F,Santana, FA,Crestani, AC","Stadnik, A","WGS84","Magnoliopsida","BR","none","none","LATIN_AMERICA","Brazil","LATIN_AMERICA","ALCB","3363","5542092","17/09/2011","Licínio de Almeida","Xaxá","ALCB","2996060454","5542092","ALCB069096","ALCB","ca. 1,2m. Folhas discolores. Frutos imaturos verdes.","ca. 1,2m. Folhas discolores. Frutos imaturos verdes.","Herbário Virtual REFLORA Disponível em: http://herbariovirtualreflora.jbrj.gov.br/reflora/herbarioVirtual/ConsultaPublicoHVUC/ConsultaPublicoHVUC.do?idTestemunho=5542092","Psidium ganevii Landrum & Funch",NA,NA,NA,NA,NA,NA,NA,NA,NA,NA,NA,NA,NA,NA,NA,NA,NA,NA,NA,NA,NA,NA,NA,NA,"http://jbrj-public.s3.amazonaws.com/fsi/server?type=image&source=DZI/alcb/alcb/0/6/90/96/alcb00069096.dzi"
"2270685444","Psidium ganevii Landrum & Funch",-10.2428,-40.2658,"cdc,gass84,colmafu,inmafu","e05fd4c2-4d77-4c50-880e-1b22096af300","814cdfb5-d4f8-4453-815f-ea5df98e76bf",NA,"ac2ad091-91eb-482d-a73f-061744da5dbf","96710dc8-fecb-440d-ae3e-c34ae8a9616f","US","DWC_ARCHIVE","2024-08-01T19:50:53.747+00:00","2024-08-01T20:02:07.242+00:00",276,"PRESERVED_SPECIMEN","PRESENT",5420549,6,7707728,220,690,5014,3187232,5420549,5420549,"Psidium ganevii Landrum & Funch","Plantae","Tracheophyta","Myrtales","Myrtaceae","Psidium","Psidium ganevii","Psidium","ganevii","SPECIES","ACCEPTED","NE",819,NA,"SOUTH_AMERICA","Bahia",2006,4,14,"2006-04-14",104,104,"2024-08-01T20:02:07.242+00:00","http://creativecommons.org/licenses/by/4.0/",FALSE,"773770","none","none","530c45d0-e0f7-401d-b3f6-34f58482c485","0bbd7d8f-706c-4e2a-9505-58b142356450",FALSE,"V.J. Santos","L.R. Landrum","WGS84","Magnoliopsida","BR","none","none","LATIN_AMERICA","Brazil","NORTH_AMERICA",NA,"561","773770",NA,NA,"Campo Formoso:Serra dos morgados.","Plants","2270685444","68a52e90-000b-41b4-a5a4-31e5e37f9c09","ASU0014351","ASU",NA,"Arbusto com ca. De 1 m alt. Folhas cartaceas, concolor glabras. Flores ja fecundades.",NA,"Psidium ganevii Landrum & Funch","2012-01-01T00:00:00","2023-07-16T07:02:03.000+00:00",NA,"263155",NA,"https://swbiodiversity.org/seinet/collections/individual/index.php?occid=773770","68a52e90-000b-41b4-a5a4-31e5e37f9c09","167328","http://creativecommons.org/licenses/by-nc/3.0/","Xmirny","Plantae|Spermatophyta|Tracheophyta|Magnoliophyta|Eudicots|Core Eudicots|Malvids|Rosids|Myrtales|Myrtaceae|Psidium","a2e32c87-d320-4a01-bafd-a9182ae2e191",NA,NA,NA,NA,NA,NA,NA,NA,NA,NA,NA,NA,"https://swbiodiversity.org/imglib/h_seinet/seinet/ASU/ASU0014/ASU0014351_lg.jpg"
"4900579336","Psidium ganevii Landrum & Funch",-13.160556,-41.423611,"cdc,cdround,gass84,rdativ,colmafu,inmafu","67f33aea-2c4b-475b-b243-91ca1b9dd29a","838537fc-4aeb-4980-8b58-97fbdcd1d91a","4b0d8edb-7504-42c4-9349-63e86c01bf97","ecb15bdf-98de-4937-84f5-4f93ee9efc73","838537fc-4aeb-4980-8b58-97fbdcd1d91a","BR","EML","2024-07-01T12:06:29.209+00:00","2024-07-01T12:17:44.437+00:00",203,"PRESERVED_SPECIMEN","PRESENT",5420549,6,7707728,220,690,5014,3187232,5420549,5420549,"Psidium ganevii Landrum & Funch","Plantae","Tracheophyta","Myrtales","Myrtaceae","Psidium","Psidium ganevii","Psidium","ganevii","SPECIES","ACCEPTED","NE",NA,NA,"SOUTH_AMERICA","Bahia",2004,10,11,"2004-10-11",285,285,"2024-07-01T12:17:44.437+00:00","http://creativecommons.org/licenses/by/4.0/",FALSE,"6270436","none","none","7b2eaa48-c6f9-48aa-b8d5-97700cc4487c","2b636271-4d24-49bf-9ed8-abbe2829b25e",FALSE,"Stradmann, MTS;Moraes, EPF","Ibrahim, M","WGS84","Magnoliopsida","BR","none","none","LATIN_AMERICA","Brazil","LATIN_AMERICA","ALCB","1036 a","6270436","11/10/2004","Mucugê","Chapada Diamantina, Fazenda Caraíbas","ALCB","4900579336","6270436","ALCB00060743","ALCB","de 2,5m. Folhas coriáceas. Frutos alaranjados. Indivíduo 456.; arbustiva-arbórea","de 2,5m. Folhas coriáceas. Frutos alaranjados. Indivíduo 456.","Herbário Virtual REFLORA Disponível em: http://herbariovirtualreflora.jbrj.gov.br/reflora/herbarioVirtual/ConsultaPublicoHVUC/ConsultaPublicoHVUC.do?idTestemunho=6270436","Psidium ganevii Landrum & Funch","2010-09-17T00:00:00",NA,NA,NA,NA,NA,NA,NA,NA,NA,NA,NA,NA,NA,NA,NA,NA,NA,NA,NA,NA,NA,NA,NA,"http://jbrj-public.s3-sa-east-1.amazonaws.com/fsi/server?type=image&source=DZI/alcb/alcb/0/6/7/43/alcb00060743.dzi"
"4900579339","Psidium ganevii Landrum & Funch",-13.160556,-41.423611,"cdc,cdround,gass84,colmafu,inmafu","67f33aea-2c4b-475b-b243-91ca1b9dd29a","838537fc-4aeb-4980-8b58-97fbdcd1d91a","4b0d8edb-7504-42c4-9349-63e86c01bf97","ecb15bdf-98de-4937-84f5-4f93ee9efc73","838537fc-4aeb-4980-8b58-97fbdcd1d91a","BR","EML","2024-07-01T12:06:29.209+00:00","2024-07-01T12:17:44.435+00:00",203,"PRESERVED_SPECIMEN","PRESENT",5420549,6,7707728,220,690,5014,3187232,5420549,5420549,"Psidium ganevii Landrum & Funch","Plantae","Tracheophyta","Myrtales","Myrtaceae","Psidium","Psidium ganevii","Psidium","ganevii","SPECIES","ACCEPTED","NE",NA,NA,"SOUTH_AMERICA","Bahia",2004,12,12,"2004-12-12",347,347,"2024-07-01T12:17:44.435+00:00","http://creativecommons.org/licenses/by/4.0/",FALSE,"6270437","none","none","7b2eaa48-c6f9-48aa-b8d5-97700cc4487c","2b636271-4d24-49bf-9ed8-abbe2829b25e",FALSE,"Stradmann, MTS;Castilho, P","Landim, LR","WGS84","Magnoliopsida","BR","none","none","LATIN_AMERICA","Brazil","LATIN_AMERICA","ALCB","1108","6270437","12/12/2004","Mucugê","Chapada Diamantina, Fazenda Caraíbas","ALCB","4900579339","6270437","ALCB00060744","ALCB","de 5m. Folhas coriáceas,discolores. Frutos verdes. Indivíduo 46.; arbustiva-arbórea","de 5m. Folhas coriáceas,discolores. Frutos verdes. Indivíduo 46.","Herbário Virtual REFLORA Disponível em: http://herbariovirtualreflora.jbrj.gov.br/reflora/herbarioVirtual/ConsultaPublicoHVUC/ConsultaPublicoHVUC.do?idTestemunho=6270437","Psidium ganevii Landrum & Funch","2008-01-01T00:00:00",NA,NA,NA,NA,NA,NA,NA,NA,NA,NA,NA,NA,NA,NA,NA,NA,NA,NA,NA,NA,NA,NA,NA,"http://jbrj-public.s3-sa-east-1.amazonaws.com/fsi/server?type=image&source=DZI/alcb/alcb/0/6/7/44/alcb00060744.dzi"
"4900579344","Psidium ganevii Landrum & Funch",-13.160556,-41.423611,"cdc,cdround,gass84,iddativ,colmafu,inmafu","67f33aea-2c4b-475b-b243-91ca1b9dd29a","838537fc-4aeb-4980-8b58-97fbdcd1d91a","4b0d8edb-7504-42c4-9349-63e86c01bf97","ecb15bdf-98de-4937-84f5-4f93ee9efc73","838537fc-4aeb-4980-8b58-97fbdcd1d91a","BR","EML","2024-07-01T12:06:29.209+00:00","2024-07-01T12:17:44.436+00:00",203,"PRESERVED_SPECIMEN","PRESENT",5420549,6,7707728,220,690,5014,3187232,5420549,5420549,"Psidium ganevii Landrum & Funch","Plantae","Tracheophyta","Myrtales","Myrtaceae","Psidium","Psidium ganevii","Psidium","ganevii","SPECIES","ACCEPTED","NE",NA,NA,"SOUTH_AMERICA","Bahia",2004,12,12,"2004-12-12",347,347,"2024-07-01T12:17:44.436+00:00","http://creativecommons.org/licenses/by/4.0/",FALSE,"6270438","none","none","7b2eaa48-c6f9-48aa-b8d5-97700cc4487c","2b636271-4d24-49bf-9ed8-abbe2829b25e",FALSE,"Stradmann, MTS;Castilho, P","Stadnik, A","WGS84","Magnoliopsida","BR","none","none","LATIN_AMERICA","Brazil","LATIN_AMERICA","ALCB","1107","6270438","12/12/2004","Mucugê","Chapada Diamantina, Fazenda Caraíbas","ALCB","4900579344","6270438","ALCB00060745","ALCB","de 4,5m. Folhas coriáceas, discolores. Flores brancas, frutos imaturos verdes. Indivíduo 47.; arbustiva-arbórea","de 4,5m. Folhas coriáceas, discolores. Flores brancas, frutos imaturos verdes. Indivíduo 47.","Herbário Virtual REFLORA Disponível em: http://herbariovirtualreflora.jbrj.gov.br/reflora/herbarioVirtual/ConsultaPublicoHVUC/ConsultaPublicoHVUC.do?idTestemunho=6270438","Psidium ganevii Landrum & Funch",NA,NA,NA,NA,NA,NA,NA,NA,NA,NA,NA,NA,NA,NA,NA,NA,NA,NA,NA,NA,NA,NA,NA,NA,"http://jbrj-public.s3-sa-east-1.amazonaws.com/fsi/server?type=image&source=DZI/alcb/alcb/0/6/7/45/alcb00060745.dzi"
"2270468907","Psidium ganevii Landrum & Funch",-11.5911,-41.2067,"cdc,gass84,colmafu,inmafu","e05fd4c2-4d77-4c50-880e-1b22096af300","814cdfb5-d4f8-4453-815f-ea5df98e76bf",NA,"ac2ad091-91eb-482d-a73f-061744da5dbf","96710dc8-fecb-440d-ae3e-c34ae8a9616f","US","DWC_ARCHIVE","2024-08-01T19:50:53.747+00:00","2024-08-01T20:02:08.960+00:00",276,"PRESERVED_SPECIMEN","PRESENT",5420549,6,7707728,220,690,5014,3187232,5420549,5420549,"Psidium ganevii Landrum & Funch","Plantae","Tracheophyta","Myrtales","Myrtaceae","Psidium","Psidium ganevii","Psidium","ganevii","SPECIES","ACCEPTED","NE",1217.5,7.5,"SOUTH_AMERICA","Bahia",1999,2,7,"1999-02-07",38,38,"2024-08-01T20:02:08.960+00:00","http://creativecommons.org/licenses/by/4.0/",FALSE,"1111899","none","none","530c45d0-e0f7-401d-b3f6-34f58482c485","0bbd7d8f-706c-4e2a-9505-58b142356450",TRUE,"Miranda, E. B.",NA,"WGS84","Magnoliopsida","BR","none","none","LATIN_AMERICA","Brazil","NORTH_AMERICA",NA,"90","1111899",NA,NA,"Morro do Chapeu, Morrao","Plants","2270468907","dc78ef62-0569-4de5-9cc6-9deeb63979f6","ASU0007299","ASU",NA,"PARATYPE; Arbusto ca. 3 m, folha coriacea, fruto imaturo verde",NA,"Psidium ganevii Landrum & Funch",NA,"2023-07-16T07:02:03.000+00:00",NA,"257220",NA,"https://swbiodiversity.org/seinet/collections/individual/index.php?occid=1111899","dc78ef62-0569-4de5-9cc6-9deeb63979f6","167328","http://creativecommons.org/licenses/by-nc/3.0/","Les","Plantae|Spermatophyta|Tracheophyta|Magnoliophyta|Eudicots|Core Eudicots|Malvids|Rosids|Myrtales|Myrtaceae|Psidium","a2e32c87-d320-4a01-bafd-a9182ae2e191",NA,NA,NA,NA,NA,NA,NA,NA,NA,NA,NA,NA,"https://swbiodiversity.org/imglib/h_seinet/seinet/ASU/ASU_Plants/ASU0007/ASU0007299_lg.jpg"
"2270467240","Psidium ganevii Landrum & Funch",-13.2861,-41.8,"cdc,gass84,colmafu,inmafu","e05fd4c2-4d77-4c50-880e-1b22096af300","814cdfb5-d4f8-4453-815f-ea5df98e76bf",NA,"ac2ad091-91eb-482d-a73f-061744da5dbf","96710dc8-fecb-440d-ae3e-c34ae8a9616f","US","DWC_ARCHIVE","2024-08-01T19:50:53.747+00:00","2024-08-01T20:02:09.001+00:00",276,"PRESERVED_SPECIMEN","PRESENT",5420549,6,7707728,220,690,5014,3187232,5420549,5420549,"Psidium ganevii Landrum & Funch","Plantae","Tracheophyta","Myrtales","Myrtaceae","Psidium","Psidium ganevii","Psidium","ganevii","SPECIES","ACCEPTED","NE",830,NA,"SOUTH_AMERICA","Bahia",1999,2,7,"1999-02-07",38,38,"2024-08-01T20:02:09.001+00:00","http://creativecommons.org/licenses/by/4.0/",FALSE,"1111900","none","none","530c45d0-e0f7-401d-b3f6-34f58482c485","0bbd7d8f-706c-4e2a-9505-58b142356450",FALSE,"Miranda, E. B.; Leite, Correia & da Silva",NA,"WGS84","Magnoliopsida","BR","none","none","LATIN_AMERICA","Brazil","NORTH_AMERICA",NA,"447","1111900",NA,NA,"Abaira, Catoles, encosta da Serra da Tromba","Plants","2270467240","c5aa86d8-4988-426f-8d37-a434b4d8948c","ASU0007300","ASU",NA,"PARATYPE",NA,"Psidium ganevii Landrum & Funch",NA,"2023-07-16T07:02:03.000+00:00",NA,"257221",NA,"https://swbiodiversity.org/seinet/collections/individual/index.php?occid=1111900","c5aa86d8-4988-426f-8d37-a434b4d8948c","167328","http://creativecommons.org/licenses/by-nc/3.0/","Les","Plantae|Spermatophyta|Tracheophyta|Magnoliophyta|Eudicots|Core Eudicots|Malvids|Rosids|Myrtales|Myrtaceae|Psidium","a2e32c87-d320-4a01-bafd-a9182ae2e191","fr",NA,NA,NA,NA,NA,NA,NA,NA,NA,NA,NA,"https://swbiodiversity.org/imglib/h_seinet/seinet/ASU/ASU_Plants/ASU0007/ASU0007300_lg.jpg"
"2270467499","Psidium ganevii Landrum & Funch",-11.5208,-41.2586,"cdc,gass84,colmafu,inmafu","e05fd4c2-4d77-4c50-880e-1b22096af300","814cdfb5-d4f8-4453-815f-ea5df98e76bf",NA,"ac2ad091-91eb-482d-a73f-061744da5dbf","96710dc8-fecb-440d-ae3e-c34ae8a9616f","US","DWC_ARCHIVE","2024-08-01T19:50:53.747+00:00","2024-08-01T20:02:08.987+00:00",276,"PRESERVED_SPECIMEN","PRESENT",5420549,6,7707728,220,690,5014,3187232,5420549,5420549,"Psidium ganevii Landrum & Funch","Plantae","Tracheophyta","Myrtales","Myrtaceae","Psidium","Psidium ganevii","Psidium","ganevii","SPECIES","ACCEPTED","NE",1085,NA,"SOUTH_AMERICA","Bahia",1999,5,2,"1999-05-02",122,122,"2024-08-01T20:02:08.987+00:00","http://creativecommons.org/licenses/by/4.0/",FALSE,"1111901","none","none","530c45d0-e0f7-401d-b3f6-34f58482c485","0bbd7d8f-706c-4e2a-9505-58b142356450",TRUE,"Franca, F.; Melo & da Silva",NA,"WGS84","Magnoliopsida","BR","none","none","LATIN_AMERICA","Brazil","NORTH_AMERICA",NA,"2834","1111901",NA,NA,"Morro do Chapeu, 11 km W de Morro do Chapeu","Plants","2270467499","cbddd1e6-b0b7-4e15-a364-3329f73e3c92","ASU0007301","ASU",NA,"PARATYPE",NA,"Psidium ganevii Landrum & Funch",NA,"2023-07-16T07:02:03.000+00:00",NA,"257228",NA,"https://swbiodiversity.org/seinet/collections/individual/index.php?occid=1111901","cbddd1e6-b0b7-4e15-a364-3329f73e3c92","167328","http://creativecommons.org/licenses/by-nc/3.0/","Les","Plantae|Spermatophyta|Tracheophyta|Magnoliophyta|Eudicots|Core Eudicots|Malvids|Rosids|Myrtales|Myrtaceae|Psidium","a2e32c87-d320-4a01-bafd-a9182ae2e191","fruit","antropizada",NA,NA,NA,NA,NA,NA,NA,NA,NA,NA,"https://swbiodiversity.org/imglib/h_seinet/seinet/ASU/ASU_Plants/ASU0007/ASU0007301_lg.jpg"
"2270468843","Psidium ganevii Landrum & Funch",-11.6292,-40.9906,"cdc,gass84,colmafu,inmafu","e05fd4c2-4d77-4c50-880e-1b22096af300","814cdfb5-d4f8-4453-815f-ea5df98e76bf",NA,"ac2ad091-91eb-482d-a73f-061744da5dbf","96710dc8-fecb-440d-ae3e-c34ae8a9616f","US","DWC_ARCHIVE","2024-08-01T19:50:53.747+00:00","2024-08-01T20:02:08.987+00:00",276,"PRESERVED_SPECIMEN","PRESENT",5420549,6,7707728,220,690,5014,3187232,5420549,5420549,"Psidium ganevii Landrum & Funch","Plantae","Tracheophyta","Myrtales","Myrtaceae","Psidium","Psidium ganevii","Psidium","ganevii","SPECIES","ACCEPTED","NE",860,20,"SOUTH_AMERICA","Bahia",1999,5,2,"1999-05-02",122,122,"2024-08-01T20:02:08.987+00:00","http://creativecommons.org/licenses/by/4.0/",FALSE,"1111902","none","none","530c45d0-e0f7-401d-b3f6-34f58482c485","0bbd7d8f-706c-4e2a-9505-58b142356450",FALSE,"Franca, F.; Melo & da Silva",NA,"WGS84","Magnoliopsida","BR","none","none","LATIN_AMERICA","Brazil","NORTH_AMERICA",NA,"2767","1111902",NA,NA,"Morro do Chapeu, Cachoeira do Rio Ferro Doldo, trilha que lig a estrada do feijao ao vale","Plants","2270468843","831785d3-40fe-4f16-aea8-5ba51a624450","ASU0007302","ASU",NA,"PARATYPE",NA,"Psidium ganevii Landrum & Funch",NA,"2023-07-16T07:02:03.000+00:00",NA,"257222",NA,"https://swbiodiversity.org/seinet/collections/individual/index.php?occid=1111902","831785d3-40fe-4f16-aea8-5ba51a624450","167328","http://creativecommons.org/licenses/by-nc/3.0/","Les","Plantae|Spermatophyta|Tracheophyta|Magnoliophyta|Eudicots|Core Eudicots|Malvids|Rosids|Myrtales|Myrtaceae|Psidium","a2e32c87-d320-4a01-bafd-a9182ae2e191","fruit","antropizada",NA,NA,NA,NA,NA,NA,NA,NA,NA,NA,"https://swbiodiversity.org/imglib/h_seinet/seinet/ASU/ASU_Plants/ASU0007/ASU0007302_lg.jpg"
"2270568170","Psidium ganevii Landrum & Funch",-12.4167,-41.8,"cdc,gass84,colmafu,inmafu","e05fd4c2-4d77-4c50-880e-1b22096af300","814cdfb5-d4f8-4453-815f-ea5df98e76bf",NA,"ac2ad091-91eb-482d-a73f-061744da5dbf","96710dc8-fecb-440d-ae3e-c34ae8a9616f","US","DWC_ARCHIVE","2024-08-01T19:50:53.747+00:00","2024-08-01T20:02:16.825+00:00",276,"PRESERVED_SPECIMEN","PRESENT",5420549,6,7707728,220,690,5014,3187232,5420549,5420549,"Psidium ganevii Landrum & Funch","Plantae","Tracheophyta","Myrtales","Myrtaceae","Psidium","Psidium ganevii","Psidium","ganevii","SPECIES","ACCEPTED","NE",935,NA,"SOUTH_AMERICA","Bahia",1996,8,6,"1996-08-06",219,219,"2024-08-01T20:02:16.825+00:00","http://creativecommons.org/licenses/by/4.0/",FALSE,"3368505","none","none","530c45d0-e0f7-401d-b3f6-34f58482c485","0bbd7d8f-706c-4e2a-9505-58b142356450",FALSE,"Araujo",NA,"WGS84","Magnoliopsida","BR","none","none","LATIN_AMERICA","Brazil","NORTH_AMERICA",NA,"1266","3368505",NA,NA,"Chapada Diamantina. Munic Seabra. BR- 142, 4km de Seabra (estrada Seabra-Barreira)","Plants","2270568170","607dd27d-b7b5-474c-8282-ba81ae5b7935","ASU0074798","ASU",NA,"paratype from SP; lost in mail; Arbusto ca. 2,5m; frutos.",NA,"Psidium ganevii Landrum & Funch",NA,"2023-07-16T07:02:03.000+00:00",NA,"287574",NA,"https://swbiodiversity.org/seinet/collections/individual/index.php?occid=3368505","607dd27d-b7b5-474c-8282-ba81ae5b7935","167328","http://creativecommons.org/licenses/by-nc/3.0/","marisin","Plantae|Spermatophyta|Tracheophyta|Magnoliophyta|Eudicots|Core Eudicots|Malvids|Rosids|Myrtales|Myrtaceae|Psidium","a2e32c87-d320-4a01-bafd-a9182ae2e191","Ft","Solo arenoso.",NA,NA,NA,NA,NA,NA,NA,NA,NA,NA,"https://swbiodiversity.org/imglib/h_seinet/seinet/ASU/201305/IMG_7950m_lg.jpg"
"2270469163","Psidium ganevii Landrum & Funch",-13.2667,-41.8167,"cdc,gass84,colmafu,inmafu","e05fd4c2-4d77-4c50-880e-1b22096af300","814cdfb5-d4f8-4453-815f-ea5df98e76bf",NA,"ac2ad091-91eb-482d-a73f-061744da5dbf","96710dc8-fecb-440d-ae3e-c34ae8a9616f","US","DWC_ARCHIVE","2024-08-01T19:50:53.747+00:00","2024-08-01T20:02:08.864+00:00",276,"PRESERVED_SPECIMEN","PRESENT",5420549,6,7707728,220,690,5014,3187232,5420549,5420549,"Psidium ganevii Landrum & Funch","Plantae","Tracheophyta","Myrtales","Myrtaceae","Psidium","Psidium ganevii","Psidium","ganevii","SPECIES","ACCEPTED","NE",940,NA,"SOUTH_AMERICA","Bahia",1992,2,25,"1992-02-25",56,56,"2024-08-01T20:02:08.864+00:00","http://creativecommons.org/licenses/by/4.0/",FALSE,"1111706","none","none","530c45d0-e0f7-401d-b3f6-34f58482c485","0bbd7d8f-706c-4e2a-9505-58b142356450",TRUE,"B. Stannard; W. Ganev, R. F. Queiroz","L.R. Landrum, 2007","WGS84","Magnoliopsida","BR","none","none","LATIN_AMERICA","Brazil","NORTH_AMERICA",NA,"H-51603","1111706",NA,NA,"Mendonça de Daniel Abreu.","Plants","2270469163","c743598a-2a90-4c31-9412-404c8d50c284","ASU0007305","ASU",NA,"Arbusto c. 3.0m alt. Frutos verde-escuros. Carrasco.",NA,"Psidium ganevii Landrum & Funch",NA,"2023-07-16T07:02:03.000+00:00",NA,"260317",NA,"https://swbiodiversity.org/seinet/collections/individual/index.php?occid=1111706","c743598a-2a90-4c31-9412-404c8d50c284","167328","http://creativecommons.org/licenses/by-nc/3.0/","Carlos","Plantae|Spermatophyta|Tracheophyta|Magnoliophyta|Eudicots|Core Eudicots|Malvids|Rosids|Myrtales|Myrtaceae|Psidium","a2e32c87-d320-4a01-bafd-a9182ae2e191","fr",NA,"Abaíra",NA,NA,NA,NA,NA,NA,NA,NA,NA,"https://swbiodiversity.org/imglib/h_seinet/seinet/ASU/ASU0007/ASU0007305_lg.jpg"
"1424166208","Psidium ganevii Landrum & Funch",-13.26666,-41.81666,"cdc,gass84,colmafu,inmafu","4300f8d5-1ae5-49e5-a101-63894b005868","838537fc-4aeb-4980-8b58-97fbdcd1d91a","4b0d8edb-7504-42c4-9349-63e86c01bf97","da7fe11a-b42c-46cb-9e9d-02243edb738a","838537fc-4aeb-4980-8b58-97fbdcd1d91a","BR","EML","2024-08-01T12:04:19.955+00:00","2024-08-01T12:21:36.880+00:00",520,"PRESERVED_SPECIMEN","PRESENT",5420549,6,7707728,220,690,5014,3187232,5420549,5420549,"Psidium ganevii Landrum & Funch","Plantae","Tracheophyta","Myrtales","Myrtaceae","Psidium","Psidium ganevii","Psidium","ganevii","SPECIES","ACCEPTED","NE",940,NA,"SOUTH_AMERICA","Bahia",1992,2,25,"1992-02-25",56,56,"2024-08-01T12:21:36.880+00:00","http://creativecommons.org/licenses/by/4.0/",FALSE,"urn:catalog:JBRJ:RB:433006","none","none","48b29504-e1ac-432c-a0d6-f09f46023207","e89ac5d6-77af-4d2a-adef-f54d512af4fa",TRUE,"B. Stannard; W. Ganev & R.F. Queiroz","TULER, A.C.","WGS84","Magnoliopsida","BR","none","none","LATIN_AMERICA","Brazil","LATIN_AMERICA","Rio de Janeiro Botanical Garden","51603","urn:catalog:JBRJ:RB:433006",NA,"Abaíra","Mendonça de Daniel Abreu.","RB","1424166208","urn:catalog:JBRJ:RB:433006","RB00433006","JBRJ","Carrasco.","Arbusto cerca de 3.0 metros de altura. Frutos verde escuros.",NA,"Psidium ganevii Landrum & Funch","2015-09-28T00:00:00","2021-03-17T23:15:53.000+00:00","RB - Rio de Janeiro Botanical Garden Herbarium Collection","RB 435729","04.936.616/0001-20",NA,NA,NA,NA,NA,NA,NA,NA,NA,NA,"inferred coordinates",NA,NA,NA,NA,NA,NA,NA,NA,"http://jbrj-public-img.s3-sa-east-1.amazonaws.com/JPG/rb/0/43/30/6/00433006.jpg"
"2270557985","Psidium ganevii Landrum & Funch",-13.3,-41.816667,"cdc,gass84,colmafu,inmafu","e05fd4c2-4d77-4c50-880e-1b22096af300","814cdfb5-d4f8-4453-815f-ea5df98e76bf",NA,"ac2ad091-91eb-482d-a73f-061744da5dbf","96710dc8-fecb-440d-ae3e-c34ae8a9616f","US","DWC_ARCHIVE","2024-08-01T19:50:53.747+00:00","2024-08-01T20:02:15.819+00:00",276,"PRESERVED_SPECIMEN","PRESENT",5420549,6,7707728,220,690,5014,3187232,5420549,5420549,"Psidium ganevii Landrum & Funch","Plantae","Tracheophyta","Myrtales","Myrtaceae","Psidium","Psidium ganevii","Psidium","ganevii","SPECIES","ACCEPTED","NE",950,NA,"SOUTH_AMERICA","Bahia",1992,11,20,"1992-11-20",325,325,"2024-08-01T20:02:15.819+00:00","http://creativecommons.org/licenses/by/4.0/",FALSE,"3072571","none","none","530c45d0-e0f7-401d-b3f6-34f58482c485","0bbd7d8f-706c-4e2a-9505-58b142356450",TRUE,"Wilson Ganev",NA,"WGS84","Magnoliopsida","BR","none","none","LATIN_AMERICA","Brazil","NORTH_AMERICA",NA,"1518","3072571",NA,NA,"Engenho de Baixo-Catoles, proximo ao Rio do Ribeirao","Plants","2270557985","81a45ac4-5c84-4609-a3d2-b72a8897e9d1",NA,"ASU",NA,"Photo specimen of holotype at HUEFS",NA,"Psidium ganevii Landrum & Funch",NA,"2023-07-16T07:02:03.000+00:00",NA,"264194",NA,"https://swbiodiversity.org/seinet/collections/individual/index.php?occid=3072571","81a45ac4-5c84-4609-a3d2-b72a8897e9d1","167328","http://creativecommons.org/licenses/by-nc/3.0/","Landrum","Plantae|Spermatophyta|Tracheophyta|Magnoliophyta|Eudicots|Core Eudicots|Malvids|Rosids|Myrtales|Myrtaceae|Psidium","a2e32c87-d320-4a01-bafd-a9182ae2e191",NA,"carrasco com solo arenoso",NA,NA,NA,NA,NA,NA,NA,NA,NA,NA,"https://swbiodiversity.org/imglib/seinet/swnode/ASU_Plants/202209/Psidium_ganevii-holotype_2017-_1662309032_lg.jpg"
